slug,niche_id,niche_name,niche_audience_phrase,target_audience,tool_a_id,tool_a_name,tool_a_logo_url,tool_a_rating,tool_a_starting_price,tool_a_pricing_model,tool_a_free_trial,tool_a_affiliate_url,tool_a_key_features,tool_a_pros,tool_a_cons,tool_b_id,tool_b_name,tool_b_logo_url,tool_b_rating,tool_b_starting_price,tool_b_pricing_model,tool_b_free_trial,tool_b_affiliate_url,tool_b_key_features,tool_b_pros,tool_b_cons,winner_id,winner_category,winner_label,winner_bullets,winner_reason,verdict_summary,feature_matrix_json,meta_title,meta_description
deel-vs-rippling-for-tech-startups,tech-startups,Tech Startups,Tech Startups teams,Seed to Series B fast-growing technology companies hiring remote engineers worldwide.,deel,Deel,/deel.png,4.8,$49/mo,Per contractor / month ($599/mo for EOR),false,https://www.deel.com,150+ Country EOR|Contractor Auto-Pay|Equipment Shipping|Background Checks,Fast 24-hr onboarding|Comprehensive localized tax compliance|Flexible payout options,EOR pricing can be steep for small teams|Admin UI has a learning curve,rippling,Rippling,https://unavatar.io/rippling.com,4.7,$35/mo,Base fee + $8 per user / month,false,https://www.rippling.com,Unified HR & IT|US & Global Payroll|Device Management|App Provisioning,Automates IT device setup alongside HR|Powerful custom workflow engine|Native US payroll integration,Base platform fee required|EOR feature set is secondary to HRIS,deel,Global EOR,The HR Stack Guide's Winner for Global EOR: Deel,"150+ country EOR network with dedicated in-market legal entities, versus a narrower international EOR footprint|24-hour EOR onboarding backed by in-house compliance and legal teams in each market|Equipment shipping and background checks are bundled directly into the EOR workflow for faster international hires","Based on The HR Stack Guide's 2026 evaluation, Deel is the stronger fit for global eor for Tech Startups evaluating international remote team operations: 150+ country EOR network with dedicated in-market legal entities, versus a narrower international EOR footprint; 24-hour EOR onboarding backed by in-house compliance and legal teams in each market; and Equipment shipping and background checks are bundled directly into the EOR workflow for faster international hires. Both platforms carry solid overall ratings (4.8/5 for Deel vs. 4.7/5 for Rippling), but Rippling is built primarily as a general-purpose domestic HRIS, so Deel pulls ahead specifically on global eor for globally distributed teams.","The HR Stack Guide research team evaluated 2026 feature sets and pricing models for Deel and Rippling for Seed to Series B fast-growing technology companies hiring remote engineers worldwide. Based on that analysis, Deel is the recommended choice for global eor. Deel starts at $49/mo while Rippling starts at $35/mo.","{""Native Legal Entities"": {""a"": true, ""b"": false}, ""Contractor Auto-Pay"": {""a"": true, ""b"": true}, ""IT Device Shipping"": {""a"": true, ""b"": true}, ""Localized Health Benefits"": {""a"": true, ""b"": true}, ""Equity & Stock Admin"": {""a"": true, ""b"": true}, ""Zero FX Rate Markup"": {""a"": false, ""b"": false}, ""Global Tax Filings"": {""a"": true, ""b"": true}, ""Background Checks"": {""a"": true, ""b"": true}, ""Native US Payroll"": {""a"": true, ""b"": true}, ""Free Trial Available"": {""a"": false, ""b"": false}}",Deel vs Rippling for Tech Startups (2026 Comparison),Detailed comparison of Deel vs Rippling for Tech Startups.
deel-vs-remote-for-tech-startups,tech-startups,Tech Startups,Tech Startups teams,Seed to Series B fast-growing technology companies hiring remote engineers worldwide.,deel,Deel,/deel.png,4.8,$49/mo,Per contractor / month ($599/mo for EOR),false,https://www.deel.com,150+ Country EOR|Contractor Auto-Pay|Equipment Shipping|Background Checks,Fast 24-hr onboarding|Comprehensive localized tax compliance|Flexible payout options,EOR pricing can be steep for small teams|Admin UI has a learning curve,remote,Remote,https://unavatar.io/remote.com,4.6,$29/mo,Per contractor / month ($599/mo for EOR),true,https://remote.com,100% Native Entities|IP Protection|Global Benefits|Remote Relocation,Owns all local legal entities directly|Strong IP guardrails for tech startups|No hidden markup fees,Slower entity expansion than Deel|Limited IT management tooling,deel,Overall Fit,The HR Stack Guide's Overall Winner: Deel,,"Based on The HR Stack Guide's 2026 evaluation, Deel edges out the competition for Tech Startups due to its superior score (4.8/5), flexible operational setup, and strong support for IP ownership, fast onboarding, and equity option distribution.","The HR Stack Guide research team evaluated 2026 feature sets and pricing models for Deel and Remote for Seed to Series B fast-growing technology companies hiring remote engineers worldwide. Based on that analysis, Deel is the recommended choice. Deel starts at $49/mo while Remote starts at $29/mo.","{""Native Legal Entities"": {""a"": true, ""b"": true}, ""Contractor Auto-Pay"": {""a"": true, ""b"": true}, ""IT Device Shipping"": {""a"": true, ""b"": false}, ""Localized Health Benefits"": {""a"": true, ""b"": true}, ""Equity & Stock Admin"": {""a"": true, ""b"": true}, ""Zero FX Rate Markup"": {""a"": false, ""b"": true}, ""Global Tax Filings"": {""a"": true, ""b"": true}, ""Background Checks"": {""a"": true, ""b"": true}, ""Native US Payroll"": {""a"": true, ""b"": false}, ""Free Trial Available"": {""a"": false, ""b"": true}}",Deel vs Remote for Tech Startups (2026 Comparison),Detailed comparison of Deel vs Remote for Tech Startups.
deel-vs-oyster-for-tech-startups,tech-startups,Tech Startups,Tech Startups teams,Seed to Series B fast-growing technology companies hiring remote engineers worldwide.,deel,Deel,/deel.png,4.8,$49/mo,Per contractor / month ($599/mo for EOR),false,https://www.deel.com,150+ Country EOR|Contractor Auto-Pay|Equipment Shipping|Background Checks,Fast 24-hr onboarding|Comprehensive localized tax compliance|Flexible payout options,EOR pricing can be steep for small teams|Admin UI has a learning curve,oyster,Oyster HR,/Oyster.png,4.5,$29/mo,Per contractor / month ($499/mo for EOR),true,https://www.oysterhr.com,180+ Country Reach|Oyster Academy|Global Employment Cost Calculator|Equity Admin,Extremely intuitive UI|Great tools for early-stage founder estimation|B-Corp social mission,Relies on third-party local partners in select markets|Slightly higher EOR base rate,deel,Overall Fit,The HR Stack Guide's Overall Winner: Deel,,"Based on The HR Stack Guide's 2026 evaluation, Deel edges out the competition for Tech Startups due to its superior score (4.8/5), flexible operational setup, and strong support for IP ownership, fast onboarding, and equity option distribution.","The HR Stack Guide research team evaluated 2026 feature sets and pricing models for Deel and Oyster HR for Seed to Series B fast-growing technology companies hiring remote engineers worldwide. Based on that analysis, Deel is the recommended choice. Deel starts at $49/mo while Oyster HR starts at $29/mo.","{""Native Legal Entities"": {""a"": true, ""b"": false}, ""Contractor Auto-Pay"": {""a"": true, ""b"": true}, ""IT Device Shipping"": {""a"": true, ""b"": false}, ""Localized Health Benefits"": {""a"": true, ""b"": true}, ""Equity & Stock Admin"": {""a"": true, ""b"": true}, ""Zero FX Rate Markup"": {""a"": false, ""b"": false}, ""Global Tax Filings"": {""a"": true, ""b"": true}, ""Background Checks"": {""a"": true, ""b"": true}, ""Native US Payroll"": {""a"": true, ""b"": false}, ""Free Trial Available"": {""a"": false, ""b"": true}}",Deel vs Oyster HR for Tech Startups (2026 Comparison),Detailed comparison of Deel vs Oyster HR for Tech Startups.
deel-vs-gusto-for-tech-startups,tech-startups,Tech Startups,Tech Startups teams,Seed to Series B fast-growing technology companies hiring remote engineers worldwide.,deel,Deel,/deel.png,4.8,$49/mo,Per contractor / month ($599/mo for EOR),false,https://www.deel.com,150+ Country EOR|Contractor Auto-Pay|Equipment Shipping|Background Checks,Fast 24-hr onboarding|Comprehensive localized tax compliance|Flexible payout options,EOR pricing can be steep for small teams|Admin UI has a learning curve,gusto,Gusto,/Gusto.png,4.7,$40/mo,Base fee + $6 per user / month,true,https://www.gusto.com,US Native Payroll|Benefits Administration|International Contractor Pay|Time Tracking,Best-in-class user experience for US teams|Automated state tax filings|Affordable pricing,Not a full global EOR (contractor pay only internationally)|US-centric only,deel,Overall Fit,The HR Stack Guide's Overall Winner: Deel,,"Based on The HR Stack Guide's 2026 evaluation, Deel edges out the competition for Tech Startups due to its superior score (4.8/5), flexible operational setup, and strong support for IP ownership, fast onboarding, and equity option distribution.","The HR Stack Guide research team evaluated 2026 feature sets and pricing models for Deel and Gusto for Seed to Series B fast-growing technology companies hiring remote engineers worldwide. Based on that analysis, Deel is the recommended choice. Deel starts at $49/mo while Gusto starts at $40/mo.","{""Native Legal Entities"": {""a"": true, ""b"": false}, ""Contractor Auto-Pay"": {""a"": true, ""b"": true}, ""IT Device Shipping"": {""a"": true, ""b"": false}, ""Localized Health Benefits"": {""a"": true, ""b"": false}, ""Equity & Stock Admin"": {""a"": true, ""b"": false}, ""Zero FX Rate Markup"": {""a"": false, ""b"": false}, ""Global Tax Filings"": {""a"": true, ""b"": true}, ""Background Checks"": {""a"": true, ""b"": false}, ""Native US Payroll"": {""a"": true, ""b"": true}, ""Free Trial Available"": {""a"": false, ""b"": true}}",Deel vs Gusto for Tech Startups (2026 Comparison),Detailed comparison of Deel vs Gusto for Tech Startups.
deel-vs-papaya-for-tech-startups,tech-startups,Tech Startups,Tech Startups teams,Seed to Series B fast-growing technology companies hiring remote engineers worldwide.,deel,Deel,/deel.png,4.8,$49/mo,Per contractor / month ($599/mo for EOR),false,https://www.deel.com,150+ Country EOR|Contractor Auto-Pay|Equipment Shipping|Background Checks,Fast 24-hr onboarding|Comprehensive localized tax compliance|Flexible payout options,EOR pricing can be steep for small teams|Admin UI has a learning curve,papaya,Papaya Global,https://unavatar.io/papayaglobal.com,4.4,$25/mo,Per contractor / month ($650/mo for EOR),false,https://papayaglobal.com,Enterprise Payroll|Workforce Intelligence|Embedded Payments|160+ Countries,Built for complex enterprise security and ERPs|Consolidated global payroll analytics|Bank-grade security,High minimum spend limits|Overkill for early-stage startups,deel,Overall Fit,The HR Stack Guide's Overall Winner: Deel,,"Based on The HR Stack Guide's 2026 evaluation, Deel edges out the competition for Tech Startups due to its superior score (4.8/5), flexible operational setup, and strong support for IP ownership, fast onboarding, and equity option distribution.","The HR Stack Guide research team evaluated 2026 feature sets and pricing models for Deel and Papaya Global for Seed to Series B fast-growing technology companies hiring remote engineers worldwide. Based on that analysis, Deel is the recommended choice. Deel starts at $49/mo while Papaya Global starts at $25/mo.","{""Native Legal Entities"": {""a"": true, ""b"": false}, ""Contractor Auto-Pay"": {""a"": true, ""b"": true}, ""IT Device Shipping"": {""a"": true, ""b"": false}, ""Localized Health Benefits"": {""a"": true, ""b"": true}, ""Equity & Stock Admin"": {""a"": true, ""b"": false}, ""Zero FX Rate Markup"": {""a"": false, ""b"": true}, ""Global Tax Filings"": {""a"": true, ""b"": true}, ""Background Checks"": {""a"": true, ""b"": true}, ""Native US Payroll"": {""a"": true, ""b"": true}, ""Free Trial Available"": {""a"": false, ""b"": false}}",Deel vs Papaya Global for Tech Startups (2026 Comparison),Detailed comparison of Deel vs Papaya Global for Tech Startups.
deel-vs-multiplier-for-tech-startups,tech-startups,Tech Startups,Tech Startups teams,Seed to Series B fast-growing technology companies hiring remote engineers worldwide.,deel,Deel,/deel.png,4.8,$49/mo,Per contractor / month ($599/mo for EOR),false,https://www.deel.com,150+ Country EOR|Contractor Auto-Pay|Equipment Shipping|Background Checks,Fast 24-hr onboarding|Comprehensive localized tax compliance|Flexible payout options,EOR pricing can be steep for small teams|Admin UI has a learning curve,multiplier,Multiplier,https://unavatar.io/usemultiplier.com,4.6,$40/mo,Per contractor / month ($400/mo for EOR),false,https://www.usemultiplier.com,Self-Serve EOR|Instant Employment Contracts|Global Insurance|Multi-Currency Payouts,Competitive baseline EOR pricing ($400/mo)|Instant contract generation|Strong Asian market presence,Smaller user community|Fewer third-party software integrations,deel,Overall Fit,The HR Stack Guide's Overall Winner: Deel,,"Based on The HR Stack Guide's 2026 evaluation, Deel edges out the competition for Tech Startups due to its superior score (4.8/5), flexible operational setup, and strong support for IP ownership, fast onboarding, and equity option distribution.","The HR Stack Guide research team evaluated 2026 feature sets and pricing models for Deel and Multiplier for Seed to Series B fast-growing technology companies hiring remote engineers worldwide. Based on that analysis, Deel is the recommended choice. Deel starts at $49/mo while Multiplier starts at $40/mo.","{""Native Legal Entities"": {""a"": true, ""b"": true}, ""Contractor Auto-Pay"": {""a"": true, ""b"": true}, ""IT Device Shipping"": {""a"": true, ""b"": false}, ""Localized Health Benefits"": {""a"": true, ""b"": true}, ""Equity & Stock Admin"": {""a"": true, ""b"": false}, ""Zero FX Rate Markup"": {""a"": false, ""b"": false}, ""Global Tax Filings"": {""a"": true, ""b"": true}, ""Background Checks"": {""a"": true, ""b"": false}, ""Native US Payroll"": {""a"": true, ""b"": false}, ""Free Trial Available"": {""a"": false, ""b"": false}}",Deel vs Multiplier for Tech Startups (2026 Comparison),Detailed comparison of Deel vs Multiplier for Tech Startups.
deel-vs-plane-for-tech-startups,tech-startups,Tech Startups,Tech Startups teams,Seed to Series B fast-growing technology companies hiring remote engineers worldwide.,deel,Deel,/deel.png,4.8,$49/mo,Per contractor / month ($599/mo for EOR),false,https://www.deel.com,150+ Country EOR|Contractor Auto-Pay|Equipment Shipping|Background Checks,Fast 24-hr onboarding|Comprehensive localized tax compliance|Flexible payout options,EOR pricing can be steep for small teams|Admin UI has a learning curve,plane,Plane,https://unavatar.io/plane.com,4.5,$20/mo,Flat $29/mo per contractor ($299/mo for EOR),true,https://plane.com,Zero FX Markup|Stock Option Grants|Flat-Fee Pricing|Direct Crypto/Fiat Pay,No exchange rate markup fees|Lowest EOR rate in the market ($299/mo)|Transparent pricing,Fewer automated localized HR add-ons|Smaller legal footprint,deel,Overall Fit,The HR Stack Guide's Overall Winner: Deel,,"Based on The HR Stack Guide's 2026 evaluation, Deel edges out the competition for Tech Startups due to its superior score (4.8/5), flexible operational setup, and strong support for IP ownership, fast onboarding, and equity option distribution.","The HR Stack Guide research team evaluated 2026 feature sets and pricing models for Deel and Plane for Seed to Series B fast-growing technology companies hiring remote engineers worldwide. Based on that analysis, Deel is the recommended choice. Deel starts at $49/mo while Plane starts at $20/mo.","{""Native Legal Entities"": {""a"": true, ""b"": true}, ""Contractor Auto-Pay"": {""a"": true, ""b"": true}, ""IT Device Shipping"": {""a"": true, ""b"": false}, ""Localized Health Benefits"": {""a"": true, ""b"": false}, ""Equity & Stock Admin"": {""a"": true, ""b"": true}, ""Zero FX Rate Markup"": {""a"": false, ""b"": true}, ""Global Tax Filings"": {""a"": true, ""b"": false}, ""Background Checks"": {""a"": true, ""b"": false}, ""Native US Payroll"": {""a"": true, ""b"": false}, ""Free Trial Available"": {""a"": false, ""b"": true}}",Deel vs Plane for Tech Startups (2026 Comparison),Detailed comparison of Deel vs Plane for Tech Startups.
rippling-vs-remote-for-tech-startups,tech-startups,Tech Startups,Tech Startups teams,Seed to Series B fast-growing technology companies hiring remote engineers worldwide.,rippling,Rippling,https://unavatar.io/rippling.com,4.7,$35/mo,Base fee + $8 per user / month,false,https://www.rippling.com,Unified HR & IT|US & Global Payroll|Device Management|App Provisioning,Automates IT device setup alongside HR|Powerful custom workflow engine|Native US payroll integration,Base platform fee required|EOR feature set is secondary to HRIS,remote,Remote,https://unavatar.io/remote.com,4.6,$29/mo,Per contractor / month ($599/mo for EOR),true,https://remote.com,100% Native Entities|IP Protection|Global Benefits|Remote Relocation,Owns all local legal entities directly|Strong IP guardrails for tech startups|No hidden markup fees,Slower entity expansion than Deel|Limited IT management tooling,remote,Global EOR,The HR Stack Guide's Winner for Global EOR: Remote,"Owns 100% of its local legal entities directly rather than relying on secondary EOR partners|Zero FX markup on cross-border payouts keeps international payroll costs predictable|Built-in IP and invention-assignment protections purpose-built for distributed, IP-sensitive teams","Based on The HR Stack Guide's 2026 evaluation, Remote is the stronger fit for global eor for Tech Startups evaluating international remote team operations: Owns 100% of its local legal entities directly rather than relying on secondary EOR partners; Zero FX markup on cross-border payouts keeps international payroll costs predictable; and Built-in IP and invention-assignment protections purpose-built for distributed, IP-sensitive teams. Both platforms carry solid overall ratings (4.6/5 for Remote vs. 4.7/5 for Rippling), but Rippling is built primarily as a general-purpose domestic HRIS, so Remote pulls ahead specifically on global eor for globally distributed teams.","The HR Stack Guide research team evaluated 2026 feature sets and pricing models for Rippling and Remote for Seed to Series B fast-growing technology companies hiring remote engineers worldwide. Based on that analysis, Remote is the recommended choice for global eor. Rippling starts at $35/mo while Remote starts at $29/mo.","{""Native Legal Entities"": {""a"": false, ""b"": true}, ""Contractor Auto-Pay"": {""a"": true, ""b"": true}, ""IT Device Shipping"": {""a"": true, ""b"": false}, ""Localized Health Benefits"": {""a"": true, ""b"": true}, ""Equity & Stock Admin"": {""a"": true, ""b"": true}, ""Zero FX Rate Markup"": {""a"": false, ""b"": true}, ""Global Tax Filings"": {""a"": true, ""b"": true}, ""Background Checks"": {""a"": true, ""b"": true}, ""Native US Payroll"": {""a"": true, ""b"": false}, ""Free Trial Available"": {""a"": false, ""b"": true}}",Rippling vs Remote for Tech Startups (2026 Comparison),Detailed comparison of Rippling vs Remote for Tech Startups.
rippling-vs-oyster-for-tech-startups,tech-startups,Tech Startups,Tech Startups teams,Seed to Series B fast-growing technology companies hiring remote engineers worldwide.,rippling,Rippling,https://unavatar.io/rippling.com,4.7,$35/mo,Base fee + $8 per user / month,false,https://www.rippling.com,Unified HR & IT|US & Global Payroll|Device Management|App Provisioning,Automates IT device setup alongside HR|Powerful custom workflow engine|Native US payroll integration,Base platform fee required|EOR feature set is secondary to HRIS,oyster,Oyster HR,/Oyster.png,4.5,$29/mo,Per contractor / month ($499/mo for EOR),true,https://www.oysterhr.com,180+ Country Reach|Oyster Academy|Global Employment Cost Calculator|Equity Admin,Extremely intuitive UI|Great tools for early-stage founder estimation|B-Corp social mission,Relies on third-party local partners in select markets|Slightly higher EOR base rate,oyster,International Contractor Management,The HR Stack Guide's Winner for International Contractor Management: Oyster HR,"180+ country contractor and EOR reach with a dedicated Global Employment Cost Calculator for upfront budgeting|Contractor-first onboarding flows purpose-built for hiring across borders, rather than adapted from a domestic-first HRIS|Oyster Academy resources help first-time international hiring teams navigate compliance without dedicated in-house legal support","Based on The HR Stack Guide's 2026 evaluation, Oyster HR is the stronger fit for international contractor management for Tech Startups evaluating international remote team operations: 180+ country contractor and EOR reach with a dedicated Global Employment Cost Calculator for upfront budgeting; Contractor-first onboarding flows purpose-built for hiring across borders, rather than adapted from a domestic-first HRIS; and Oyster Academy resources help first-time international hiring teams navigate compliance without dedicated in-house legal support. Both platforms carry solid overall ratings (4.5/5 for Oyster HR vs. 4.7/5 for Rippling), but Rippling is built primarily as a general-purpose domestic HRIS, so Oyster HR pulls ahead specifically on international contractor management for globally distributed teams.","The HR Stack Guide research team evaluated 2026 feature sets and pricing models for Rippling and Oyster HR for Seed to Series B fast-growing technology companies hiring remote engineers worldwide. Based on that analysis, Oyster HR is the recommended choice for international contractor management. Rippling starts at $35/mo while Oyster HR starts at $29/mo.","{""Native Legal Entities"": {""a"": false, ""b"": false}, ""Contractor Auto-Pay"": {""a"": true, ""b"": true}, ""IT Device Shipping"": {""a"": true, ""b"": false}, ""Localized Health Benefits"": {""a"": true, ""b"": true}, ""Equity & Stock Admin"": {""a"": true, ""b"": true}, ""Zero FX Rate Markup"": {""a"": false, ""b"": false}, ""Global Tax Filings"": {""a"": true, ""b"": true}, ""Background Checks"": {""a"": true, ""b"": true}, ""Native US Payroll"": {""a"": true, ""b"": false}, ""Free Trial Available"": {""a"": false, ""b"": true}}",Rippling vs Oyster HR for Tech Startups (2026 Comparison),Detailed comparison of Rippling vs Oyster HR for Tech Startups.
rippling-vs-gusto-for-tech-startups,tech-startups,Tech Startups,Tech Startups teams,Seed to Series B fast-growing technology companies hiring remote engineers worldwide.,rippling,Rippling,https://unavatar.io/rippling.com,4.7,$35/mo,Base fee + $8 per user / month,false,https://www.rippling.com,Unified HR & IT|US & Global Payroll|Device Management|App Provisioning,Automates IT device setup alongside HR|Powerful custom workflow engine|Native US payroll integration,Base platform fee required|EOR feature set is secondary to HRIS,gusto,Gusto,/Gusto.png,4.7,$40/mo,Base fee + $6 per user / month,true,https://www.gusto.com,US Native Payroll|Benefits Administration|International Contractor Pay|Time Tracking,Best-in-class user experience for US teams|Automated state tax filings|Affordable pricing,Not a full global EOR (contractor pay only internationally)|US-centric only,gusto,Domestic SMB Simplicity,The HR Stack Guide's Winner for Domestic SMB Simplicity: Gusto,"Best-in-class US payroll experience purpose-built for small teams, without added IT device-management overhead|Automated state-by-state tax filings come standard, reducing the compliance workload for lean SMB teams|Simple, transparent per-employee pricing starting lower than a base-fee-plus-per-user model","Based on The HR Stack Guide's 2026 evaluation, Gusto is the stronger fit for domestic smb simplicity for Tech Startups evaluating international remote team operations: Best-in-class US payroll experience purpose-built for small teams, without added IT device-management overhead; Automated state-by-state tax filings come standard, reducing the compliance workload for lean SMB teams; and Simple, transparent per-employee pricing starting lower than a base-fee-plus-per-user model. Both platforms carry solid overall ratings (4.7/5 for Gusto vs. 4.7/5 for Rippling), but Rippling is built primarily as a general-purpose domestic HRIS, so Gusto pulls ahead specifically on domestic smb simplicity for globally distributed teams.","The HR Stack Guide research team evaluated 2026 feature sets and pricing models for Rippling and Gusto for Seed to Series B fast-growing technology companies hiring remote engineers worldwide. Based on that analysis, Gusto is the recommended choice for domestic smb simplicity. Rippling starts at $35/mo while Gusto starts at $40/mo.","{""Native Legal Entities"": {""a"": false, ""b"": false}, ""Contractor Auto-Pay"": {""a"": true, ""b"": true}, ""IT Device Shipping"": {""a"": true, ""b"": false}, ""Localized Health Benefits"": {""a"": true, ""b"": false}, ""Equity & Stock Admin"": {""a"": true, ""b"": false}, ""Zero FX Rate Markup"": {""a"": false, ""b"": false}, ""Global Tax Filings"": {""a"": true, ""b"": true}, ""Background Checks"": {""a"": true, ""b"": false}, ""Native US Payroll"": {""a"": true, ""b"": true}, ""Free Trial Available"": {""a"": false, ""b"": true}}",Rippling vs Gusto for Tech Startups (2026 Comparison),Detailed comparison of Rippling vs Gusto for Tech Startups.
rippling-vs-papaya-for-tech-startups,tech-startups,Tech Startups,Tech Startups teams,Seed to Series B fast-growing technology companies hiring remote engineers worldwide.,rippling,Rippling,https://unavatar.io/rippling.com,4.7,$35/mo,Base fee + $8 per user / month,false,https://www.rippling.com,Unified HR & IT|US & Global Payroll|Device Management|App Provisioning,Automates IT device setup alongside HR|Powerful custom workflow engine|Native US payroll integration,Base platform fee required|EOR feature set is secondary to HRIS,papaya,Papaya Global,https://unavatar.io/papayaglobal.com,4.4,$25/mo,Per contractor / month ($650/mo for EOR),false,https://papayaglobal.com,Enterprise Payroll|Workforce Intelligence|Embedded Payments|160+ Countries,Built for complex enterprise security and ERPs|Consolidated global payroll analytics|Bank-grade security,High minimum spend limits|Overkill for early-stage startups,rippling,Overall Fit,The HR Stack Guide's Overall Winner: Rippling,,"Based on The HR Stack Guide's 2026 evaluation, Rippling edges out the competition for Tech Startups due to its superior score (4.7/5), flexible operational setup, and strong support for IP ownership, fast onboarding, and equity option distribution.","The HR Stack Guide research team evaluated 2026 feature sets and pricing models for Rippling and Papaya Global for Seed to Series B fast-growing technology companies hiring remote engineers worldwide. Based on that analysis, Rippling is the recommended choice. Rippling starts at $35/mo while Papaya Global starts at $25/mo.","{""Native Legal Entities"": {""a"": false, ""b"": false}, ""Contractor Auto-Pay"": {""a"": true, ""b"": true}, ""IT Device Shipping"": {""a"": true, ""b"": false}, ""Localized Health Benefits"": {""a"": true, ""b"": true}, ""Equity & Stock Admin"": {""a"": true, ""b"": false}, ""Zero FX Rate Markup"": {""a"": false, ""b"": true}, ""Global Tax Filings"": {""a"": true, ""b"": true}, ""Background Checks"": {""a"": true, ""b"": true}, ""Native US Payroll"": {""a"": true, ""b"": true}, ""Free Trial Available"": {""a"": false, ""b"": false}}",Rippling vs Papaya Global for Tech Startups (2026 Comparison),Detailed comparison of Rippling vs Papaya Global for Tech Startups.
rippling-vs-multiplier-for-tech-startups,tech-startups,Tech Startups,Tech Startups teams,Seed to Series B fast-growing technology companies hiring remote engineers worldwide.,rippling,Rippling,https://unavatar.io/rippling.com,4.7,$35/mo,Base fee + $8 per user / month,false,https://www.rippling.com,Unified HR & IT|US & Global Payroll|Device Management|App Provisioning,Automates IT device setup alongside HR|Powerful custom workflow engine|Native US payroll integration,Base platform fee required|EOR feature set is secondary to HRIS,multiplier,Multiplier,https://unavatar.io/usemultiplier.com,4.6,$40/mo,Per contractor / month ($400/mo for EOR),false,https://www.usemultiplier.com,Self-Serve EOR|Instant Employment Contracts|Global Insurance|Multi-Currency Payouts,Competitive baseline EOR pricing ($400/mo)|Instant contract generation|Strong Asian market presence,Smaller user community|Fewer third-party software integrations,rippling,Overall Fit,The HR Stack Guide's Overall Winner: Rippling,,"Based on The HR Stack Guide's 2026 evaluation, Rippling edges out the competition for Tech Startups due to its superior score (4.7/5), flexible operational setup, and strong support for IP ownership, fast onboarding, and equity option distribution.","The HR Stack Guide research team evaluated 2026 feature sets and pricing models for Rippling and Multiplier for Seed to Series B fast-growing technology companies hiring remote engineers worldwide. Based on that analysis, Rippling is the recommended choice. Rippling starts at $35/mo while Multiplier starts at $40/mo.","{""Native Legal Entities"": {""a"": false, ""b"": true}, ""Contractor Auto-Pay"": {""a"": true, ""b"": true}, ""IT Device Shipping"": {""a"": true, ""b"": false}, ""Localized Health Benefits"": {""a"": true, ""b"": true}, ""Equity & Stock Admin"": {""a"": true, ""b"": false}, ""Zero FX Rate Markup"": {""a"": false, ""b"": false}, ""Global Tax Filings"": {""a"": true, ""b"": true}, ""Background Checks"": {""a"": true, ""b"": false}, ""Native US Payroll"": {""a"": true, ""b"": false}, ""Free Trial Available"": {""a"": false, ""b"": false}}",Rippling vs Multiplier for Tech Startups (2026 Comparison),Detailed comparison of Rippling vs Multiplier for Tech Startups.
rippling-vs-plane-for-tech-startups,tech-startups,Tech Startups,Tech Startups teams,Seed to Series B fast-growing technology companies hiring remote engineers worldwide.,rippling,Rippling,https://unavatar.io/rippling.com,4.7,$35/mo,Base fee + $8 per user / month,false,https://www.rippling.com,Unified HR & IT|US & Global Payroll|Device Management|App Provisioning,Automates IT device setup alongside HR|Powerful custom workflow engine|Native US payroll integration,Base platform fee required|EOR feature set is secondary to HRIS,plane,Plane,https://unavatar.io/plane.com,4.5,$20/mo,Flat $29/mo per contractor ($299/mo for EOR),true,https://plane.com,Zero FX Markup|Stock Option Grants|Flat-Fee Pricing|Direct Crypto/Fiat Pay,No exchange rate markup fees|Lowest EOR rate in the market ($299/mo)|Transparent pricing,Fewer automated localized HR add-ons|Smaller legal footprint,rippling,Overall Fit,The HR Stack Guide's Overall Winner: Rippling,,"Based on The HR Stack Guide's 2026 evaluation, Rippling edges out the competition for Tech Startups due to its superior score (4.7/5), flexible operational setup, and strong support for IP ownership, fast onboarding, and equity option distribution.","The HR Stack Guide research team evaluated 2026 feature sets and pricing models for Rippling and Plane for Seed to Series B fast-growing technology companies hiring remote engineers worldwide. Based on that analysis, Rippling is the recommended choice. Rippling starts at $35/mo while Plane starts at $20/mo.","{""Native Legal Entities"": {""a"": false, ""b"": true}, ""Contractor Auto-Pay"": {""a"": true, ""b"": true}, ""IT Device Shipping"": {""a"": true, ""b"": false}, ""Localized Health Benefits"": {""a"": true, ""b"": false}, ""Equity & Stock Admin"": {""a"": true, ""b"": true}, ""Zero FX Rate Markup"": {""a"": false, ""b"": true}, ""Global Tax Filings"": {""a"": true, ""b"": false}, ""Background Checks"": {""a"": true, ""b"": false}, ""Native US Payroll"": {""a"": true, ""b"": false}, ""Free Trial Available"": {""a"": false, ""b"": true}}",Rippling vs Plane for Tech Startups (2026 Comparison),Detailed comparison of Rippling vs Plane for Tech Startups.
remote-vs-oyster-for-tech-startups,tech-startups,Tech Startups,Tech Startups teams,Seed to Series B fast-growing technology companies hiring remote engineers worldwide.,remote,Remote,https://unavatar.io/remote.com,4.6,$29/mo,Per contractor / month ($599/mo for EOR),true,https://remote.com,100% Native Entities|IP Protection|Global Benefits|Remote Relocation,Owns all local legal entities directly|Strong IP guardrails for tech startups|No hidden markup fees,Slower entity expansion than Deel|Limited IT management tooling,oyster,Oyster HR,/Oyster.png,4.5,$29/mo,Per contractor / month ($499/mo for EOR),true,https://www.oysterhr.com,180+ Country Reach|Oyster Academy|Global Employment Cost Calculator|Equity Admin,Extremely intuitive UI|Great tools for early-stage founder estimation|B-Corp social mission,Relies on third-party local partners in select markets|Slightly higher EOR base rate,remote,Overall Fit,The HR Stack Guide's Overall Winner: Remote,,"Based on The HR Stack Guide's 2026 evaluation, Remote edges out the competition for Tech Startups due to its superior score (4.6/5), flexible operational setup, and strong support for IP ownership, fast onboarding, and equity option distribution.","The HR Stack Guide research team evaluated 2026 feature sets and pricing models for Remote and Oyster HR for Seed to Series B fast-growing technology companies hiring remote engineers worldwide. Based on that analysis, Remote is the recommended choice. Remote starts at $29/mo while Oyster HR starts at $29/mo.","{""Native Legal Entities"": {""a"": true, ""b"": false}, ""Contractor Auto-Pay"": {""a"": true, ""b"": true}, ""IT Device Shipping"": {""a"": false, ""b"": false}, ""Localized Health Benefits"": {""a"": true, ""b"": true}, ""Equity & Stock Admin"": {""a"": true, ""b"": true}, ""Zero FX Rate Markup"": {""a"": true, ""b"": false}, ""Global Tax Filings"": {""a"": true, ""b"": true}, ""Background Checks"": {""a"": true, ""b"": true}, ""Native US Payroll"": {""a"": false, ""b"": false}, ""Free Trial Available"": {""a"": true, ""b"": true}}",Remote vs Oyster HR for Tech Startups (2026 Comparison),Detailed comparison of Remote vs Oyster HR for Tech Startups.
remote-vs-gusto-for-tech-startups,tech-startups,Tech Startups,Tech Startups teams,Seed to Series B fast-growing technology companies hiring remote engineers worldwide.,remote,Remote,https://unavatar.io/remote.com,4.6,$29/mo,Per contractor / month ($599/mo for EOR),true,https://remote.com,100% Native Entities|IP Protection|Global Benefits|Remote Relocation,Owns all local legal entities directly|Strong IP guardrails for tech startups|No hidden markup fees,Slower entity expansion than Deel|Limited IT management tooling,gusto,Gusto,/Gusto.png,4.7,$40/mo,Base fee + $6 per user / month,true,https://www.gusto.com,US Native Payroll|Benefits Administration|International Contractor Pay|Time Tracking,Best-in-class user experience for US teams|Automated state tax filings|Affordable pricing,Not a full global EOR (contractor pay only internationally)|US-centric only,gusto,Overall Fit,The HR Stack Guide's Overall Winner: Gusto,,"Based on The HR Stack Guide's 2026 evaluation, Gusto edges out the competition for Tech Startups due to its superior score (4.7/5), flexible operational setup, and strong support for IP ownership, fast onboarding, and equity option distribution.","The HR Stack Guide research team evaluated 2026 feature sets and pricing models for Remote and Gusto for Seed to Series B fast-growing technology companies hiring remote engineers worldwide. Based on that analysis, Gusto is the recommended choice. Remote starts at $29/mo while Gusto starts at $40/mo.","{""Native Legal Entities"": {""a"": true, ""b"": false}, ""Contractor Auto-Pay"": {""a"": true, ""b"": true}, ""IT Device Shipping"": {""a"": false, ""b"": false}, ""Localized Health Benefits"": {""a"": true, ""b"": false}, ""Equity & Stock Admin"": {""a"": true, ""b"": false}, ""Zero FX Rate Markup"": {""a"": true, ""b"": false}, ""Global Tax Filings"": {""a"": true, ""b"": true}, ""Background Checks"": {""a"": true, ""b"": false}, ""Native US Payroll"": {""a"": false, ""b"": true}, ""Free Trial Available"": {""a"": true, ""b"": true}}",Remote vs Gusto for Tech Startups (2026 Comparison),Detailed comparison of Remote vs Gusto for Tech Startups.
remote-vs-papaya-for-tech-startups,tech-startups,Tech Startups,Tech Startups teams,Seed to Series B fast-growing technology companies hiring remote engineers worldwide.,remote,Remote,https://unavatar.io/remote.com,4.6,$29/mo,Per contractor / month ($599/mo for EOR),true,https://remote.com,100% Native Entities|IP Protection|Global Benefits|Remote Relocation,Owns all local legal entities directly|Strong IP guardrails for tech startups|No hidden markup fees,Slower entity expansion than Deel|Limited IT management tooling,papaya,Papaya Global,https://unavatar.io/papayaglobal.com,4.4,$25/mo,Per contractor / month ($650/mo for EOR),false,https://papayaglobal.com,Enterprise Payroll|Workforce Intelligence|Embedded Payments|160+ Countries,Built for complex enterprise security and ERPs|Consolidated global payroll analytics|Bank-grade security,High minimum spend limits|Overkill for early-stage startups,remote,Overall Fit,The HR Stack Guide's Overall Winner: Remote,,"Based on The HR Stack Guide's 2026 evaluation, Remote edges out the competition for Tech Startups due to its superior score (4.6/5), flexible operational setup, and strong support for IP ownership, fast onboarding, and equity option distribution.","The HR Stack Guide research team evaluated 2026 feature sets and pricing models for Remote and Papaya Global for Seed to Series B fast-growing technology companies hiring remote engineers worldwide. Based on that analysis, Remote is the recommended choice. Remote starts at $29/mo while Papaya Global starts at $25/mo.","{""Native Legal Entities"": {""a"": true, ""b"": false}, ""Contractor Auto-Pay"": {""a"": true, ""b"": true}, ""IT Device Shipping"": {""a"": false, ""b"": false}, ""Localized Health Benefits"": {""a"": true, ""b"": true}, ""Equity & Stock Admin"": {""a"": true, ""b"": false}, ""Zero FX Rate Markup"": {""a"": true, ""b"": true}, ""Global Tax Filings"": {""a"": true, ""b"": true}, ""Background Checks"": {""a"": true, ""b"": true}, ""Native US Payroll"": {""a"": false, ""b"": true}, ""Free Trial Available"": {""a"": true, ""b"": false}}",Remote vs Papaya Global for Tech Startups (2026 Comparison),Detailed comparison of Remote vs Papaya Global for Tech Startups.
remote-vs-multiplier-for-tech-startups,tech-startups,Tech Startups,Tech Startups teams,Seed to Series B fast-growing technology companies hiring remote engineers worldwide.,remote,Remote,https://unavatar.io/remote.com,4.6,$29/mo,Per contractor / month ($599/mo for EOR),true,https://remote.com,100% Native Entities|IP Protection|Global Benefits|Remote Relocation,Owns all local legal entities directly|Strong IP guardrails for tech startups|No hidden markup fees,Slower entity expansion than Deel|Limited IT management tooling,multiplier,Multiplier,https://unavatar.io/usemultiplier.com,4.6,$40/mo,Per contractor / month ($400/mo for EOR),false,https://www.usemultiplier.com,Self-Serve EOR|Instant Employment Contracts|Global Insurance|Multi-Currency Payouts,Competitive baseline EOR pricing ($400/mo)|Instant contract generation|Strong Asian market presence,Smaller user community|Fewer third-party software integrations,remote,Overall Fit,The HR Stack Guide's Overall Winner: Remote,,"Based on The HR Stack Guide's 2026 evaluation, Remote edges out the competition for Tech Startups due to its superior score (4.6/5), flexible operational setup, and strong support for IP ownership, fast onboarding, and equity option distribution.","The HR Stack Guide research team evaluated 2026 feature sets and pricing models for Remote and Multiplier for Seed to Series B fast-growing technology companies hiring remote engineers worldwide. Based on that analysis, Remote is the recommended choice. Remote starts at $29/mo while Multiplier starts at $40/mo.","{""Native Legal Entities"": {""a"": true, ""b"": true}, ""Contractor Auto-Pay"": {""a"": true, ""b"": true}, ""IT Device Shipping"": {""a"": false, ""b"": false}, ""Localized Health Benefits"": {""a"": true, ""b"": true}, ""Equity & Stock Admin"": {""a"": true, ""b"": false}, ""Zero FX Rate Markup"": {""a"": true, ""b"": false}, ""Global Tax Filings"": {""a"": true, ""b"": true}, ""Background Checks"": {""a"": true, ""b"": false}, ""Native US Payroll"": {""a"": false, ""b"": false}, ""Free Trial Available"": {""a"": true, ""b"": false}}",Remote vs Multiplier for Tech Startups (2026 Comparison),Detailed comparison of Remote vs Multiplier for Tech Startups.
remote-vs-plane-for-tech-startups,tech-startups,Tech Startups,Tech Startups teams,Seed to Series B fast-growing technology companies hiring remote engineers worldwide.,remote,Remote,https://unavatar.io/remote.com,4.6,$29/mo,Per contractor / month ($599/mo for EOR),true,https://remote.com,100% Native Entities|IP Protection|Global Benefits|Remote Relocation,Owns all local legal entities directly|Strong IP guardrails for tech startups|No hidden markup fees,Slower entity expansion than Deel|Limited IT management tooling,plane,Plane,https://unavatar.io/plane.com,4.5,$20/mo,Flat $29/mo per contractor ($299/mo for EOR),true,https://plane.com,Zero FX Markup|Stock Option Grants|Flat-Fee Pricing|Direct Crypto/Fiat Pay,No exchange rate markup fees|Lowest EOR rate in the market ($299/mo)|Transparent pricing,Fewer automated localized HR add-ons|Smaller legal footprint,remote,Overall Fit,The HR Stack Guide's Overall Winner: Remote,,"Based on The HR Stack Guide's 2026 evaluation, Remote edges out the competition for Tech Startups due to its superior score (4.6/5), flexible operational setup, and strong support for IP ownership, fast onboarding, and equity option distribution.","The HR Stack Guide research team evaluated 2026 feature sets and pricing models for Remote and Plane for Seed to Series B fast-growing technology companies hiring remote engineers worldwide. Based on that analysis, Remote is the recommended choice. Remote starts at $29/mo while Plane starts at $20/mo.","{""Native Legal Entities"": {""a"": true, ""b"": true}, ""Contractor Auto-Pay"": {""a"": true, ""b"": true}, ""IT Device Shipping"": {""a"": false, ""b"": false}, ""Localized Health Benefits"": {""a"": true, ""b"": false}, ""Equity & Stock Admin"": {""a"": true, ""b"": true}, ""Zero FX Rate Markup"": {""a"": true, ""b"": true}, ""Global Tax Filings"": {""a"": true, ""b"": false}, ""Background Checks"": {""a"": true, ""b"": false}, ""Native US Payroll"": {""a"": false, ""b"": false}, ""Free Trial Available"": {""a"": true, ""b"": true}}",Remote vs Plane for Tech Startups (2026 Comparison),Detailed comparison of Remote vs Plane for Tech Startups.
oyster-vs-gusto-for-tech-startups,tech-startups,Tech Startups,Tech Startups teams,Seed to Series B fast-growing technology companies hiring remote engineers worldwide.,oyster,Oyster HR,/Oyster.png,4.5,$29/mo,Per contractor / month ($499/mo for EOR),true,https://www.oysterhr.com,180+ Country Reach|Oyster Academy|Global Employment Cost Calculator|Equity Admin,Extremely intuitive UI|Great tools for early-stage founder estimation|B-Corp social mission,Relies on third-party local partners in select markets|Slightly higher EOR base rate,gusto,Gusto,/Gusto.png,4.7,$40/mo,Base fee + $6 per user / month,true,https://www.gusto.com,US Native Payroll|Benefits Administration|International Contractor Pay|Time Tracking,Best-in-class user experience for US teams|Automated state tax filings|Affordable pricing,Not a full global EOR (contractor pay only internationally)|US-centric only,gusto,Overall Fit,The HR Stack Guide's Overall Winner: Gusto,,"Based on The HR Stack Guide's 2026 evaluation, Gusto edges out the competition for Tech Startups due to its superior score (4.7/5), flexible operational setup, and strong support for IP ownership, fast onboarding, and equity option distribution.","The HR Stack Guide research team evaluated 2026 feature sets and pricing models for Oyster HR and Gusto for Seed to Series B fast-growing technology companies hiring remote engineers worldwide. Based on that analysis, Gusto is the recommended choice. Oyster HR starts at $29/mo while Gusto starts at $40/mo.","{""Native Legal Entities"": {""a"": false, ""b"": false}, ""Contractor Auto-Pay"": {""a"": true, ""b"": true}, ""IT Device Shipping"": {""a"": false, ""b"": false}, ""Localized Health Benefits"": {""a"": true, ""b"": false}, ""Equity & Stock Admin"": {""a"": true, ""b"": false}, ""Zero FX Rate Markup"": {""a"": false, ""b"": false}, ""Global Tax Filings"": {""a"": true, ""b"": true}, ""Background Checks"": {""a"": true, ""b"": false}, ""Native US Payroll"": {""a"": false, ""b"": true}, ""Free Trial Available"": {""a"": true, ""b"": true}}",Oyster HR vs Gusto for Tech Startups (2026 Comparison),Detailed comparison of Oyster HR vs Gusto for Tech Startups.
oyster-vs-papaya-for-tech-startups,tech-startups,Tech Startups,Tech Startups teams,Seed to Series B fast-growing technology companies hiring remote engineers worldwide.,oyster,Oyster HR,/Oyster.png,4.5,$29/mo,Per contractor / month ($499/mo for EOR),true,https://www.oysterhr.com,180+ Country Reach|Oyster Academy|Global Employment Cost Calculator|Equity Admin,Extremely intuitive UI|Great tools for early-stage founder estimation|B-Corp social mission,Relies on third-party local partners in select markets|Slightly higher EOR base rate,papaya,Papaya Global,https://unavatar.io/papayaglobal.com,4.4,$25/mo,Per contractor / month ($650/mo for EOR),false,https://papayaglobal.com,Enterprise Payroll|Workforce Intelligence|Embedded Payments|160+ Countries,Built for complex enterprise security and ERPs|Consolidated global payroll analytics|Bank-grade security,High minimum spend limits|Overkill for early-stage startups,oyster,Overall Fit,The HR Stack Guide's Overall Winner: Oyster HR,,"Based on The HR Stack Guide's 2026 evaluation, Oyster HR edges out the competition for Tech Startups due to its superior score (4.5/5), flexible operational setup, and strong support for IP ownership, fast onboarding, and equity option distribution.","The HR Stack Guide research team evaluated 2026 feature sets and pricing models for Oyster HR and Papaya Global for Seed to Series B fast-growing technology companies hiring remote engineers worldwide. Based on that analysis, Oyster HR is the recommended choice. Oyster HR starts at $29/mo while Papaya Global starts at $25/mo.","{""Native Legal Entities"": {""a"": false, ""b"": false}, ""Contractor Auto-Pay"": {""a"": true, ""b"": true}, ""IT Device Shipping"": {""a"": false, ""b"": false}, ""Localized Health Benefits"": {""a"": true, ""b"": true}, ""Equity & Stock Admin"": {""a"": true, ""b"": false}, ""Zero FX Rate Markup"": {""a"": false, ""b"": true}, ""Global Tax Filings"": {""a"": true, ""b"": true}, ""Background Checks"": {""a"": true, ""b"": true}, ""Native US Payroll"": {""a"": false, ""b"": true}, ""Free Trial Available"": {""a"": true, ""b"": false}}",Oyster HR vs Papaya Global for Tech Startups (2026 Comparison),Detailed comparison of Oyster HR vs Papaya Global for Tech Startups.
oyster-vs-multiplier-for-tech-startups,tech-startups,Tech Startups,Tech Startups teams,Seed to Series B fast-growing technology companies hiring remote engineers worldwide.,oyster,Oyster HR,/Oyster.png,4.5,$29/mo,Per contractor / month ($499/mo for EOR),true,https://www.oysterhr.com,180+ Country Reach|Oyster Academy|Global Employment Cost Calculator|Equity Admin,Extremely intuitive UI|Great tools for early-stage founder estimation|B-Corp social mission,Relies on third-party local partners in select markets|Slightly higher EOR base rate,multiplier,Multiplier,https://unavatar.io/usemultiplier.com,4.6,$40/mo,Per contractor / month ($400/mo for EOR),false,https://www.usemultiplier.com,Self-Serve EOR|Instant Employment Contracts|Global Insurance|Multi-Currency Payouts,Competitive baseline EOR pricing ($400/mo)|Instant contract generation|Strong Asian market presence,Smaller user community|Fewer third-party software integrations,multiplier,Overall Fit,The HR Stack Guide's Overall Winner: Multiplier,,"Based on The HR Stack Guide's 2026 evaluation, Multiplier edges out the competition for Tech Startups due to its superior score (4.6/5), flexible operational setup, and strong support for IP ownership, fast onboarding, and equity option distribution.","The HR Stack Guide research team evaluated 2026 feature sets and pricing models for Oyster HR and Multiplier for Seed to Series B fast-growing technology companies hiring remote engineers worldwide. Based on that analysis, Multiplier is the recommended choice. Oyster HR starts at $29/mo while Multiplier starts at $40/mo.","{""Native Legal Entities"": {""a"": false, ""b"": true}, ""Contractor Auto-Pay"": {""a"": true, ""b"": true}, ""IT Device Shipping"": {""a"": false, ""b"": false}, ""Localized Health Benefits"": {""a"": true, ""b"": true}, ""Equity & Stock Admin"": {""a"": true, ""b"": false}, ""Zero FX Rate Markup"": {""a"": false, ""b"": false}, ""Global Tax Filings"": {""a"": true, ""b"": true}, ""Background Checks"": {""a"": true, ""b"": false}, ""Native US Payroll"": {""a"": false, ""b"": false}, ""Free Trial Available"": {""a"": true, ""b"": false}}",Oyster HR vs Multiplier for Tech Startups (2026 Comparison),Detailed comparison of Oyster HR vs Multiplier for Tech Startups.
oyster-vs-plane-for-tech-startups,tech-startups,Tech Startups,Tech Startups teams,Seed to Series B fast-growing technology companies hiring remote engineers worldwide.,oyster,Oyster HR,/Oyster.png,4.5,$29/mo,Per contractor / month ($499/mo for EOR),true,https://www.oysterhr.com,180+ Country Reach|Oyster Academy|Global Employment Cost Calculator|Equity Admin,Extremely intuitive UI|Great tools for early-stage founder estimation|B-Corp social mission,Relies on third-party local partners in select markets|Slightly higher EOR base rate,plane,Plane,https://unavatar.io/plane.com,4.5,$20/mo,Flat $29/mo per contractor ($299/mo for EOR),true,https://plane.com,Zero FX Markup|Stock Option Grants|Flat-Fee Pricing|Direct Crypto/Fiat Pay,No exchange rate markup fees|Lowest EOR rate in the market ($299/mo)|Transparent pricing,Fewer automated localized HR add-ons|Smaller legal footprint,oyster,Overall Fit,The HR Stack Guide's Overall Winner: Oyster HR,,"Based on The HR Stack Guide's 2026 evaluation, Oyster HR edges out the competition for Tech Startups due to its superior score (4.5/5), flexible operational setup, and strong support for IP ownership, fast onboarding, and equity option distribution.","The HR Stack Guide research team evaluated 2026 feature sets and pricing models for Oyster HR and Plane for Seed to Series B fast-growing technology companies hiring remote engineers worldwide. Based on that analysis, Oyster HR is the recommended choice. Oyster HR starts at $29/mo while Plane starts at $20/mo.","{""Native Legal Entities"": {""a"": false, ""b"": true}, ""Contractor Auto-Pay"": {""a"": true, ""b"": true}, ""IT Device Shipping"": {""a"": false, ""b"": false}, ""Localized Health Benefits"": {""a"": true, ""b"": false}, ""Equity & Stock Admin"": {""a"": true, ""b"": true}, ""Zero FX Rate Markup"": {""a"": false, ""b"": true}, ""Global Tax Filings"": {""a"": true, ""b"": false}, ""Background Checks"": {""a"": true, ""b"": false}, ""Native US Payroll"": {""a"": false, ""b"": false}, ""Free Trial Available"": {""a"": true, ""b"": true}}",Oyster HR vs Plane for Tech Startups (2026 Comparison),Detailed comparison of Oyster HR vs Plane for Tech Startups.
gusto-vs-papaya-for-tech-startups,tech-startups,Tech Startups,Tech Startups teams,Seed to Series B fast-growing technology companies hiring remote engineers worldwide.,gusto,Gusto,/Gusto.png,4.7,$40/mo,Base fee + $6 per user / month,true,https://www.gusto.com,US Native Payroll|Benefits Administration|International Contractor Pay|Time Tracking,Best-in-class user experience for US teams|Automated state tax filings|Affordable pricing,Not a full global EOR (contractor pay only internationally)|US-centric only,papaya,Papaya Global,https://unavatar.io/papayaglobal.com,4.4,$25/mo,Per contractor / month ($650/mo for EOR),false,https://papayaglobal.com,Enterprise Payroll|Workforce Intelligence|Embedded Payments|160+ Countries,Built for complex enterprise security and ERPs|Consolidated global payroll analytics|Bank-grade security,High minimum spend limits|Overkill for early-stage startups,gusto,Overall Fit,The HR Stack Guide's Overall Winner: Gusto,,"Based on The HR Stack Guide's 2026 evaluation, Gusto edges out the competition for Tech Startups due to its superior score (4.7/5), flexible operational setup, and strong support for IP ownership, fast onboarding, and equity option distribution.","The HR Stack Guide research team evaluated 2026 feature sets and pricing models for Gusto and Papaya Global for Seed to Series B fast-growing technology companies hiring remote engineers worldwide. Based on that analysis, Gusto is the recommended choice. Gusto starts at $40/mo while Papaya Global starts at $25/mo.","{""Native Legal Entities"": {""a"": false, ""b"": false}, ""Contractor Auto-Pay"": {""a"": true, ""b"": true}, ""IT Device Shipping"": {""a"": false, ""b"": false}, ""Localized Health Benefits"": {""a"": false, ""b"": true}, ""Equity & Stock Admin"": {""a"": false, ""b"": false}, ""Zero FX Rate Markup"": {""a"": false, ""b"": true}, ""Global Tax Filings"": {""a"": true, ""b"": true}, ""Background Checks"": {""a"": false, ""b"": true}, ""Native US Payroll"": {""a"": true, ""b"": true}, ""Free Trial Available"": {""a"": true, ""b"": false}}",Gusto vs Papaya Global for Tech Startups (2026 Comparison),Detailed comparison of Gusto vs Papaya Global for Tech Startups.
gusto-vs-multiplier-for-tech-startups,tech-startups,Tech Startups,Tech Startups teams,Seed to Series B fast-growing technology companies hiring remote engineers worldwide.,gusto,Gusto,/Gusto.png,4.7,$40/mo,Base fee + $6 per user / month,true,https://www.gusto.com,US Native Payroll|Benefits Administration|International Contractor Pay|Time Tracking,Best-in-class user experience for US teams|Automated state tax filings|Affordable pricing,Not a full global EOR (contractor pay only internationally)|US-centric only,multiplier,Multiplier,https://unavatar.io/usemultiplier.com,4.6,$40/mo,Per contractor / month ($400/mo for EOR),false,https://www.usemultiplier.com,Self-Serve EOR|Instant Employment Contracts|Global Insurance|Multi-Currency Payouts,Competitive baseline EOR pricing ($400/mo)|Instant contract generation|Strong Asian market presence,Smaller user community|Fewer third-party software integrations,gusto,Overall Fit,The HR Stack Guide's Overall Winner: Gusto,,"Based on The HR Stack Guide's 2026 evaluation, Gusto edges out the competition for Tech Startups due to its superior score (4.7/5), flexible operational setup, and strong support for IP ownership, fast onboarding, and equity option distribution.","The HR Stack Guide research team evaluated 2026 feature sets and pricing models for Gusto and Multiplier for Seed to Series B fast-growing technology companies hiring remote engineers worldwide. Based on that analysis, Gusto is the recommended choice. Gusto starts at $40/mo while Multiplier starts at $40/mo.","{""Native Legal Entities"": {""a"": false, ""b"": true}, ""Contractor Auto-Pay"": {""a"": true, ""b"": true}, ""IT Device Shipping"": {""a"": false, ""b"": false}, ""Localized Health Benefits"": {""a"": false, ""b"": true}, ""Equity & Stock Admin"": {""a"": false, ""b"": false}, ""Zero FX Rate Markup"": {""a"": false, ""b"": false}, ""Global Tax Filings"": {""a"": true, ""b"": true}, ""Background Checks"": {""a"": false, ""b"": false}, ""Native US Payroll"": {""a"": true, ""b"": false}, ""Free Trial Available"": {""a"": true, ""b"": false}}",Gusto vs Multiplier for Tech Startups (2026 Comparison),Detailed comparison of Gusto vs Multiplier for Tech Startups.
gusto-vs-plane-for-tech-startups,tech-startups,Tech Startups,Tech Startups teams,Seed to Series B fast-growing technology companies hiring remote engineers worldwide.,gusto,Gusto,/Gusto.png,4.7,$40/mo,Base fee + $6 per user / month,true,https://www.gusto.com,US Native Payroll|Benefits Administration|International Contractor Pay|Time Tracking,Best-in-class user experience for US teams|Automated state tax filings|Affordable pricing,Not a full global EOR (contractor pay only internationally)|US-centric only,plane,Plane,https://unavatar.io/plane.com,4.5,$20/mo,Flat $29/mo per contractor ($299/mo for EOR),true,https://plane.com,Zero FX Markup|Stock Option Grants|Flat-Fee Pricing|Direct Crypto/Fiat Pay,No exchange rate markup fees|Lowest EOR rate in the market ($299/mo)|Transparent pricing,Fewer automated localized HR add-ons|Smaller legal footprint,gusto,Overall Fit,The HR Stack Guide's Overall Winner: Gusto,,"Based on The HR Stack Guide's 2026 evaluation, Gusto edges out the competition for Tech Startups due to its superior score (4.7/5), flexible operational setup, and strong support for IP ownership, fast onboarding, and equity option distribution.","The HR Stack Guide research team evaluated 2026 feature sets and pricing models for Gusto and Plane for Seed to Series B fast-growing technology companies hiring remote engineers worldwide. Based on that analysis, Gusto is the recommended choice. Gusto starts at $40/mo while Plane starts at $20/mo.","{""Native Legal Entities"": {""a"": false, ""b"": true}, ""Contractor Auto-Pay"": {""a"": true, ""b"": true}, ""IT Device Shipping"": {""a"": false, ""b"": false}, ""Localized Health Benefits"": {""a"": false, ""b"": false}, ""Equity & Stock Admin"": {""a"": false, ""b"": true}, ""Zero FX Rate Markup"": {""a"": false, ""b"": true}, ""Global Tax Filings"": {""a"": true, ""b"": false}, ""Background Checks"": {""a"": false, ""b"": false}, ""Native US Payroll"": {""a"": true, ""b"": false}, ""Free Trial Available"": {""a"": true, ""b"": true}}",Gusto vs Plane for Tech Startups (2026 Comparison),Detailed comparison of Gusto vs Plane for Tech Startups.
papaya-vs-multiplier-for-tech-startups,tech-startups,Tech Startups,Tech Startups teams,Seed to Series B fast-growing technology companies hiring remote engineers worldwide.,papaya,Papaya Global,https://unavatar.io/papayaglobal.com,4.4,$25/mo,Per contractor / month ($650/mo for EOR),false,https://papayaglobal.com,Enterprise Payroll|Workforce Intelligence|Embedded Payments|160+ Countries,Built for complex enterprise security and ERPs|Consolidated global payroll analytics|Bank-grade security,High minimum spend limits|Overkill for early-stage startups,multiplier,Multiplier,https://unavatar.io/usemultiplier.com,4.6,$40/mo,Per contractor / month ($400/mo for EOR),false,https://www.usemultiplier.com,Self-Serve EOR|Instant Employment Contracts|Global Insurance|Multi-Currency Payouts,Competitive baseline EOR pricing ($400/mo)|Instant contract generation|Strong Asian market presence,Smaller user community|Fewer third-party software integrations,multiplier,Overall Fit,The HR Stack Guide's Overall Winner: Multiplier,,"Based on The HR Stack Guide's 2026 evaluation, Multiplier edges out the competition for Tech Startups due to its superior score (4.6/5), flexible operational setup, and strong support for IP ownership, fast onboarding, and equity option distribution.","The HR Stack Guide research team evaluated 2026 feature sets and pricing models for Papaya Global and Multiplier for Seed to Series B fast-growing technology companies hiring remote engineers worldwide. Based on that analysis, Multiplier is the recommended choice. Papaya Global starts at $25/mo while Multiplier starts at $40/mo.","{""Native Legal Entities"": {""a"": false, ""b"": true}, ""Contractor Auto-Pay"": {""a"": true, ""b"": true}, ""IT Device Shipping"": {""a"": false, ""b"": false}, ""Localized Health Benefits"": {""a"": true, ""b"": true}, ""Equity & Stock Admin"": {""a"": false, ""b"": false}, ""Zero FX Rate Markup"": {""a"": true, ""b"": false}, ""Global Tax Filings"": {""a"": true, ""b"": true}, ""Background Checks"": {""a"": true, ""b"": false}, ""Native US Payroll"": {""a"": true, ""b"": false}, ""Free Trial Available"": {""a"": false, ""b"": false}}",Papaya Global vs Multiplier for Tech Startups (2026 Comparison),Detailed comparison of Papaya Global vs Multiplier for Tech Startups.
papaya-vs-plane-for-tech-startups,tech-startups,Tech Startups,Tech Startups teams,Seed to Series B fast-growing technology companies hiring remote engineers worldwide.,papaya,Papaya Global,https://unavatar.io/papayaglobal.com,4.4,$25/mo,Per contractor / month ($650/mo for EOR),false,https://papayaglobal.com,Enterprise Payroll|Workforce Intelligence|Embedded Payments|160+ Countries,Built for complex enterprise security and ERPs|Consolidated global payroll analytics|Bank-grade security,High minimum spend limits|Overkill for early-stage startups,plane,Plane,https://unavatar.io/plane.com,4.5,$20/mo,Flat $29/mo per contractor ($299/mo for EOR),true,https://plane.com,Zero FX Markup|Stock Option Grants|Flat-Fee Pricing|Direct Crypto/Fiat Pay,No exchange rate markup fees|Lowest EOR rate in the market ($299/mo)|Transparent pricing,Fewer automated localized HR add-ons|Smaller legal footprint,plane,Overall Fit,The HR Stack Guide's Overall Winner: Plane,,"Based on The HR Stack Guide's 2026 evaluation, Plane edges out the competition for Tech Startups due to its superior score (4.5/5), flexible operational setup, and strong support for IP ownership, fast onboarding, and equity option distribution.","The HR Stack Guide research team evaluated 2026 feature sets and pricing models for Papaya Global and Plane for Seed to Series B fast-growing technology companies hiring remote engineers worldwide. Based on that analysis, Plane is the recommended choice. Papaya Global starts at $25/mo while Plane starts at $20/mo.","{""Native Legal Entities"": {""a"": false, ""b"": true}, ""Contractor Auto-Pay"": {""a"": true, ""b"": true}, ""IT Device Shipping"": {""a"": false, ""b"": false}, ""Localized Health Benefits"": {""a"": true, ""b"": false}, ""Equity & Stock Admin"": {""a"": false, ""b"": true}, ""Zero FX Rate Markup"": {""a"": true, ""b"": true}, ""Global Tax Filings"": {""a"": true, ""b"": false}, ""Background Checks"": {""a"": true, ""b"": false}, ""Native US Payroll"": {""a"": true, ""b"": false}, ""Free Trial Available"": {""a"": false, ""b"": true}}",Papaya Global vs Plane for Tech Startups (2026 Comparison),Detailed comparison of Papaya Global vs Plane for Tech Startups.
multiplier-vs-plane-for-tech-startups,tech-startups,Tech Startups,Tech Startups teams,Seed to Series B fast-growing technology companies hiring remote engineers worldwide.,multiplier,Multiplier,https://unavatar.io/usemultiplier.com,4.6,$40/mo,Per contractor / month ($400/mo for EOR),false,https://www.usemultiplier.com,Self-Serve EOR|Instant Employment Contracts|Global Insurance|Multi-Currency Payouts,Competitive baseline EOR pricing ($400/mo)|Instant contract generation|Strong Asian market presence,Smaller user community|Fewer third-party software integrations,plane,Plane,https://unavatar.io/plane.com,4.5,$20/mo,Flat $29/mo per contractor ($299/mo for EOR),true,https://plane.com,Zero FX Markup|Stock Option Grants|Flat-Fee Pricing|Direct Crypto/Fiat Pay,No exchange rate markup fees|Lowest EOR rate in the market ($299/mo)|Transparent pricing,Fewer automated localized HR add-ons|Smaller legal footprint,multiplier,Overall Fit,The HR Stack Guide's Overall Winner: Multiplier,,"Based on The HR Stack Guide's 2026 evaluation, Multiplier edges out the competition for Tech Startups due to its superior score (4.6/5), flexible operational setup, and strong support for IP ownership, fast onboarding, and equity option distribution.","The HR Stack Guide research team evaluated 2026 feature sets and pricing models for Multiplier and Plane for Seed to Series B fast-growing technology companies hiring remote engineers worldwide. Based on that analysis, Multiplier is the recommended choice. Multiplier starts at $40/mo while Plane starts at $20/mo.","{""Native Legal Entities"": {""a"": true, ""b"": true}, ""Contractor Auto-Pay"": {""a"": true, ""b"": true}, ""IT Device Shipping"": {""a"": false, ""b"": false}, ""Localized Health Benefits"": {""a"": true, ""b"": false}, ""Equity & Stock Admin"": {""a"": false, ""b"": true}, ""Zero FX Rate Markup"": {""a"": false, ""b"": true}, ""Global Tax Filings"": {""a"": true, ""b"": false}, ""Background Checks"": {""a"": false, ""b"": false}, ""Native US Payroll"": {""a"": false, ""b"": false}, ""Free Trial Available"": {""a"": false, ""b"": true}}",Multiplier vs Plane for Tech Startups (2026 Comparison),Detailed comparison of Multiplier vs Plane for Tech Startups.
deel-vs-rippling-for-agencies,agencies,Design & Marketing Agencies,Design & Marketing Agencies teams,Client-service agencies managing variable monthly international contractor pools.,deel,Deel,/deel.png,4.8,$49/mo,Per contractor / month ($599/mo for EOR),false,https://www.deel.com,150+ Country EOR|Contractor Auto-Pay|Equipment Shipping|Background Checks,Fast 24-hr onboarding|Comprehensive localized tax compliance|Flexible payout options,EOR pricing can be steep for small teams|Admin UI has a learning curve,rippling,Rippling,https://unavatar.io/rippling.com,4.7,$35/mo,Base fee + $8 per user / month,false,https://www.rippling.com,Unified HR & IT|US & Global Payroll|Device Management|App Provisioning,Automates IT device setup alongside HR|Powerful custom workflow engine|Native US payroll integration,Base platform fee required|EOR feature set is secondary to HRIS,deel,Global EOR,The HR Stack Guide's Winner for Global EOR: Deel,"150+ country EOR network with dedicated in-market legal entities, versus a narrower international EOR footprint|24-hour EOR onboarding backed by in-house compliance and legal teams in each market|Equipment shipping and background checks are bundled directly into the EOR workflow for faster international hires","Based on The HR Stack Guide's 2026 evaluation, Deel is the stronger fit for global eor for Design & Marketing Agencies evaluating international remote team operations: 150+ country EOR network with dedicated in-market legal entities, versus a narrower international EOR footprint; 24-hour EOR onboarding backed by in-house compliance and legal teams in each market; and Equipment shipping and background checks are bundled directly into the EOR workflow for faster international hires. Both platforms carry solid overall ratings (4.8/5 for Deel vs. 4.7/5 for Rippling), but Rippling is built primarily as a general-purpose domestic HRIS, so Deel pulls ahead specifically on global eor for globally distributed teams.","The HR Stack Guide research team evaluated 2026 feature sets and pricing models for Deel and Rippling for Client-service agencies managing variable monthly international contractor pools. Based on that analysis, Deel is the recommended choice for global eor. Deel starts at $49/mo while Rippling starts at $35/mo.","{""Native Legal Entities"": {""a"": true, ""b"": false}, ""Contractor Auto-Pay"": {""a"": true, ""b"": true}, ""IT Device Shipping"": {""a"": true, ""b"": true}, ""Localized Health Benefits"": {""a"": true, ""b"": true}, ""Equity & Stock Admin"": {""a"": true, ""b"": true}, ""Zero FX Rate Markup"": {""a"": false, ""b"": false}, ""Global Tax Filings"": {""a"": true, ""b"": true}, ""Background Checks"": {""a"": true, ""b"": true}, ""Native US Payroll"": {""a"": true, ""b"": true}, ""Free Trial Available"": {""a"": false, ""b"": false}}",Deel vs Rippling for Design & Marketing Agencies (2026 Comparison),Detailed comparison of Deel vs Rippling for Design & Marketing Agencies.
deel-vs-remote-for-agencies,agencies,Design & Marketing Agencies,Design & Marketing Agencies teams,Client-service agencies managing variable monthly international contractor pools.,deel,Deel,/deel.png,4.8,$49/mo,Per contractor / month ($599/mo for EOR),false,https://www.deel.com,150+ Country EOR|Contractor Auto-Pay|Equipment Shipping|Background Checks,Fast 24-hr onboarding|Comprehensive localized tax compliance|Flexible payout options,EOR pricing can be steep for small teams|Admin UI has a learning curve,remote,Remote,https://unavatar.io/remote.com,4.6,$29/mo,Per contractor / month ($599/mo for EOR),true,https://remote.com,100% Native Entities|IP Protection|Global Benefits|Remote Relocation,Owns all local legal entities directly|Strong IP guardrails for tech startups|No hidden markup fees,Slower entity expansion than Deel|Limited IT management tooling,deel,Overall Fit,The HR Stack Guide's Overall Winner: Deel,,"Based on The HR Stack Guide's 2026 evaluation, Deel edges out the competition for Design & Marketing Agencies due to its superior score (4.8/5), flexible operational setup, and strong support for Flexible monthly contractor invoicing, fast payouts, and zero overhead.","The HR Stack Guide research team evaluated 2026 feature sets and pricing models for Deel and Remote for Client-service agencies managing variable monthly international contractor pools. Based on that analysis, Deel is the recommended choice. Deel starts at $49/mo while Remote starts at $29/mo.","{""Native Legal Entities"": {""a"": true, ""b"": true}, ""Contractor Auto-Pay"": {""a"": true, ""b"": true}, ""IT Device Shipping"": {""a"": true, ""b"": false}, ""Localized Health Benefits"": {""a"": true, ""b"": true}, ""Equity & Stock Admin"": {""a"": true, ""b"": true}, ""Zero FX Rate Markup"": {""a"": false, ""b"": true}, ""Global Tax Filings"": {""a"": true, ""b"": true}, ""Background Checks"": {""a"": true, ""b"": true}, ""Native US Payroll"": {""a"": true, ""b"": false}, ""Free Trial Available"": {""a"": false, ""b"": true}}",Deel vs Remote for Design & Marketing Agencies (2026 Comparison),Detailed comparison of Deel vs Remote for Design & Marketing Agencies.
deel-vs-oyster-for-agencies,agencies,Design & Marketing Agencies,Design & Marketing Agencies teams,Client-service agencies managing variable monthly international contractor pools.,deel,Deel,/deel.png,4.8,$49/mo,Per contractor / month ($599/mo for EOR),false,https://www.deel.com,150+ Country EOR|Contractor Auto-Pay|Equipment Shipping|Background Checks,Fast 24-hr onboarding|Comprehensive localized tax compliance|Flexible payout options,EOR pricing can be steep for small teams|Admin UI has a learning curve,oyster,Oyster HR,/Oyster.png,4.5,$29/mo,Per contractor / month ($499/mo for EOR),true,https://www.oysterhr.com,180+ Country Reach|Oyster Academy|Global Employment Cost Calculator|Equity Admin,Extremely intuitive UI|Great tools for early-stage founder estimation|B-Corp social mission,Relies on third-party local partners in select markets|Slightly higher EOR base rate,deel,Overall Fit,The HR Stack Guide's Overall Winner: Deel,,"Based on The HR Stack Guide's 2026 evaluation, Deel edges out the competition for Design & Marketing Agencies due to its superior score (4.8/5), flexible operational setup, and strong support for Flexible monthly contractor invoicing, fast payouts, and zero overhead.","The HR Stack Guide research team evaluated 2026 feature sets and pricing models for Deel and Oyster HR for Client-service agencies managing variable monthly international contractor pools. Based on that analysis, Deel is the recommended choice. Deel starts at $49/mo while Oyster HR starts at $29/mo.","{""Native Legal Entities"": {""a"": true, ""b"": false}, ""Contractor Auto-Pay"": {""a"": true, ""b"": true}, ""IT Device Shipping"": {""a"": true, ""b"": false}, ""Localized Health Benefits"": {""a"": true, ""b"": true}, ""Equity & Stock Admin"": {""a"": true, ""b"": true}, ""Zero FX Rate Markup"": {""a"": false, ""b"": false}, ""Global Tax Filings"": {""a"": true, ""b"": true}, ""Background Checks"": {""a"": true, ""b"": true}, ""Native US Payroll"": {""a"": true, ""b"": false}, ""Free Trial Available"": {""a"": false, ""b"": true}}",Deel vs Oyster HR for Design & Marketing Agencies (2026 Comparison),Detailed comparison of Deel vs Oyster HR for Design & Marketing Agencies.
deel-vs-gusto-for-agencies,agencies,Design & Marketing Agencies,Design & Marketing Agencies teams,Client-service agencies managing variable monthly international contractor pools.,deel,Deel,/deel.png,4.8,$49/mo,Per contractor / month ($599/mo for EOR),false,https://www.deel.com,150+ Country EOR|Contractor Auto-Pay|Equipment Shipping|Background Checks,Fast 24-hr onboarding|Comprehensive localized tax compliance|Flexible payout options,EOR pricing can be steep for small teams|Admin UI has a learning curve,gusto,Gusto,/Gusto.png,4.7,$40/mo,Base fee + $6 per user / month,true,https://www.gusto.com,US Native Payroll|Benefits Administration|International Contractor Pay|Time Tracking,Best-in-class user experience for US teams|Automated state tax filings|Affordable pricing,Not a full global EOR (contractor pay only internationally)|US-centric only,deel,Overall Fit,The HR Stack Guide's Overall Winner: Deel,,"Based on The HR Stack Guide's 2026 evaluation, Deel edges out the competition for Design & Marketing Agencies due to its superior score (4.8/5), flexible operational setup, and strong support for Flexible monthly contractor invoicing, fast payouts, and zero overhead.","The HR Stack Guide research team evaluated 2026 feature sets and pricing models for Deel and Gusto for Client-service agencies managing variable monthly international contractor pools. Based on that analysis, Deel is the recommended choice. Deel starts at $49/mo while Gusto starts at $40/mo.","{""Native Legal Entities"": {""a"": true, ""b"": false}, ""Contractor Auto-Pay"": {""a"": true, ""b"": true}, ""IT Device Shipping"": {""a"": true, ""b"": false}, ""Localized Health Benefits"": {""a"": true, ""b"": false}, ""Equity & Stock Admin"": {""a"": true, ""b"": false}, ""Zero FX Rate Markup"": {""a"": false, ""b"": false}, ""Global Tax Filings"": {""a"": true, ""b"": true}, ""Background Checks"": {""a"": true, ""b"": false}, ""Native US Payroll"": {""a"": true, ""b"": true}, ""Free Trial Available"": {""a"": false, ""b"": true}}",Deel vs Gusto for Design & Marketing Agencies (2026 Comparison),Detailed comparison of Deel vs Gusto for Design & Marketing Agencies.
deel-vs-papaya-for-agencies,agencies,Design & Marketing Agencies,Design & Marketing Agencies teams,Client-service agencies managing variable monthly international contractor pools.,deel,Deel,/deel.png,4.8,$49/mo,Per contractor / month ($599/mo for EOR),false,https://www.deel.com,150+ Country EOR|Contractor Auto-Pay|Equipment Shipping|Background Checks,Fast 24-hr onboarding|Comprehensive localized tax compliance|Flexible payout options,EOR pricing can be steep for small teams|Admin UI has a learning curve,papaya,Papaya Global,https://unavatar.io/papayaglobal.com,4.4,$25/mo,Per contractor / month ($650/mo for EOR),false,https://papayaglobal.com,Enterprise Payroll|Workforce Intelligence|Embedded Payments|160+ Countries,Built for complex enterprise security and ERPs|Consolidated global payroll analytics|Bank-grade security,High minimum spend limits|Overkill for early-stage startups,deel,Overall Fit,The HR Stack Guide's Overall Winner: Deel,,"Based on The HR Stack Guide's 2026 evaluation, Deel edges out the competition for Design & Marketing Agencies due to its superior score (4.8/5), flexible operational setup, and strong support for Flexible monthly contractor invoicing, fast payouts, and zero overhead.","The HR Stack Guide research team evaluated 2026 feature sets and pricing models for Deel and Papaya Global for Client-service agencies managing variable monthly international contractor pools. Based on that analysis, Deel is the recommended choice. Deel starts at $49/mo while Papaya Global starts at $25/mo.","{""Native Legal Entities"": {""a"": true, ""b"": false}, ""Contractor Auto-Pay"": {""a"": true, ""b"": true}, ""IT Device Shipping"": {""a"": true, ""b"": false}, ""Localized Health Benefits"": {""a"": true, ""b"": true}, ""Equity & Stock Admin"": {""a"": true, ""b"": false}, ""Zero FX Rate Markup"": {""a"": false, ""b"": true}, ""Global Tax Filings"": {""a"": true, ""b"": true}, ""Background Checks"": {""a"": true, ""b"": true}, ""Native US Payroll"": {""a"": true, ""b"": true}, ""Free Trial Available"": {""a"": false, ""b"": false}}",Deel vs Papaya Global for Design & Marketing Agencies (2026 Comparison),Detailed comparison of Deel vs Papaya Global for Design & Marketing Agencies.
deel-vs-multiplier-for-agencies,agencies,Design & Marketing Agencies,Design & Marketing Agencies teams,Client-service agencies managing variable monthly international contractor pools.,deel,Deel,/deel.png,4.8,$49/mo,Per contractor / month ($599/mo for EOR),false,https://www.deel.com,150+ Country EOR|Contractor Auto-Pay|Equipment Shipping|Background Checks,Fast 24-hr onboarding|Comprehensive localized tax compliance|Flexible payout options,EOR pricing can be steep for small teams|Admin UI has a learning curve,multiplier,Multiplier,https://unavatar.io/usemultiplier.com,4.6,$40/mo,Per contractor / month ($400/mo for EOR),false,https://www.usemultiplier.com,Self-Serve EOR|Instant Employment Contracts|Global Insurance|Multi-Currency Payouts,Competitive baseline EOR pricing ($400/mo)|Instant contract generation|Strong Asian market presence,Smaller user community|Fewer third-party software integrations,deel,Overall Fit,The HR Stack Guide's Overall Winner: Deel,,"Based on The HR Stack Guide's 2026 evaluation, Deel edges out the competition for Design & Marketing Agencies due to its superior score (4.8/5), flexible operational setup, and strong support for Flexible monthly contractor invoicing, fast payouts, and zero overhead.","The HR Stack Guide research team evaluated 2026 feature sets and pricing models for Deel and Multiplier for Client-service agencies managing variable monthly international contractor pools. Based on that analysis, Deel is the recommended choice. Deel starts at $49/mo while Multiplier starts at $40/mo.","{""Native Legal Entities"": {""a"": true, ""b"": true}, ""Contractor Auto-Pay"": {""a"": true, ""b"": true}, ""IT Device Shipping"": {""a"": true, ""b"": false}, ""Localized Health Benefits"": {""a"": true, ""b"": true}, ""Equity & Stock Admin"": {""a"": true, ""b"": false}, ""Zero FX Rate Markup"": {""a"": false, ""b"": false}, ""Global Tax Filings"": {""a"": true, ""b"": true}, ""Background Checks"": {""a"": true, ""b"": false}, ""Native US Payroll"": {""a"": true, ""b"": false}, ""Free Trial Available"": {""a"": false, ""b"": false}}",Deel vs Multiplier for Design & Marketing Agencies (2026 Comparison),Detailed comparison of Deel vs Multiplier for Design & Marketing Agencies.
deel-vs-plane-for-agencies,agencies,Design & Marketing Agencies,Design & Marketing Agencies teams,Client-service agencies managing variable monthly international contractor pools.,deel,Deel,/deel.png,4.8,$49/mo,Per contractor / month ($599/mo for EOR),false,https://www.deel.com,150+ Country EOR|Contractor Auto-Pay|Equipment Shipping|Background Checks,Fast 24-hr onboarding|Comprehensive localized tax compliance|Flexible payout options,EOR pricing can be steep for small teams|Admin UI has a learning curve,plane,Plane,https://unavatar.io/plane.com,4.5,$20/mo,Flat $29/mo per contractor ($299/mo for EOR),true,https://plane.com,Zero FX Markup|Stock Option Grants|Flat-Fee Pricing|Direct Crypto/Fiat Pay,No exchange rate markup fees|Lowest EOR rate in the market ($299/mo)|Transparent pricing,Fewer automated localized HR add-ons|Smaller legal footprint,deel,Overall Fit,The HR Stack Guide's Overall Winner: Deel,,"Based on The HR Stack Guide's 2026 evaluation, Deel edges out the competition for Design & Marketing Agencies due to its superior score (4.8/5), flexible operational setup, and strong support for Flexible monthly contractor invoicing, fast payouts, and zero overhead.","The HR Stack Guide research team evaluated 2026 feature sets and pricing models for Deel and Plane for Client-service agencies managing variable monthly international contractor pools. Based on that analysis, Deel is the recommended choice. Deel starts at $49/mo while Plane starts at $20/mo.","{""Native Legal Entities"": {""a"": true, ""b"": true}, ""Contractor Auto-Pay"": {""a"": true, ""b"": true}, ""IT Device Shipping"": {""a"": true, ""b"": false}, ""Localized Health Benefits"": {""a"": true, ""b"": false}, ""Equity & Stock Admin"": {""a"": true, ""b"": true}, ""Zero FX Rate Markup"": {""a"": false, ""b"": true}, ""Global Tax Filings"": {""a"": true, ""b"": false}, ""Background Checks"": {""a"": true, ""b"": false}, ""Native US Payroll"": {""a"": true, ""b"": false}, ""Free Trial Available"": {""a"": false, ""b"": true}}",Deel vs Plane for Design & Marketing Agencies (2026 Comparison),Detailed comparison of Deel vs Plane for Design & Marketing Agencies.
rippling-vs-remote-for-agencies,agencies,Design & Marketing Agencies,Design & Marketing Agencies teams,Client-service agencies managing variable monthly international contractor pools.,rippling,Rippling,https://unavatar.io/rippling.com,4.7,$35/mo,Base fee + $8 per user / month,false,https://www.rippling.com,Unified HR & IT|US & Global Payroll|Device Management|App Provisioning,Automates IT device setup alongside HR|Powerful custom workflow engine|Native US payroll integration,Base platform fee required|EOR feature set is secondary to HRIS,remote,Remote,https://unavatar.io/remote.com,4.6,$29/mo,Per contractor / month ($599/mo for EOR),true,https://remote.com,100% Native Entities|IP Protection|Global Benefits|Remote Relocation,Owns all local legal entities directly|Strong IP guardrails for tech startups|No hidden markup fees,Slower entity expansion than Deel|Limited IT management tooling,remote,Global EOR,The HR Stack Guide's Winner for Global EOR: Remote,"Owns 100% of its local legal entities directly rather than relying on secondary EOR partners|Zero FX markup on cross-border payouts keeps international payroll costs predictable|Built-in IP and invention-assignment protections purpose-built for distributed, IP-sensitive teams","Based on The HR Stack Guide's 2026 evaluation, Remote is the stronger fit for global eor for Design & Marketing Agencies evaluating international remote team operations: Owns 100% of its local legal entities directly rather than relying on secondary EOR partners; Zero FX markup on cross-border payouts keeps international payroll costs predictable; and Built-in IP and invention-assignment protections purpose-built for distributed, IP-sensitive teams. Both platforms carry solid overall ratings (4.6/5 for Remote vs. 4.7/5 for Rippling), but Rippling is built primarily as a general-purpose domestic HRIS, so Remote pulls ahead specifically on global eor for globally distributed teams.","The HR Stack Guide research team evaluated 2026 feature sets and pricing models for Rippling and Remote for Client-service agencies managing variable monthly international contractor pools. Based on that analysis, Remote is the recommended choice for global eor. Rippling starts at $35/mo while Remote starts at $29/mo.","{""Native Legal Entities"": {""a"": false, ""b"": true}, ""Contractor Auto-Pay"": {""a"": true, ""b"": true}, ""IT Device Shipping"": {""a"": true, ""b"": false}, ""Localized Health Benefits"": {""a"": true, ""b"": true}, ""Equity & Stock Admin"": {""a"": true, ""b"": true}, ""Zero FX Rate Markup"": {""a"": false, ""b"": true}, ""Global Tax Filings"": {""a"": true, ""b"": true}, ""Background Checks"": {""a"": true, ""b"": true}, ""Native US Payroll"": {""a"": true, ""b"": false}, ""Free Trial Available"": {""a"": false, ""b"": true}}",Rippling vs Remote for Design & Marketing Agencies (2026 Comparison),Detailed comparison of Rippling vs Remote for Design & Marketing Agencies.
rippling-vs-oyster-for-agencies,agencies,Design & Marketing Agencies,Design & Marketing Agencies teams,Client-service agencies managing variable monthly international contractor pools.,rippling,Rippling,https://unavatar.io/rippling.com,4.7,$35/mo,Base fee + $8 per user / month,false,https://www.rippling.com,Unified HR & IT|US & Global Payroll|Device Management|App Provisioning,Automates IT device setup alongside HR|Powerful custom workflow engine|Native US payroll integration,Base platform fee required|EOR feature set is secondary to HRIS,oyster,Oyster HR,/Oyster.png,4.5,$29/mo,Per contractor / month ($499/mo for EOR),true,https://www.oysterhr.com,180+ Country Reach|Oyster Academy|Global Employment Cost Calculator|Equity Admin,Extremely intuitive UI|Great tools for early-stage founder estimation|B-Corp social mission,Relies on third-party local partners in select markets|Slightly higher EOR base rate,oyster,International Contractor Management,The HR Stack Guide's Winner for International Contractor Management: Oyster HR,"180+ country contractor and EOR reach with a dedicated Global Employment Cost Calculator for upfront budgeting|Contractor-first onboarding flows purpose-built for hiring across borders, rather than adapted from a domestic-first HRIS|Oyster Academy resources help first-time international hiring teams navigate compliance without dedicated in-house legal support","Based on The HR Stack Guide's 2026 evaluation, Oyster HR is the stronger fit for international contractor management for Design & Marketing Agencies evaluating international remote team operations: 180+ country contractor and EOR reach with a dedicated Global Employment Cost Calculator for upfront budgeting; Contractor-first onboarding flows purpose-built for hiring across borders, rather than adapted from a domestic-first HRIS; and Oyster Academy resources help first-time international hiring teams navigate compliance without dedicated in-house legal support. Both platforms carry solid overall ratings (4.5/5 for Oyster HR vs. 4.7/5 for Rippling), but Rippling is built primarily as a general-purpose domestic HRIS, so Oyster HR pulls ahead specifically on international contractor management for globally distributed teams.","The HR Stack Guide research team evaluated 2026 feature sets and pricing models for Rippling and Oyster HR for Client-service agencies managing variable monthly international contractor pools. Based on that analysis, Oyster HR is the recommended choice for international contractor management. Rippling starts at $35/mo while Oyster HR starts at $29/mo.","{""Native Legal Entities"": {""a"": false, ""b"": false}, ""Contractor Auto-Pay"": {""a"": true, ""b"": true}, ""IT Device Shipping"": {""a"": true, ""b"": false}, ""Localized Health Benefits"": {""a"": true, ""b"": true}, ""Equity & Stock Admin"": {""a"": true, ""b"": true}, ""Zero FX Rate Markup"": {""a"": false, ""b"": false}, ""Global Tax Filings"": {""a"": true, ""b"": true}, ""Background Checks"": {""a"": true, ""b"": true}, ""Native US Payroll"": {""a"": true, ""b"": false}, ""Free Trial Available"": {""a"": false, ""b"": true}}",Rippling vs Oyster HR for Design & Marketing Agencies (2026 Comparison),Detailed comparison of Rippling vs Oyster HR for Design & Marketing Agencies.
rippling-vs-gusto-for-agencies,agencies,Design & Marketing Agencies,Design & Marketing Agencies teams,Client-service agencies managing variable monthly international contractor pools.,rippling,Rippling,https://unavatar.io/rippling.com,4.7,$35/mo,Base fee + $8 per user / month,false,https://www.rippling.com,Unified HR & IT|US & Global Payroll|Device Management|App Provisioning,Automates IT device setup alongside HR|Powerful custom workflow engine|Native US payroll integration,Base platform fee required|EOR feature set is secondary to HRIS,gusto,Gusto,/Gusto.png,4.7,$40/mo,Base fee + $6 per user / month,true,https://www.gusto.com,US Native Payroll|Benefits Administration|International Contractor Pay|Time Tracking,Best-in-class user experience for US teams|Automated state tax filings|Affordable pricing,Not a full global EOR (contractor pay only internationally)|US-centric only,gusto,Domestic SMB Simplicity,The HR Stack Guide's Winner for Domestic SMB Simplicity: Gusto,"Best-in-class US payroll experience purpose-built for small teams, without added IT device-management overhead|Automated state-by-state tax filings come standard, reducing the compliance workload for lean SMB teams|Simple, transparent per-employee pricing starting lower than a base-fee-plus-per-user model","Based on The HR Stack Guide's 2026 evaluation, Gusto is the stronger fit for domestic smb simplicity for Design & Marketing Agencies evaluating international remote team operations: Best-in-class US payroll experience purpose-built for small teams, without added IT device-management overhead; Automated state-by-state tax filings come standard, reducing the compliance workload for lean SMB teams; and Simple, transparent per-employee pricing starting lower than a base-fee-plus-per-user model. Both platforms carry solid overall ratings (4.7/5 for Gusto vs. 4.7/5 for Rippling), but Rippling is built primarily as a general-purpose domestic HRIS, so Gusto pulls ahead specifically on domestic smb simplicity for globally distributed teams.","The HR Stack Guide research team evaluated 2026 feature sets and pricing models for Rippling and Gusto for Client-service agencies managing variable monthly international contractor pools. Based on that analysis, Gusto is the recommended choice for domestic smb simplicity. Rippling starts at $35/mo while Gusto starts at $40/mo.","{""Native Legal Entities"": {""a"": false, ""b"": false}, ""Contractor Auto-Pay"": {""a"": true, ""b"": true}, ""IT Device Shipping"": {""a"": true, ""b"": false}, ""Localized Health Benefits"": {""a"": true, ""b"": false}, ""Equity & Stock Admin"": {""a"": true, ""b"": false}, ""Zero FX Rate Markup"": {""a"": false, ""b"": false}, ""Global Tax Filings"": {""a"": true, ""b"": true}, ""Background Checks"": {""a"": true, ""b"": false}, ""Native US Payroll"": {""a"": true, ""b"": true}, ""Free Trial Available"": {""a"": false, ""b"": true}}",Rippling vs Gusto for Design & Marketing Agencies (2026 Comparison),Detailed comparison of Rippling vs Gusto for Design & Marketing Agencies.
rippling-vs-papaya-for-agencies,agencies,Design & Marketing Agencies,Design & Marketing Agencies teams,Client-service agencies managing variable monthly international contractor pools.,rippling,Rippling,https://unavatar.io/rippling.com,4.7,$35/mo,Base fee + $8 per user / month,false,https://www.rippling.com,Unified HR & IT|US & Global Payroll|Device Management|App Provisioning,Automates IT device setup alongside HR|Powerful custom workflow engine|Native US payroll integration,Base platform fee required|EOR feature set is secondary to HRIS,papaya,Papaya Global,https://unavatar.io/papayaglobal.com,4.4,$25/mo,Per contractor / month ($650/mo for EOR),false,https://papayaglobal.com,Enterprise Payroll|Workforce Intelligence|Embedded Payments|160+ Countries,Built for complex enterprise security and ERPs|Consolidated global payroll analytics|Bank-grade security,High minimum spend limits|Overkill for early-stage startups,rippling,Overall Fit,The HR Stack Guide's Overall Winner: Rippling,,"Based on The HR Stack Guide's 2026 evaluation, Rippling edges out the competition for Design & Marketing Agencies due to its superior score (4.7/5), flexible operational setup, and strong support for Flexible monthly contractor invoicing, fast payouts, and zero overhead.","The HR Stack Guide research team evaluated 2026 feature sets and pricing models for Rippling and Papaya Global for Client-service agencies managing variable monthly international contractor pools. Based on that analysis, Rippling is the recommended choice. Rippling starts at $35/mo while Papaya Global starts at $25/mo.","{""Native Legal Entities"": {""a"": false, ""b"": false}, ""Contractor Auto-Pay"": {""a"": true, ""b"": true}, ""IT Device Shipping"": {""a"": true, ""b"": false}, ""Localized Health Benefits"": {""a"": true, ""b"": true}, ""Equity & Stock Admin"": {""a"": true, ""b"": false}, ""Zero FX Rate Markup"": {""a"": false, ""b"": true}, ""Global Tax Filings"": {""a"": true, ""b"": true}, ""Background Checks"": {""a"": true, ""b"": true}, ""Native US Payroll"": {""a"": true, ""b"": true}, ""Free Trial Available"": {""a"": false, ""b"": false}}",Rippling vs Papaya Global for Design & Marketing Agencies (2026 Comparison),Detailed comparison of Rippling vs Papaya Global for Design & Marketing Agencies.
rippling-vs-multiplier-for-agencies,agencies,Design & Marketing Agencies,Design & Marketing Agencies teams,Client-service agencies managing variable monthly international contractor pools.,rippling,Rippling,https://unavatar.io/rippling.com,4.7,$35/mo,Base fee + $8 per user / month,false,https://www.rippling.com,Unified HR & IT|US & Global Payroll|Device Management|App Provisioning,Automates IT device setup alongside HR|Powerful custom workflow engine|Native US payroll integration,Base platform fee required|EOR feature set is secondary to HRIS,multiplier,Multiplier,https://unavatar.io/usemultiplier.com,4.6,$40/mo,Per contractor / month ($400/mo for EOR),false,https://www.usemultiplier.com,Self-Serve EOR|Instant Employment Contracts|Global Insurance|Multi-Currency Payouts,Competitive baseline EOR pricing ($400/mo)|Instant contract generation|Strong Asian market presence,Smaller user community|Fewer third-party software integrations,rippling,Overall Fit,The HR Stack Guide's Overall Winner: Rippling,,"Based on The HR Stack Guide's 2026 evaluation, Rippling edges out the competition for Design & Marketing Agencies due to its superior score (4.7/5), flexible operational setup, and strong support for Flexible monthly contractor invoicing, fast payouts, and zero overhead.","The HR Stack Guide research team evaluated 2026 feature sets and pricing models for Rippling and Multiplier for Client-service agencies managing variable monthly international contractor pools. Based on that analysis, Rippling is the recommended choice. Rippling starts at $35/mo while Multiplier starts at $40/mo.","{""Native Legal Entities"": {""a"": false, ""b"": true}, ""Contractor Auto-Pay"": {""a"": true, ""b"": true}, ""IT Device Shipping"": {""a"": true, ""b"": false}, ""Localized Health Benefits"": {""a"": true, ""b"": true}, ""Equity & Stock Admin"": {""a"": true, ""b"": false}, ""Zero FX Rate Markup"": {""a"": false, ""b"": false}, ""Global Tax Filings"": {""a"": true, ""b"": true}, ""Background Checks"": {""a"": true, ""b"": false}, ""Native US Payroll"": {""a"": true, ""b"": false}, ""Free Trial Available"": {""a"": false, ""b"": false}}",Rippling vs Multiplier for Design & Marketing Agencies (2026 Comparison),Detailed comparison of Rippling vs Multiplier for Design & Marketing Agencies.
rippling-vs-plane-for-agencies,agencies,Design & Marketing Agencies,Design & Marketing Agencies teams,Client-service agencies managing variable monthly international contractor pools.,rippling,Rippling,https://unavatar.io/rippling.com,4.7,$35/mo,Base fee + $8 per user / month,false,https://www.rippling.com,Unified HR & IT|US & Global Payroll|Device Management|App Provisioning,Automates IT device setup alongside HR|Powerful custom workflow engine|Native US payroll integration,Base platform fee required|EOR feature set is secondary to HRIS,plane,Plane,https://unavatar.io/plane.com,4.5,$20/mo,Flat $29/mo per contractor ($299/mo for EOR),true,https://plane.com,Zero FX Markup|Stock Option Grants|Flat-Fee Pricing|Direct Crypto/Fiat Pay,No exchange rate markup fees|Lowest EOR rate in the market ($299/mo)|Transparent pricing,Fewer automated localized HR add-ons|Smaller legal footprint,rippling,Overall Fit,The HR Stack Guide's Overall Winner: Rippling,,"Based on The HR Stack Guide's 2026 evaluation, Rippling edges out the competition for Design & Marketing Agencies due to its superior score (4.7/5), flexible operational setup, and strong support for Flexible monthly contractor invoicing, fast payouts, and zero overhead.","The HR Stack Guide research team evaluated 2026 feature sets and pricing models for Rippling and Plane for Client-service agencies managing variable monthly international contractor pools. Based on that analysis, Rippling is the recommended choice. Rippling starts at $35/mo while Plane starts at $20/mo.","{""Native Legal Entities"": {""a"": false, ""b"": true}, ""Contractor Auto-Pay"": {""a"": true, ""b"": true}, ""IT Device Shipping"": {""a"": true, ""b"": false}, ""Localized Health Benefits"": {""a"": true, ""b"": false}, ""Equity & Stock Admin"": {""a"": true, ""b"": true}, ""Zero FX Rate Markup"": {""a"": false, ""b"": true}, ""Global Tax Filings"": {""a"": true, ""b"": false}, ""Background Checks"": {""a"": true, ""b"": false}, ""Native US Payroll"": {""a"": true, ""b"": false}, ""Free Trial Available"": {""a"": false, ""b"": true}}",Rippling vs Plane for Design & Marketing Agencies (2026 Comparison),Detailed comparison of Rippling vs Plane for Design & Marketing Agencies.
remote-vs-oyster-for-agencies,agencies,Design & Marketing Agencies,Design & Marketing Agencies teams,Client-service agencies managing variable monthly international contractor pools.,remote,Remote,https://unavatar.io/remote.com,4.6,$29/mo,Per contractor / month ($599/mo for EOR),true,https://remote.com,100% Native Entities|IP Protection|Global Benefits|Remote Relocation,Owns all local legal entities directly|Strong IP guardrails for tech startups|No hidden markup fees,Slower entity expansion than Deel|Limited IT management tooling,oyster,Oyster HR,/Oyster.png,4.5,$29/mo,Per contractor / month ($499/mo for EOR),true,https://www.oysterhr.com,180+ Country Reach|Oyster Academy|Global Employment Cost Calculator|Equity Admin,Extremely intuitive UI|Great tools for early-stage founder estimation|B-Corp social mission,Relies on third-party local partners in select markets|Slightly higher EOR base rate,remote,Overall Fit,The HR Stack Guide's Overall Winner: Remote,,"Based on The HR Stack Guide's 2026 evaluation, Remote edges out the competition for Design & Marketing Agencies due to its superior score (4.6/5), flexible operational setup, and strong support for Flexible monthly contractor invoicing, fast payouts, and zero overhead.","The HR Stack Guide research team evaluated 2026 feature sets and pricing models for Remote and Oyster HR for Client-service agencies managing variable monthly international contractor pools. Based on that analysis, Remote is the recommended choice. Remote starts at $29/mo while Oyster HR starts at $29/mo.","{""Native Legal Entities"": {""a"": true, ""b"": false}, ""Contractor Auto-Pay"": {""a"": true, ""b"": true}, ""IT Device Shipping"": {""a"": false, ""b"": false}, ""Localized Health Benefits"": {""a"": true, ""b"": true}, ""Equity & Stock Admin"": {""a"": true, ""b"": true}, ""Zero FX Rate Markup"": {""a"": true, ""b"": false}, ""Global Tax Filings"": {""a"": true, ""b"": true}, ""Background Checks"": {""a"": true, ""b"": true}, ""Native US Payroll"": {""a"": false, ""b"": false}, ""Free Trial Available"": {""a"": true, ""b"": true}}",Remote vs Oyster HR for Design & Marketing Agencies (2026 Comparison),Detailed comparison of Remote vs Oyster HR for Design & Marketing Agencies.
remote-vs-gusto-for-agencies,agencies,Design & Marketing Agencies,Design & Marketing Agencies teams,Client-service agencies managing variable monthly international contractor pools.,remote,Remote,https://unavatar.io/remote.com,4.6,$29/mo,Per contractor / month ($599/mo for EOR),true,https://remote.com,100% Native Entities|IP Protection|Global Benefits|Remote Relocation,Owns all local legal entities directly|Strong IP guardrails for tech startups|No hidden markup fees,Slower entity expansion than Deel|Limited IT management tooling,gusto,Gusto,/Gusto.png,4.7,$40/mo,Base fee + $6 per user / month,true,https://www.gusto.com,US Native Payroll|Benefits Administration|International Contractor Pay|Time Tracking,Best-in-class user experience for US teams|Automated state tax filings|Affordable pricing,Not a full global EOR (contractor pay only internationally)|US-centric only,gusto,Overall Fit,The HR Stack Guide's Overall Winner: Gusto,,"Based on The HR Stack Guide's 2026 evaluation, Gusto edges out the competition for Design & Marketing Agencies due to its superior score (4.7/5), flexible operational setup, and strong support for Flexible monthly contractor invoicing, fast payouts, and zero overhead.","The HR Stack Guide research team evaluated 2026 feature sets and pricing models for Remote and Gusto for Client-service agencies managing variable monthly international contractor pools. Based on that analysis, Gusto is the recommended choice. Remote starts at $29/mo while Gusto starts at $40/mo.","{""Native Legal Entities"": {""a"": true, ""b"": false}, ""Contractor Auto-Pay"": {""a"": true, ""b"": true}, ""IT Device Shipping"": {""a"": false, ""b"": false}, ""Localized Health Benefits"": {""a"": true, ""b"": false}, ""Equity & Stock Admin"": {""a"": true, ""b"": false}, ""Zero FX Rate Markup"": {""a"": true, ""b"": false}, ""Global Tax Filings"": {""a"": true, ""b"": true}, ""Background Checks"": {""a"": true, ""b"": false}, ""Native US Payroll"": {""a"": false, ""b"": true}, ""Free Trial Available"": {""a"": true, ""b"": true}}",Remote vs Gusto for Design & Marketing Agencies (2026 Comparison),Detailed comparison of Remote vs Gusto for Design & Marketing Agencies.
remote-vs-papaya-for-agencies,agencies,Design & Marketing Agencies,Design & Marketing Agencies teams,Client-service agencies managing variable monthly international contractor pools.,remote,Remote,https://unavatar.io/remote.com,4.6,$29/mo,Per contractor / month ($599/mo for EOR),true,https://remote.com,100% Native Entities|IP Protection|Global Benefits|Remote Relocation,Owns all local legal entities directly|Strong IP guardrails for tech startups|No hidden markup fees,Slower entity expansion than Deel|Limited IT management tooling,papaya,Papaya Global,https://unavatar.io/papayaglobal.com,4.4,$25/mo,Per contractor / month ($650/mo for EOR),false,https://papayaglobal.com,Enterprise Payroll|Workforce Intelligence|Embedded Payments|160+ Countries,Built for complex enterprise security and ERPs|Consolidated global payroll analytics|Bank-grade security,High minimum spend limits|Overkill for early-stage startups,remote,Overall Fit,The HR Stack Guide's Overall Winner: Remote,,"Based on The HR Stack Guide's 2026 evaluation, Remote edges out the competition for Design & Marketing Agencies due to its superior score (4.6/5), flexible operational setup, and strong support for Flexible monthly contractor invoicing, fast payouts, and zero overhead.","The HR Stack Guide research team evaluated 2026 feature sets and pricing models for Remote and Papaya Global for Client-service agencies managing variable monthly international contractor pools. Based on that analysis, Remote is the recommended choice. Remote starts at $29/mo while Papaya Global starts at $25/mo.","{""Native Legal Entities"": {""a"": true, ""b"": false}, ""Contractor Auto-Pay"": {""a"": true, ""b"": true}, ""IT Device Shipping"": {""a"": false, ""b"": false}, ""Localized Health Benefits"": {""a"": true, ""b"": true}, ""Equity & Stock Admin"": {""a"": true, ""b"": false}, ""Zero FX Rate Markup"": {""a"": true, ""b"": true}, ""Global Tax Filings"": {""a"": true, ""b"": true}, ""Background Checks"": {""a"": true, ""b"": true}, ""Native US Payroll"": {""a"": false, ""b"": true}, ""Free Trial Available"": {""a"": true, ""b"": false}}",Remote vs Papaya Global for Design & Marketing Agencies (2026 Comparison),Detailed comparison of Remote vs Papaya Global for Design & Marketing Agencies.
remote-vs-multiplier-for-agencies,agencies,Design & Marketing Agencies,Design & Marketing Agencies teams,Client-service agencies managing variable monthly international contractor pools.,remote,Remote,https://unavatar.io/remote.com,4.6,$29/mo,Per contractor / month ($599/mo for EOR),true,https://remote.com,100% Native Entities|IP Protection|Global Benefits|Remote Relocation,Owns all local legal entities directly|Strong IP guardrails for tech startups|No hidden markup fees,Slower entity expansion than Deel|Limited IT management tooling,multiplier,Multiplier,https://unavatar.io/usemultiplier.com,4.6,$40/mo,Per contractor / month ($400/mo for EOR),false,https://www.usemultiplier.com,Self-Serve EOR|Instant Employment Contracts|Global Insurance|Multi-Currency Payouts,Competitive baseline EOR pricing ($400/mo)|Instant contract generation|Strong Asian market presence,Smaller user community|Fewer third-party software integrations,remote,Overall Fit,The HR Stack Guide's Overall Winner: Remote,,"Based on The HR Stack Guide's 2026 evaluation, Remote edges out the competition for Design & Marketing Agencies due to its superior score (4.6/5), flexible operational setup, and strong support for Flexible monthly contractor invoicing, fast payouts, and zero overhead.","The HR Stack Guide research team evaluated 2026 feature sets and pricing models for Remote and Multiplier for Client-service agencies managing variable monthly international contractor pools. Based on that analysis, Remote is the recommended choice. Remote starts at $29/mo while Multiplier starts at $40/mo.","{""Native Legal Entities"": {""a"": true, ""b"": true}, ""Contractor Auto-Pay"": {""a"": true, ""b"": true}, ""IT Device Shipping"": {""a"": false, ""b"": false}, ""Localized Health Benefits"": {""a"": true, ""b"": true}, ""Equity & Stock Admin"": {""a"": true, ""b"": false}, ""Zero FX Rate Markup"": {""a"": true, ""b"": false}, ""Global Tax Filings"": {""a"": true, ""b"": true}, ""Background Checks"": {""a"": true, ""b"": false}, ""Native US Payroll"": {""a"": false, ""b"": false}, ""Free Trial Available"": {""a"": true, ""b"": false}}",Remote vs Multiplier for Design & Marketing Agencies (2026 Comparison),Detailed comparison of Remote vs Multiplier for Design & Marketing Agencies.
remote-vs-plane-for-agencies,agencies,Design & Marketing Agencies,Design & Marketing Agencies teams,Client-service agencies managing variable monthly international contractor pools.,remote,Remote,https://unavatar.io/remote.com,4.6,$29/mo,Per contractor / month ($599/mo for EOR),true,https://remote.com,100% Native Entities|IP Protection|Global Benefits|Remote Relocation,Owns all local legal entities directly|Strong IP guardrails for tech startups|No hidden markup fees,Slower entity expansion than Deel|Limited IT management tooling,plane,Plane,https://unavatar.io/plane.com,4.5,$20/mo,Flat $29/mo per contractor ($299/mo for EOR),true,https://plane.com,Zero FX Markup|Stock Option Grants|Flat-Fee Pricing|Direct Crypto/Fiat Pay,No exchange rate markup fees|Lowest EOR rate in the market ($299/mo)|Transparent pricing,Fewer automated localized HR add-ons|Smaller legal footprint,remote,Overall Fit,The HR Stack Guide's Overall Winner: Remote,,"Based on The HR Stack Guide's 2026 evaluation, Remote edges out the competition for Design & Marketing Agencies due to its superior score (4.6/5), flexible operational setup, and strong support for Flexible monthly contractor invoicing, fast payouts, and zero overhead.","The HR Stack Guide research team evaluated 2026 feature sets and pricing models for Remote and Plane for Client-service agencies managing variable monthly international contractor pools. Based on that analysis, Remote is the recommended choice. Remote starts at $29/mo while Plane starts at $20/mo.","{""Native Legal Entities"": {""a"": true, ""b"": true}, ""Contractor Auto-Pay"": {""a"": true, ""b"": true}, ""IT Device Shipping"": {""a"": false, ""b"": false}, ""Localized Health Benefits"": {""a"": true, ""b"": false}, ""Equity & Stock Admin"": {""a"": true, ""b"": true}, ""Zero FX Rate Markup"": {""a"": true, ""b"": true}, ""Global Tax Filings"": {""a"": true, ""b"": false}, ""Background Checks"": {""a"": true, ""b"": false}, ""Native US Payroll"": {""a"": false, ""b"": false}, ""Free Trial Available"": {""a"": true, ""b"": true}}",Remote vs Plane for Design & Marketing Agencies (2026 Comparison),Detailed comparison of Remote vs Plane for Design & Marketing Agencies.
oyster-vs-gusto-for-agencies,agencies,Design & Marketing Agencies,Design & Marketing Agencies teams,Client-service agencies managing variable monthly international contractor pools.,oyster,Oyster HR,/Oyster.png,4.5,$29/mo,Per contractor / month ($499/mo for EOR),true,https://www.oysterhr.com,180+ Country Reach|Oyster Academy|Global Employment Cost Calculator|Equity Admin,Extremely intuitive UI|Great tools for early-stage founder estimation|B-Corp social mission,Relies on third-party local partners in select markets|Slightly higher EOR base rate,gusto,Gusto,/Gusto.png,4.7,$40/mo,Base fee + $6 per user / month,true,https://www.gusto.com,US Native Payroll|Benefits Administration|International Contractor Pay|Time Tracking,Best-in-class user experience for US teams|Automated state tax filings|Affordable pricing,Not a full global EOR (contractor pay only internationally)|US-centric only,gusto,Overall Fit,The HR Stack Guide's Overall Winner: Gusto,,"Based on The HR Stack Guide's 2026 evaluation, Gusto edges out the competition for Design & Marketing Agencies due to its superior score (4.7/5), flexible operational setup, and strong support for Flexible monthly contractor invoicing, fast payouts, and zero overhead.","The HR Stack Guide research team evaluated 2026 feature sets and pricing models for Oyster HR and Gusto for Client-service agencies managing variable monthly international contractor pools. Based on that analysis, Gusto is the recommended choice. Oyster HR starts at $29/mo while Gusto starts at $40/mo.","{""Native Legal Entities"": {""a"": false, ""b"": false}, ""Contractor Auto-Pay"": {""a"": true, ""b"": true}, ""IT Device Shipping"": {""a"": false, ""b"": false}, ""Localized Health Benefits"": {""a"": true, ""b"": false}, ""Equity & Stock Admin"": {""a"": true, ""b"": false}, ""Zero FX Rate Markup"": {""a"": false, ""b"": false}, ""Global Tax Filings"": {""a"": true, ""b"": true}, ""Background Checks"": {""a"": true, ""b"": false}, ""Native US Payroll"": {""a"": false, ""b"": true}, ""Free Trial Available"": {""a"": true, ""b"": true}}",Oyster HR vs Gusto for Design & Marketing Agencies (2026 Comparison),Detailed comparison of Oyster HR vs Gusto for Design & Marketing Agencies.
oyster-vs-papaya-for-agencies,agencies,Design & Marketing Agencies,Design & Marketing Agencies teams,Client-service agencies managing variable monthly international contractor pools.,oyster,Oyster HR,/Oyster.png,4.5,$29/mo,Per contractor / month ($499/mo for EOR),true,https://www.oysterhr.com,180+ Country Reach|Oyster Academy|Global Employment Cost Calculator|Equity Admin,Extremely intuitive UI|Great tools for early-stage founder estimation|B-Corp social mission,Relies on third-party local partners in select markets|Slightly higher EOR base rate,papaya,Papaya Global,https://unavatar.io/papayaglobal.com,4.4,$25/mo,Per contractor / month ($650/mo for EOR),false,https://papayaglobal.com,Enterprise Payroll|Workforce Intelligence|Embedded Payments|160+ Countries,Built for complex enterprise security and ERPs|Consolidated global payroll analytics|Bank-grade security,High minimum spend limits|Overkill for early-stage startups,oyster,Overall Fit,The HR Stack Guide's Overall Winner: Oyster HR,,"Based on The HR Stack Guide's 2026 evaluation, Oyster HR edges out the competition for Design & Marketing Agencies due to its superior score (4.5/5), flexible operational setup, and strong support for Flexible monthly contractor invoicing, fast payouts, and zero overhead.","The HR Stack Guide research team evaluated 2026 feature sets and pricing models for Oyster HR and Papaya Global for Client-service agencies managing variable monthly international contractor pools. Based on that analysis, Oyster HR is the recommended choice. Oyster HR starts at $29/mo while Papaya Global starts at $25/mo.","{""Native Legal Entities"": {""a"": false, ""b"": false}, ""Contractor Auto-Pay"": {""a"": true, ""b"": true}, ""IT Device Shipping"": {""a"": false, ""b"": false}, ""Localized Health Benefits"": {""a"": true, ""b"": true}, ""Equity & Stock Admin"": {""a"": true, ""b"": false}, ""Zero FX Rate Markup"": {""a"": false, ""b"": true}, ""Global Tax Filings"": {""a"": true, ""b"": true}, ""Background Checks"": {""a"": true, ""b"": true}, ""Native US Payroll"": {""a"": false, ""b"": true}, ""Free Trial Available"": {""a"": true, ""b"": false}}",Oyster HR vs Papaya Global for Design & Marketing Agencies (2026 Comparison),Detailed comparison of Oyster HR vs Papaya Global for Design & Marketing Agencies.
oyster-vs-multiplier-for-agencies,agencies,Design & Marketing Agencies,Design & Marketing Agencies teams,Client-service agencies managing variable monthly international contractor pools.,oyster,Oyster HR,/Oyster.png,4.5,$29/mo,Per contractor / month ($499/mo for EOR),true,https://www.oysterhr.com,180+ Country Reach|Oyster Academy|Global Employment Cost Calculator|Equity Admin,Extremely intuitive UI|Great tools for early-stage founder estimation|B-Corp social mission,Relies on third-party local partners in select markets|Slightly higher EOR base rate,multiplier,Multiplier,https://unavatar.io/usemultiplier.com,4.6,$40/mo,Per contractor / month ($400/mo for EOR),false,https://www.usemultiplier.com,Self-Serve EOR|Instant Employment Contracts|Global Insurance|Multi-Currency Payouts,Competitive baseline EOR pricing ($400/mo)|Instant contract generation|Strong Asian market presence,Smaller user community|Fewer third-party software integrations,multiplier,Overall Fit,The HR Stack Guide's Overall Winner: Multiplier,,"Based on The HR Stack Guide's 2026 evaluation, Multiplier edges out the competition for Design & Marketing Agencies due to its superior score (4.6/5), flexible operational setup, and strong support for Flexible monthly contractor invoicing, fast payouts, and zero overhead.","The HR Stack Guide research team evaluated 2026 feature sets and pricing models for Oyster HR and Multiplier for Client-service agencies managing variable monthly international contractor pools. Based on that analysis, Multiplier is the recommended choice. Oyster HR starts at $29/mo while Multiplier starts at $40/mo.","{""Native Legal Entities"": {""a"": false, ""b"": true}, ""Contractor Auto-Pay"": {""a"": true, ""b"": true}, ""IT Device Shipping"": {""a"": false, ""b"": false}, ""Localized Health Benefits"": {""a"": true, ""b"": true}, ""Equity & Stock Admin"": {""a"": true, ""b"": false}, ""Zero FX Rate Markup"": {""a"": false, ""b"": false}, ""Global Tax Filings"": {""a"": true, ""b"": true}, ""Background Checks"": {""a"": true, ""b"": false}, ""Native US Payroll"": {""a"": false, ""b"": false}, ""Free Trial Available"": {""a"": true, ""b"": false}}",Oyster HR vs Multiplier for Design & Marketing Agencies (2026 Comparison),Detailed comparison of Oyster HR vs Multiplier for Design & Marketing Agencies.
oyster-vs-plane-for-agencies,agencies,Design & Marketing Agencies,Design & Marketing Agencies teams,Client-service agencies managing variable monthly international contractor pools.,oyster,Oyster HR,/Oyster.png,4.5,$29/mo,Per contractor / month ($499/mo for EOR),true,https://www.oysterhr.com,180+ Country Reach|Oyster Academy|Global Employment Cost Calculator|Equity Admin,Extremely intuitive UI|Great tools for early-stage founder estimation|B-Corp social mission,Relies on third-party local partners in select markets|Slightly higher EOR base rate,plane,Plane,https://unavatar.io/plane.com,4.5,$20/mo,Flat $29/mo per contractor ($299/mo for EOR),true,https://plane.com,Zero FX Markup|Stock Option Grants|Flat-Fee Pricing|Direct Crypto/Fiat Pay,No exchange rate markup fees|Lowest EOR rate in the market ($299/mo)|Transparent pricing,Fewer automated localized HR add-ons|Smaller legal footprint,oyster,Overall Fit,The HR Stack Guide's Overall Winner: Oyster HR,,"Based on The HR Stack Guide's 2026 evaluation, Oyster HR edges out the competition for Design & Marketing Agencies due to its superior score (4.5/5), flexible operational setup, and strong support for Flexible monthly contractor invoicing, fast payouts, and zero overhead.","The HR Stack Guide research team evaluated 2026 feature sets and pricing models for Oyster HR and Plane for Client-service agencies managing variable monthly international contractor pools. Based on that analysis, Oyster HR is the recommended choice. Oyster HR starts at $29/mo while Plane starts at $20/mo.","{""Native Legal Entities"": {""a"": false, ""b"": true}, ""Contractor Auto-Pay"": {""a"": true, ""b"": true}, ""IT Device Shipping"": {""a"": false, ""b"": false}, ""Localized Health Benefits"": {""a"": true, ""b"": false}, ""Equity & Stock Admin"": {""a"": true, ""b"": true}, ""Zero FX Rate Markup"": {""a"": false, ""b"": true}, ""Global Tax Filings"": {""a"": true, ""b"": false}, ""Background Checks"": {""a"": true, ""b"": false}, ""Native US Payroll"": {""a"": false, ""b"": false}, ""Free Trial Available"": {""a"": true, ""b"": true}}",Oyster HR vs Plane for Design & Marketing Agencies (2026 Comparison),Detailed comparison of Oyster HR vs Plane for Design & Marketing Agencies.
gusto-vs-papaya-for-agencies,agencies,Design & Marketing Agencies,Design & Marketing Agencies teams,Client-service agencies managing variable monthly international contractor pools.,gusto,Gusto,/Gusto.png,4.7,$40/mo,Base fee + $6 per user / month,true,https://www.gusto.com,US Native Payroll|Benefits Administration|International Contractor Pay|Time Tracking,Best-in-class user experience for US teams|Automated state tax filings|Affordable pricing,Not a full global EOR (contractor pay only internationally)|US-centric only,papaya,Papaya Global,https://unavatar.io/papayaglobal.com,4.4,$25/mo,Per contractor / month ($650/mo for EOR),false,https://papayaglobal.com,Enterprise Payroll|Workforce Intelligence|Embedded Payments|160+ Countries,Built for complex enterprise security and ERPs|Consolidated global payroll analytics|Bank-grade security,High minimum spend limits|Overkill for early-stage startups,gusto,Overall Fit,The HR Stack Guide's Overall Winner: Gusto,,"Based on The HR Stack Guide's 2026 evaluation, Gusto edges out the competition for Design & Marketing Agencies due to its superior score (4.7/5), flexible operational setup, and strong support for Flexible monthly contractor invoicing, fast payouts, and zero overhead.","The HR Stack Guide research team evaluated 2026 feature sets and pricing models for Gusto and Papaya Global for Client-service agencies managing variable monthly international contractor pools. Based on that analysis, Gusto is the recommended choice. Gusto starts at $40/mo while Papaya Global starts at $25/mo.","{""Native Legal Entities"": {""a"": false, ""b"": false}, ""Contractor Auto-Pay"": {""a"": true, ""b"": true}, ""IT Device Shipping"": {""a"": false, ""b"": false}, ""Localized Health Benefits"": {""a"": false, ""b"": true}, ""Equity & Stock Admin"": {""a"": false, ""b"": false}, ""Zero FX Rate Markup"": {""a"": false, ""b"": true}, ""Global Tax Filings"": {""a"": true, ""b"": true}, ""Background Checks"": {""a"": false, ""b"": true}, ""Native US Payroll"": {""a"": true, ""b"": true}, ""Free Trial Available"": {""a"": true, ""b"": false}}",Gusto vs Papaya Global for Design & Marketing Agencies (2026 Comparison),Detailed comparison of Gusto vs Papaya Global for Design & Marketing Agencies.
gusto-vs-multiplier-for-agencies,agencies,Design & Marketing Agencies,Design & Marketing Agencies teams,Client-service agencies managing variable monthly international contractor pools.,gusto,Gusto,/Gusto.png,4.7,$40/mo,Base fee + $6 per user / month,true,https://www.gusto.com,US Native Payroll|Benefits Administration|International Contractor Pay|Time Tracking,Best-in-class user experience for US teams|Automated state tax filings|Affordable pricing,Not a full global EOR (contractor pay only internationally)|US-centric only,multiplier,Multiplier,https://unavatar.io/usemultiplier.com,4.6,$40/mo,Per contractor / month ($400/mo for EOR),false,https://www.usemultiplier.com,Self-Serve EOR|Instant Employment Contracts|Global Insurance|Multi-Currency Payouts,Competitive baseline EOR pricing ($400/mo)|Instant contract generation|Strong Asian market presence,Smaller user community|Fewer third-party software integrations,gusto,Overall Fit,The HR Stack Guide's Overall Winner: Gusto,,"Based on The HR Stack Guide's 2026 evaluation, Gusto edges out the competition for Design & Marketing Agencies due to its superior score (4.7/5), flexible operational setup, and strong support for Flexible monthly contractor invoicing, fast payouts, and zero overhead.","The HR Stack Guide research team evaluated 2026 feature sets and pricing models for Gusto and Multiplier for Client-service agencies managing variable monthly international contractor pools. Based on that analysis, Gusto is the recommended choice. Gusto starts at $40/mo while Multiplier starts at $40/mo.","{""Native Legal Entities"": {""a"": false, ""b"": true}, ""Contractor Auto-Pay"": {""a"": true, ""b"": true}, ""IT Device Shipping"": {""a"": false, ""b"": false}, ""Localized Health Benefits"": {""a"": false, ""b"": true}, ""Equity & Stock Admin"": {""a"": false, ""b"": false}, ""Zero FX Rate Markup"": {""a"": false, ""b"": false}, ""Global Tax Filings"": {""a"": true, ""b"": true}, ""Background Checks"": {""a"": false, ""b"": false}, ""Native US Payroll"": {""a"": true, ""b"": false}, ""Free Trial Available"": {""a"": true, ""b"": false}}",Gusto vs Multiplier for Design & Marketing Agencies (2026 Comparison),Detailed comparison of Gusto vs Multiplier for Design & Marketing Agencies.
gusto-vs-plane-for-agencies,agencies,Design & Marketing Agencies,Design & Marketing Agencies teams,Client-service agencies managing variable monthly international contractor pools.,gusto,Gusto,/Gusto.png,4.7,$40/mo,Base fee + $6 per user / month,true,https://www.gusto.com,US Native Payroll|Benefits Administration|International Contractor Pay|Time Tracking,Best-in-class user experience for US teams|Automated state tax filings|Affordable pricing,Not a full global EOR (contractor pay only internationally)|US-centric only,plane,Plane,https://unavatar.io/plane.com,4.5,$20/mo,Flat $29/mo per contractor ($299/mo for EOR),true,https://plane.com,Zero FX Markup|Stock Option Grants|Flat-Fee Pricing|Direct Crypto/Fiat Pay,No exchange rate markup fees|Lowest EOR rate in the market ($299/mo)|Transparent pricing,Fewer automated localized HR add-ons|Smaller legal footprint,gusto,Overall Fit,The HR Stack Guide's Overall Winner: Gusto,,"Based on The HR Stack Guide's 2026 evaluation, Gusto edges out the competition for Design & Marketing Agencies due to its superior score (4.7/5), flexible operational setup, and strong support for Flexible monthly contractor invoicing, fast payouts, and zero overhead.","The HR Stack Guide research team evaluated 2026 feature sets and pricing models for Gusto and Plane for Client-service agencies managing variable monthly international contractor pools. Based on that analysis, Gusto is the recommended choice. Gusto starts at $40/mo while Plane starts at $20/mo.","{""Native Legal Entities"": {""a"": false, ""b"": true}, ""Contractor Auto-Pay"": {""a"": true, ""b"": true}, ""IT Device Shipping"": {""a"": false, ""b"": false}, ""Localized Health Benefits"": {""a"": false, ""b"": false}, ""Equity & Stock Admin"": {""a"": false, ""b"": true}, ""Zero FX Rate Markup"": {""a"": false, ""b"": true}, ""Global Tax Filings"": {""a"": true, ""b"": false}, ""Background Checks"": {""a"": false, ""b"": false}, ""Native US Payroll"": {""a"": true, ""b"": false}, ""Free Trial Available"": {""a"": true, ""b"": true}}",Gusto vs Plane for Design & Marketing Agencies (2026 Comparison),Detailed comparison of Gusto vs Plane for Design & Marketing Agencies.
papaya-vs-multiplier-for-agencies,agencies,Design & Marketing Agencies,Design & Marketing Agencies teams,Client-service agencies managing variable monthly international contractor pools.,papaya,Papaya Global,https://unavatar.io/papayaglobal.com,4.4,$25/mo,Per contractor / month ($650/mo for EOR),false,https://papayaglobal.com,Enterprise Payroll|Workforce Intelligence|Embedded Payments|160+ Countries,Built for complex enterprise security and ERPs|Consolidated global payroll analytics|Bank-grade security,High minimum spend limits|Overkill for early-stage startups,multiplier,Multiplier,https://unavatar.io/usemultiplier.com,4.6,$40/mo,Per contractor / month ($400/mo for EOR),false,https://www.usemultiplier.com,Self-Serve EOR|Instant Employment Contracts|Global Insurance|Multi-Currency Payouts,Competitive baseline EOR pricing ($400/mo)|Instant contract generation|Strong Asian market presence,Smaller user community|Fewer third-party software integrations,multiplier,Overall Fit,The HR Stack Guide's Overall Winner: Multiplier,,"Based on The HR Stack Guide's 2026 evaluation, Multiplier edges out the competition for Design & Marketing Agencies due to its superior score (4.6/5), flexible operational setup, and strong support for Flexible monthly contractor invoicing, fast payouts, and zero overhead.","The HR Stack Guide research team evaluated 2026 feature sets and pricing models for Papaya Global and Multiplier for Client-service agencies managing variable monthly international contractor pools. Based on that analysis, Multiplier is the recommended choice. Papaya Global starts at $25/mo while Multiplier starts at $40/mo.","{""Native Legal Entities"": {""a"": false, ""b"": true}, ""Contractor Auto-Pay"": {""a"": true, ""b"": true}, ""IT Device Shipping"": {""a"": false, ""b"": false}, ""Localized Health Benefits"": {""a"": true, ""b"": true}, ""Equity & Stock Admin"": {""a"": false, ""b"": false}, ""Zero FX Rate Markup"": {""a"": true, ""b"": false}, ""Global Tax Filings"": {""a"": true, ""b"": true}, ""Background Checks"": {""a"": true, ""b"": false}, ""Native US Payroll"": {""a"": true, ""b"": false}, ""Free Trial Available"": {""a"": false, ""b"": false}}",Papaya Global vs Multiplier for Design & Marketing Agencies (2026 Comparison),Detailed comparison of Papaya Global vs Multiplier for Design & Marketing Agencies.
papaya-vs-plane-for-agencies,agencies,Design & Marketing Agencies,Design & Marketing Agencies teams,Client-service agencies managing variable monthly international contractor pools.,papaya,Papaya Global,https://unavatar.io/papayaglobal.com,4.4,$25/mo,Per contractor / month ($650/mo for EOR),false,https://papayaglobal.com,Enterprise Payroll|Workforce Intelligence|Embedded Payments|160+ Countries,Built for complex enterprise security and ERPs|Consolidated global payroll analytics|Bank-grade security,High minimum spend limits|Overkill for early-stage startups,plane,Plane,https://unavatar.io/plane.com,4.5,$20/mo,Flat $29/mo per contractor ($299/mo for EOR),true,https://plane.com,Zero FX Markup|Stock Option Grants|Flat-Fee Pricing|Direct Crypto/Fiat Pay,No exchange rate markup fees|Lowest EOR rate in the market ($299/mo)|Transparent pricing,Fewer automated localized HR add-ons|Smaller legal footprint,plane,Overall Fit,The HR Stack Guide's Overall Winner: Plane,,"Based on The HR Stack Guide's 2026 evaluation, Plane edges out the competition for Design & Marketing Agencies due to its superior score (4.5/5), flexible operational setup, and strong support for Flexible monthly contractor invoicing, fast payouts, and zero overhead.","The HR Stack Guide research team evaluated 2026 feature sets and pricing models for Papaya Global and Plane for Client-service agencies managing variable monthly international contractor pools. Based on that analysis, Plane is the recommended choice. Papaya Global starts at $25/mo while Plane starts at $20/mo.","{""Native Legal Entities"": {""a"": false, ""b"": true}, ""Contractor Auto-Pay"": {""a"": true, ""b"": true}, ""IT Device Shipping"": {""a"": false, ""b"": false}, ""Localized Health Benefits"": {""a"": true, ""b"": false}, ""Equity & Stock Admin"": {""a"": false, ""b"": true}, ""Zero FX Rate Markup"": {""a"": true, ""b"": true}, ""Global Tax Filings"": {""a"": true, ""b"": false}, ""Background Checks"": {""a"": true, ""b"": false}, ""Native US Payroll"": {""a"": true, ""b"": false}, ""Free Trial Available"": {""a"": false, ""b"": true}}",Papaya Global vs Plane for Design & Marketing Agencies (2026 Comparison),Detailed comparison of Papaya Global vs Plane for Design & Marketing Agencies.
multiplier-vs-plane-for-agencies,agencies,Design & Marketing Agencies,Design & Marketing Agencies teams,Client-service agencies managing variable monthly international contractor pools.,multiplier,Multiplier,https://unavatar.io/usemultiplier.com,4.6,$40/mo,Per contractor / month ($400/mo for EOR),false,https://www.usemultiplier.com,Self-Serve EOR|Instant Employment Contracts|Global Insurance|Multi-Currency Payouts,Competitive baseline EOR pricing ($400/mo)|Instant contract generation|Strong Asian market presence,Smaller user community|Fewer third-party software integrations,plane,Plane,https://unavatar.io/plane.com,4.5,$20/mo,Flat $29/mo per contractor ($299/mo for EOR),true,https://plane.com,Zero FX Markup|Stock Option Grants|Flat-Fee Pricing|Direct Crypto/Fiat Pay,No exchange rate markup fees|Lowest EOR rate in the market ($299/mo)|Transparent pricing,Fewer automated localized HR add-ons|Smaller legal footprint,multiplier,Overall Fit,The HR Stack Guide's Overall Winner: Multiplier,,"Based on The HR Stack Guide's 2026 evaluation, Multiplier edges out the competition for Design & Marketing Agencies due to its superior score (4.6/5), flexible operational setup, and strong support for Flexible monthly contractor invoicing, fast payouts, and zero overhead.","The HR Stack Guide research team evaluated 2026 feature sets and pricing models for Multiplier and Plane for Client-service agencies managing variable monthly international contractor pools. Based on that analysis, Multiplier is the recommended choice. Multiplier starts at $40/mo while Plane starts at $20/mo.","{""Native Legal Entities"": {""a"": true, ""b"": true}, ""Contractor Auto-Pay"": {""a"": true, ""b"": true}, ""IT Device Shipping"": {""a"": false, ""b"": false}, ""Localized Health Benefits"": {""a"": true, ""b"": false}, ""Equity & Stock Admin"": {""a"": false, ""b"": true}, ""Zero FX Rate Markup"": {""a"": false, ""b"": true}, ""Global Tax Filings"": {""a"": true, ""b"": false}, ""Background Checks"": {""a"": false, ""b"": false}, ""Native US Payroll"": {""a"": false, ""b"": false}, ""Free Trial Available"": {""a"": false, ""b"": true}}",Multiplier vs Plane for Design & Marketing Agencies (2026 Comparison),Detailed comparison of Multiplier vs Plane for Design & Marketing Agencies.
deel-vs-rippling-for-web3-crypto,web3-crypto,Web3 & Crypto Teams,Web3 & Crypto Teams,Decentralized teams requiring flexible global contractor payouts in fiat or stablecoins.,deel,Deel,/deel.png,4.8,$49/mo,Per contractor / month ($599/mo for EOR),false,https://www.deel.com,150+ Country EOR|Contractor Auto-Pay|Equipment Shipping|Background Checks,Fast 24-hr onboarding|Comprehensive localized tax compliance|Flexible payout options,EOR pricing can be steep for small teams|Admin UI has a learning curve,rippling,Rippling,https://unavatar.io/rippling.com,4.7,$35/mo,Base fee + $8 per user / month,false,https://www.rippling.com,Unified HR & IT|US & Global Payroll|Device Management|App Provisioning,Automates IT device setup alongside HR|Powerful custom workflow engine|Native US payroll integration,Base platform fee required|EOR feature set is secondary to HRIS,deel,Global EOR,The HR Stack Guide's Winner for Global EOR: Deel,"150+ country EOR network with dedicated in-market legal entities, versus a narrower international EOR footprint|24-hour EOR onboarding backed by in-house compliance and legal teams in each market|Equipment shipping and background checks are bundled directly into the EOR workflow for faster international hires","Based on The HR Stack Guide's 2026 evaluation, Deel is the stronger fit for global eor for Web3 & Crypto Teams evaluating international remote team operations: 150+ country EOR network with dedicated in-market legal entities, versus a narrower international EOR footprint; 24-hour EOR onboarding backed by in-house compliance and legal teams in each market; and Equipment shipping and background checks are bundled directly into the EOR workflow for faster international hires. Both platforms carry solid overall ratings (4.8/5 for Deel vs. 4.7/5 for Rippling), but Rippling is built primarily as a general-purpose domestic HRIS, so Deel pulls ahead specifically on global eor for globally distributed teams.","The HR Stack Guide research team evaluated 2026 feature sets and pricing models for Deel and Rippling for Decentralized teams requiring flexible global contractor payouts in fiat or stablecoins. Based on that analysis, Deel is the recommended choice for global eor. Deel starts at $49/mo while Rippling starts at $35/mo.","{""Native Legal Entities"": {""a"": true, ""b"": false}, ""Contractor Auto-Pay"": {""a"": true, ""b"": true}, ""IT Device Shipping"": {""a"": true, ""b"": true}, ""Localized Health Benefits"": {""a"": true, ""b"": true}, ""Equity & Stock Admin"": {""a"": true, ""b"": true}, ""Zero FX Rate Markup"": {""a"": false, ""b"": false}, ""Global Tax Filings"": {""a"": true, ""b"": true}, ""Background Checks"": {""a"": true, ""b"": true}, ""Native US Payroll"": {""a"": true, ""b"": true}, ""Free Trial Available"": {""a"": false, ""b"": false}}",Deel vs Rippling for Web3 & Crypto Teams (2026 Comparison),Detailed comparison of Deel vs Rippling for Web3 & Crypto Teams.
deel-vs-remote-for-web3-crypto,web3-crypto,Web3 & Crypto Teams,Web3 & Crypto Teams,Decentralized teams requiring flexible global contractor payouts in fiat or stablecoins.,deel,Deel,/deel.png,4.8,$49/mo,Per contractor / month ($599/mo for EOR),false,https://www.deel.com,150+ Country EOR|Contractor Auto-Pay|Equipment Shipping|Background Checks,Fast 24-hr onboarding|Comprehensive localized tax compliance|Flexible payout options,EOR pricing can be steep for small teams|Admin UI has a learning curve,remote,Remote,https://unavatar.io/remote.com,4.6,$29/mo,Per contractor / month ($599/mo for EOR),true,https://remote.com,100% Native Entities|IP Protection|Global Benefits|Remote Relocation,Owns all local legal entities directly|Strong IP guardrails for tech startups|No hidden markup fees,Slower entity expansion than Deel|Limited IT management tooling,deel,Overall Fit,The HR Stack Guide's Overall Winner: Deel,,"Based on The HR Stack Guide's 2026 evaluation, Deel edges out the competition for Web3 & Crypto Teams due to its superior score (4.8/5), flexible operational setup, and strong support for Multi-currency support, flexible contractor contracts, and minimal bureaucracy.","The HR Stack Guide research team evaluated 2026 feature sets and pricing models for Deel and Remote for Decentralized teams requiring flexible global contractor payouts in fiat or stablecoins. Based on that analysis, Deel is the recommended choice. Deel starts at $49/mo while Remote starts at $29/mo.","{""Native Legal Entities"": {""a"": true, ""b"": true}, ""Contractor Auto-Pay"": {""a"": true, ""b"": true}, ""IT Device Shipping"": {""a"": true, ""b"": false}, ""Localized Health Benefits"": {""a"": true, ""b"": true}, ""Equity & Stock Admin"": {""a"": true, ""b"": true}, ""Zero FX Rate Markup"": {""a"": false, ""b"": true}, ""Global Tax Filings"": {""a"": true, ""b"": true}, ""Background Checks"": {""a"": true, ""b"": true}, ""Native US Payroll"": {""a"": true, ""b"": false}, ""Free Trial Available"": {""a"": false, ""b"": true}}",Deel vs Remote for Web3 & Crypto Teams (2026 Comparison),Detailed comparison of Deel vs Remote for Web3 & Crypto Teams.
deel-vs-oyster-for-web3-crypto,web3-crypto,Web3 & Crypto Teams,Web3 & Crypto Teams,Decentralized teams requiring flexible global contractor payouts in fiat or stablecoins.,deel,Deel,/deel.png,4.8,$49/mo,Per contractor / month ($599/mo for EOR),false,https://www.deel.com,150+ Country EOR|Contractor Auto-Pay|Equipment Shipping|Background Checks,Fast 24-hr onboarding|Comprehensive localized tax compliance|Flexible payout options,EOR pricing can be steep for small teams|Admin UI has a learning curve,oyster,Oyster HR,/Oyster.png,4.5,$29/mo,Per contractor / month ($499/mo for EOR),true,https://www.oysterhr.com,180+ Country Reach|Oyster Academy|Global Employment Cost Calculator|Equity Admin,Extremely intuitive UI|Great tools for early-stage founder estimation|B-Corp social mission,Relies on third-party local partners in select markets|Slightly higher EOR base rate,deel,Overall Fit,The HR Stack Guide's Overall Winner: Deel,,"Based on The HR Stack Guide's 2026 evaluation, Deel edges out the competition for Web3 & Crypto Teams due to its superior score (4.8/5), flexible operational setup, and strong support for Multi-currency support, flexible contractor contracts, and minimal bureaucracy.","The HR Stack Guide research team evaluated 2026 feature sets and pricing models for Deel and Oyster HR for Decentralized teams requiring flexible global contractor payouts in fiat or stablecoins. Based on that analysis, Deel is the recommended choice. Deel starts at $49/mo while Oyster HR starts at $29/mo.","{""Native Legal Entities"": {""a"": true, ""b"": false}, ""Contractor Auto-Pay"": {""a"": true, ""b"": true}, ""IT Device Shipping"": {""a"": true, ""b"": false}, ""Localized Health Benefits"": {""a"": true, ""b"": true}, ""Equity & Stock Admin"": {""a"": true, ""b"": true}, ""Zero FX Rate Markup"": {""a"": false, ""b"": false}, ""Global Tax Filings"": {""a"": true, ""b"": true}, ""Background Checks"": {""a"": true, ""b"": true}, ""Native US Payroll"": {""a"": true, ""b"": false}, ""Free Trial Available"": {""a"": false, ""b"": true}}",Deel vs Oyster HR for Web3 & Crypto Teams (2026 Comparison),Detailed comparison of Deel vs Oyster HR for Web3 & Crypto Teams.
deel-vs-gusto-for-web3-crypto,web3-crypto,Web3 & Crypto Teams,Web3 & Crypto Teams,Decentralized teams requiring flexible global contractor payouts in fiat or stablecoins.,deel,Deel,/deel.png,4.8,$49/mo,Per contractor / month ($599/mo for EOR),false,https://www.deel.com,150+ Country EOR|Contractor Auto-Pay|Equipment Shipping|Background Checks,Fast 24-hr onboarding|Comprehensive localized tax compliance|Flexible payout options,EOR pricing can be steep for small teams|Admin UI has a learning curve,gusto,Gusto,/Gusto.png,4.7,$40/mo,Base fee + $6 per user / month,true,https://www.gusto.com,US Native Payroll|Benefits Administration|International Contractor Pay|Time Tracking,Best-in-class user experience for US teams|Automated state tax filings|Affordable pricing,Not a full global EOR (contractor pay only internationally)|US-centric only,deel,Overall Fit,The HR Stack Guide's Overall Winner: Deel,,"Based on The HR Stack Guide's 2026 evaluation, Deel edges out the competition for Web3 & Crypto Teams due to its superior score (4.8/5), flexible operational setup, and strong support for Multi-currency support, flexible contractor contracts, and minimal bureaucracy.","The HR Stack Guide research team evaluated 2026 feature sets and pricing models for Deel and Gusto for Decentralized teams requiring flexible global contractor payouts in fiat or stablecoins. Based on that analysis, Deel is the recommended choice. Deel starts at $49/mo while Gusto starts at $40/mo.","{""Native Legal Entities"": {""a"": true, ""b"": false}, ""Contractor Auto-Pay"": {""a"": true, ""b"": true}, ""IT Device Shipping"": {""a"": true, ""b"": false}, ""Localized Health Benefits"": {""a"": true, ""b"": false}, ""Equity & Stock Admin"": {""a"": true, ""b"": false}, ""Zero FX Rate Markup"": {""a"": false, ""b"": false}, ""Global Tax Filings"": {""a"": true, ""b"": true}, ""Background Checks"": {""a"": true, ""b"": false}, ""Native US Payroll"": {""a"": true, ""b"": true}, ""Free Trial Available"": {""a"": false, ""b"": true}}",Deel vs Gusto for Web3 & Crypto Teams (2026 Comparison),Detailed comparison of Deel vs Gusto for Web3 & Crypto Teams.
deel-vs-papaya-for-web3-crypto,web3-crypto,Web3 & Crypto Teams,Web3 & Crypto Teams,Decentralized teams requiring flexible global contractor payouts in fiat or stablecoins.,deel,Deel,/deel.png,4.8,$49/mo,Per contractor / month ($599/mo for EOR),false,https://www.deel.com,150+ Country EOR|Contractor Auto-Pay|Equipment Shipping|Background Checks,Fast 24-hr onboarding|Comprehensive localized tax compliance|Flexible payout options,EOR pricing can be steep for small teams|Admin UI has a learning curve,papaya,Papaya Global,https://unavatar.io/papayaglobal.com,4.4,$25/mo,Per contractor / month ($650/mo for EOR),false,https://papayaglobal.com,Enterprise Payroll|Workforce Intelligence|Embedded Payments|160+ Countries,Built for complex enterprise security and ERPs|Consolidated global payroll analytics|Bank-grade security,High minimum spend limits|Overkill for early-stage startups,deel,Overall Fit,The HR Stack Guide's Overall Winner: Deel,,"Based on The HR Stack Guide's 2026 evaluation, Deel edges out the competition for Web3 & Crypto Teams due to its superior score (4.8/5), flexible operational setup, and strong support for Multi-currency support, flexible contractor contracts, and minimal bureaucracy.","The HR Stack Guide research team evaluated 2026 feature sets and pricing models for Deel and Papaya Global for Decentralized teams requiring flexible global contractor payouts in fiat or stablecoins. Based on that analysis, Deel is the recommended choice. Deel starts at $49/mo while Papaya Global starts at $25/mo.","{""Native Legal Entities"": {""a"": true, ""b"": false}, ""Contractor Auto-Pay"": {""a"": true, ""b"": true}, ""IT Device Shipping"": {""a"": true, ""b"": false}, ""Localized Health Benefits"": {""a"": true, ""b"": true}, ""Equity & Stock Admin"": {""a"": true, ""b"": false}, ""Zero FX Rate Markup"": {""a"": false, ""b"": true}, ""Global Tax Filings"": {""a"": true, ""b"": true}, ""Background Checks"": {""a"": true, ""b"": true}, ""Native US Payroll"": {""a"": true, ""b"": true}, ""Free Trial Available"": {""a"": false, ""b"": false}}",Deel vs Papaya Global for Web3 & Crypto Teams (2026 Comparison),Detailed comparison of Deel vs Papaya Global for Web3 & Crypto Teams.
deel-vs-multiplier-for-web3-crypto,web3-crypto,Web3 & Crypto Teams,Web3 & Crypto Teams,Decentralized teams requiring flexible global contractor payouts in fiat or stablecoins.,deel,Deel,/deel.png,4.8,$49/mo,Per contractor / month ($599/mo for EOR),false,https://www.deel.com,150+ Country EOR|Contractor Auto-Pay|Equipment Shipping|Background Checks,Fast 24-hr onboarding|Comprehensive localized tax compliance|Flexible payout options,EOR pricing can be steep for small teams|Admin UI has a learning curve,multiplier,Multiplier,https://unavatar.io/usemultiplier.com,4.6,$40/mo,Per contractor / month ($400/mo for EOR),false,https://www.usemultiplier.com,Self-Serve EOR|Instant Employment Contracts|Global Insurance|Multi-Currency Payouts,Competitive baseline EOR pricing ($400/mo)|Instant contract generation|Strong Asian market presence,Smaller user community|Fewer third-party software integrations,deel,Overall Fit,The HR Stack Guide's Overall Winner: Deel,,"Based on The HR Stack Guide's 2026 evaluation, Deel edges out the competition for Web3 & Crypto Teams due to its superior score (4.8/5), flexible operational setup, and strong support for Multi-currency support, flexible contractor contracts, and minimal bureaucracy.","The HR Stack Guide research team evaluated 2026 feature sets and pricing models for Deel and Multiplier for Decentralized teams requiring flexible global contractor payouts in fiat or stablecoins. Based on that analysis, Deel is the recommended choice. Deel starts at $49/mo while Multiplier starts at $40/mo.","{""Native Legal Entities"": {""a"": true, ""b"": true}, ""Contractor Auto-Pay"": {""a"": true, ""b"": true}, ""IT Device Shipping"": {""a"": true, ""b"": false}, ""Localized Health Benefits"": {""a"": true, ""b"": true}, ""Equity & Stock Admin"": {""a"": true, ""b"": false}, ""Zero FX Rate Markup"": {""a"": false, ""b"": false}, ""Global Tax Filings"": {""a"": true, ""b"": true}, ""Background Checks"": {""a"": true, ""b"": false}, ""Native US Payroll"": {""a"": true, ""b"": false}, ""Free Trial Available"": {""a"": false, ""b"": false}}",Deel vs Multiplier for Web3 & Crypto Teams (2026 Comparison),Detailed comparison of Deel vs Multiplier for Web3 & Crypto Teams.
deel-vs-plane-for-web3-crypto,web3-crypto,Web3 & Crypto Teams,Web3 & Crypto Teams,Decentralized teams requiring flexible global contractor payouts in fiat or stablecoins.,deel,Deel,/deel.png,4.8,$49/mo,Per contractor / month ($599/mo for EOR),false,https://www.deel.com,150+ Country EOR|Contractor Auto-Pay|Equipment Shipping|Background Checks,Fast 24-hr onboarding|Comprehensive localized tax compliance|Flexible payout options,EOR pricing can be steep for small teams|Admin UI has a learning curve,plane,Plane,https://unavatar.io/plane.com,4.5,$20/mo,Flat $29/mo per contractor ($299/mo for EOR),true,https://plane.com,Zero FX Markup|Stock Option Grants|Flat-Fee Pricing|Direct Crypto/Fiat Pay,No exchange rate markup fees|Lowest EOR rate in the market ($299/mo)|Transparent pricing,Fewer automated localized HR add-ons|Smaller legal footprint,deel,Overall Fit,The HR Stack Guide's Overall Winner: Deel,,"Based on The HR Stack Guide's 2026 evaluation, Deel edges out the competition for Web3 & Crypto Teams due to its superior score (4.8/5), flexible operational setup, and strong support for Multi-currency support, flexible contractor contracts, and minimal bureaucracy.","The HR Stack Guide research team evaluated 2026 feature sets and pricing models for Deel and Plane for Decentralized teams requiring flexible global contractor payouts in fiat or stablecoins. Based on that analysis, Deel is the recommended choice. Deel starts at $49/mo while Plane starts at $20/mo.","{""Native Legal Entities"": {""a"": true, ""b"": true}, ""Contractor Auto-Pay"": {""a"": true, ""b"": true}, ""IT Device Shipping"": {""a"": true, ""b"": false}, ""Localized Health Benefits"": {""a"": true, ""b"": false}, ""Equity & Stock Admin"": {""a"": true, ""b"": true}, ""Zero FX Rate Markup"": {""a"": false, ""b"": true}, ""Global Tax Filings"": {""a"": true, ""b"": false}, ""Background Checks"": {""a"": true, ""b"": false}, ""Native US Payroll"": {""a"": true, ""b"": false}, ""Free Trial Available"": {""a"": false, ""b"": true}}",Deel vs Plane for Web3 & Crypto Teams (2026 Comparison),Detailed comparison of Deel vs Plane for Web3 & Crypto Teams.
rippling-vs-remote-for-web3-crypto,web3-crypto,Web3 & Crypto Teams,Web3 & Crypto Teams,Decentralized teams requiring flexible global contractor payouts in fiat or stablecoins.,rippling,Rippling,https://unavatar.io/rippling.com,4.7,$35/mo,Base fee + $8 per user / month,false,https://www.rippling.com,Unified HR & IT|US & Global Payroll|Device Management|App Provisioning,Automates IT device setup alongside HR|Powerful custom workflow engine|Native US payroll integration,Base platform fee required|EOR feature set is secondary to HRIS,remote,Remote,https://unavatar.io/remote.com,4.6,$29/mo,Per contractor / month ($599/mo for EOR),true,https://remote.com,100% Native Entities|IP Protection|Global Benefits|Remote Relocation,Owns all local legal entities directly|Strong IP guardrails for tech startups|No hidden markup fees,Slower entity expansion than Deel|Limited IT management tooling,remote,Global EOR,The HR Stack Guide's Winner for Global EOR: Remote,"Owns 100% of its local legal entities directly rather than relying on secondary EOR partners|Zero FX markup on cross-border payouts keeps international payroll costs predictable|Built-in IP and invention-assignment protections purpose-built for distributed, IP-sensitive teams","Based on The HR Stack Guide's 2026 evaluation, Remote is the stronger fit for global eor for Web3 & Crypto Teams evaluating international remote team operations: Owns 100% of its local legal entities directly rather than relying on secondary EOR partners; Zero FX markup on cross-border payouts keeps international payroll costs predictable; and Built-in IP and invention-assignment protections purpose-built for distributed, IP-sensitive teams. Both platforms carry solid overall ratings (4.6/5 for Remote vs. 4.7/5 for Rippling), but Rippling is built primarily as a general-purpose domestic HRIS, so Remote pulls ahead specifically on global eor for globally distributed teams.","The HR Stack Guide research team evaluated 2026 feature sets and pricing models for Rippling and Remote for Decentralized teams requiring flexible global contractor payouts in fiat or stablecoins. Based on that analysis, Remote is the recommended choice for global eor. Rippling starts at $35/mo while Remote starts at $29/mo.","{""Native Legal Entities"": {""a"": false, ""b"": true}, ""Contractor Auto-Pay"": {""a"": true, ""b"": true}, ""IT Device Shipping"": {""a"": true, ""b"": false}, ""Localized Health Benefits"": {""a"": true, ""b"": true}, ""Equity & Stock Admin"": {""a"": true, ""b"": true}, ""Zero FX Rate Markup"": {""a"": false, ""b"": true}, ""Global Tax Filings"": {""a"": true, ""b"": true}, ""Background Checks"": {""a"": true, ""b"": true}, ""Native US Payroll"": {""a"": true, ""b"": false}, ""Free Trial Available"": {""a"": false, ""b"": true}}",Rippling vs Remote for Web3 & Crypto Teams (2026 Comparison),Detailed comparison of Rippling vs Remote for Web3 & Crypto Teams.
rippling-vs-oyster-for-web3-crypto,web3-crypto,Web3 & Crypto Teams,Web3 & Crypto Teams,Decentralized teams requiring flexible global contractor payouts in fiat or stablecoins.,rippling,Rippling,https://unavatar.io/rippling.com,4.7,$35/mo,Base fee + $8 per user / month,false,https://www.rippling.com,Unified HR & IT|US & Global Payroll|Device Management|App Provisioning,Automates IT device setup alongside HR|Powerful custom workflow engine|Native US payroll integration,Base platform fee required|EOR feature set is secondary to HRIS,oyster,Oyster HR,/Oyster.png,4.5,$29/mo,Per contractor / month ($499/mo for EOR),true,https://www.oysterhr.com,180+ Country Reach|Oyster Academy|Global Employment Cost Calculator|Equity Admin,Extremely intuitive UI|Great tools for early-stage founder estimation|B-Corp social mission,Relies on third-party local partners in select markets|Slightly higher EOR base rate,oyster,International Contractor Management,The HR Stack Guide's Winner for International Contractor Management: Oyster HR,"180+ country contractor and EOR reach with a dedicated Global Employment Cost Calculator for upfront budgeting|Contractor-first onboarding flows purpose-built for hiring across borders, rather than adapted from a domestic-first HRIS|Oyster Academy resources help first-time international hiring teams navigate compliance without dedicated in-house legal support","Based on The HR Stack Guide's 2026 evaluation, Oyster HR is the stronger fit for international contractor management for Web3 & Crypto Teams evaluating international remote team operations: 180+ country contractor and EOR reach with a dedicated Global Employment Cost Calculator for upfront budgeting; Contractor-first onboarding flows purpose-built for hiring across borders, rather than adapted from a domestic-first HRIS; and Oyster Academy resources help first-time international hiring teams navigate compliance without dedicated in-house legal support. Both platforms carry solid overall ratings (4.5/5 for Oyster HR vs. 4.7/5 for Rippling), but Rippling is built primarily as a general-purpose domestic HRIS, so Oyster HR pulls ahead specifically on international contractor management for globally distributed teams.","The HR Stack Guide research team evaluated 2026 feature sets and pricing models for Rippling and Oyster HR for Decentralized teams requiring flexible global contractor payouts in fiat or stablecoins. Based on that analysis, Oyster HR is the recommended choice for international contractor management. Rippling starts at $35/mo while Oyster HR starts at $29/mo.","{""Native Legal Entities"": {""a"": false, ""b"": false}, ""Contractor Auto-Pay"": {""a"": true, ""b"": true}, ""IT Device Shipping"": {""a"": true, ""b"": false}, ""Localized Health Benefits"": {""a"": true, ""b"": true}, ""Equity & Stock Admin"": {""a"": true, ""b"": true}, ""Zero FX Rate Markup"": {""a"": false, ""b"": false}, ""Global Tax Filings"": {""a"": true, ""b"": true}, ""Background Checks"": {""a"": true, ""b"": true}, ""Native US Payroll"": {""a"": true, ""b"": false}, ""Free Trial Available"": {""a"": false, ""b"": true}}",Rippling vs Oyster HR for Web3 & Crypto Teams (2026 Comparison),Detailed comparison of Rippling vs Oyster HR for Web3 & Crypto Teams.
rippling-vs-gusto-for-web3-crypto,web3-crypto,Web3 & Crypto Teams,Web3 & Crypto Teams,Decentralized teams requiring flexible global contractor payouts in fiat or stablecoins.,rippling,Rippling,https://unavatar.io/rippling.com,4.7,$35/mo,Base fee + $8 per user / month,false,https://www.rippling.com,Unified HR & IT|US & Global Payroll|Device Management|App Provisioning,Automates IT device setup alongside HR|Powerful custom workflow engine|Native US payroll integration,Base platform fee required|EOR feature set is secondary to HRIS,gusto,Gusto,/Gusto.png,4.7,$40/mo,Base fee + $6 per user / month,true,https://www.gusto.com,US Native Payroll|Benefits Administration|International Contractor Pay|Time Tracking,Best-in-class user experience for US teams|Automated state tax filings|Affordable pricing,Not a full global EOR (contractor pay only internationally)|US-centric only,gusto,Domestic SMB Simplicity,The HR Stack Guide's Winner for Domestic SMB Simplicity: Gusto,"Best-in-class US payroll experience purpose-built for small teams, without added IT device-management overhead|Automated state-by-state tax filings come standard, reducing the compliance workload for lean SMB teams|Simple, transparent per-employee pricing starting lower than a base-fee-plus-per-user model","Based on The HR Stack Guide's 2026 evaluation, Gusto is the stronger fit for domestic smb simplicity for Web3 & Crypto Teams evaluating international remote team operations: Best-in-class US payroll experience purpose-built for small teams, without added IT device-management overhead; Automated state-by-state tax filings come standard, reducing the compliance workload for lean SMB teams; and Simple, transparent per-employee pricing starting lower than a base-fee-plus-per-user model. Both platforms carry solid overall ratings (4.7/5 for Gusto vs. 4.7/5 for Rippling), but Rippling is built primarily as a general-purpose domestic HRIS, so Gusto pulls ahead specifically on domestic smb simplicity for globally distributed teams.","The HR Stack Guide research team evaluated 2026 feature sets and pricing models for Rippling and Gusto for Decentralized teams requiring flexible global contractor payouts in fiat or stablecoins. Based on that analysis, Gusto is the recommended choice for domestic smb simplicity. Rippling starts at $35/mo while Gusto starts at $40/mo.","{""Native Legal Entities"": {""a"": false, ""b"": false}, ""Contractor Auto-Pay"": {""a"": true, ""b"": true}, ""IT Device Shipping"": {""a"": true, ""b"": false}, ""Localized Health Benefits"": {""a"": true, ""b"": false}, ""Equity & Stock Admin"": {""a"": true, ""b"": false}, ""Zero FX Rate Markup"": {""a"": false, ""b"": false}, ""Global Tax Filings"": {""a"": true, ""b"": true}, ""Background Checks"": {""a"": true, ""b"": false}, ""Native US Payroll"": {""a"": true, ""b"": true}, ""Free Trial Available"": {""a"": false, ""b"": true}}",Rippling vs Gusto for Web3 & Crypto Teams (2026 Comparison),Detailed comparison of Rippling vs Gusto for Web3 & Crypto Teams.
rippling-vs-papaya-for-web3-crypto,web3-crypto,Web3 & Crypto Teams,Web3 & Crypto Teams,Decentralized teams requiring flexible global contractor payouts in fiat or stablecoins.,rippling,Rippling,https://unavatar.io/rippling.com,4.7,$35/mo,Base fee + $8 per user / month,false,https://www.rippling.com,Unified HR & IT|US & Global Payroll|Device Management|App Provisioning,Automates IT device setup alongside HR|Powerful custom workflow engine|Native US payroll integration,Base platform fee required|EOR feature set is secondary to HRIS,papaya,Papaya Global,https://unavatar.io/papayaglobal.com,4.4,$25/mo,Per contractor / month ($650/mo for EOR),false,https://papayaglobal.com,Enterprise Payroll|Workforce Intelligence|Embedded Payments|160+ Countries,Built for complex enterprise security and ERPs|Consolidated global payroll analytics|Bank-grade security,High minimum spend limits|Overkill for early-stage startups,rippling,Overall Fit,The HR Stack Guide's Overall Winner: Rippling,,"Based on The HR Stack Guide's 2026 evaluation, Rippling edges out the competition for Web3 & Crypto Teams due to its superior score (4.7/5), flexible operational setup, and strong support for Multi-currency support, flexible contractor contracts, and minimal bureaucracy.","The HR Stack Guide research team evaluated 2026 feature sets and pricing models for Rippling and Papaya Global for Decentralized teams requiring flexible global contractor payouts in fiat or stablecoins. Based on that analysis, Rippling is the recommended choice. Rippling starts at $35/mo while Papaya Global starts at $25/mo.","{""Native Legal Entities"": {""a"": false, ""b"": false}, ""Contractor Auto-Pay"": {""a"": true, ""b"": true}, ""IT Device Shipping"": {""a"": true, ""b"": false}, ""Localized Health Benefits"": {""a"": true, ""b"": true}, ""Equity & Stock Admin"": {""a"": true, ""b"": false}, ""Zero FX Rate Markup"": {""a"": false, ""b"": true}, ""Global Tax Filings"": {""a"": true, ""b"": true}, ""Background Checks"": {""a"": true, ""b"": true}, ""Native US Payroll"": {""a"": true, ""b"": true}, ""Free Trial Available"": {""a"": false, ""b"": false}}",Rippling vs Papaya Global for Web3 & Crypto Teams (2026 Comparison),Detailed comparison of Rippling vs Papaya Global for Web3 & Crypto Teams.
rippling-vs-multiplier-for-web3-crypto,web3-crypto,Web3 & Crypto Teams,Web3 & Crypto Teams,Decentralized teams requiring flexible global contractor payouts in fiat or stablecoins.,rippling,Rippling,https://unavatar.io/rippling.com,4.7,$35/mo,Base fee + $8 per user / month,false,https://www.rippling.com,Unified HR & IT|US & Global Payroll|Device Management|App Provisioning,Automates IT device setup alongside HR|Powerful custom workflow engine|Native US payroll integration,Base platform fee required|EOR feature set is secondary to HRIS,multiplier,Multiplier,https://unavatar.io/usemultiplier.com,4.6,$40/mo,Per contractor / month ($400/mo for EOR),false,https://www.usemultiplier.com,Self-Serve EOR|Instant Employment Contracts|Global Insurance|Multi-Currency Payouts,Competitive baseline EOR pricing ($400/mo)|Instant contract generation|Strong Asian market presence,Smaller user community|Fewer third-party software integrations,rippling,Overall Fit,The HR Stack Guide's Overall Winner: Rippling,,"Based on The HR Stack Guide's 2026 evaluation, Rippling edges out the competition for Web3 & Crypto Teams due to its superior score (4.7/5), flexible operational setup, and strong support for Multi-currency support, flexible contractor contracts, and minimal bureaucracy.","The HR Stack Guide research team evaluated 2026 feature sets and pricing models for Rippling and Multiplier for Decentralized teams requiring flexible global contractor payouts in fiat or stablecoins. Based on that analysis, Rippling is the recommended choice. Rippling starts at $35/mo while Multiplier starts at $40/mo.","{""Native Legal Entities"": {""a"": false, ""b"": true}, ""Contractor Auto-Pay"": {""a"": true, ""b"": true}, ""IT Device Shipping"": {""a"": true, ""b"": false}, ""Localized Health Benefits"": {""a"": true, ""b"": true}, ""Equity & Stock Admin"": {""a"": true, ""b"": false}, ""Zero FX Rate Markup"": {""a"": false, ""b"": false}, ""Global Tax Filings"": {""a"": true, ""b"": true}, ""Background Checks"": {""a"": true, ""b"": false}, ""Native US Payroll"": {""a"": true, ""b"": false}, ""Free Trial Available"": {""a"": false, ""b"": false}}",Rippling vs Multiplier for Web3 & Crypto Teams (2026 Comparison),Detailed comparison of Rippling vs Multiplier for Web3 & Crypto Teams.
rippling-vs-plane-for-web3-crypto,web3-crypto,Web3 & Crypto Teams,Web3 & Crypto Teams,Decentralized teams requiring flexible global contractor payouts in fiat or stablecoins.,rippling,Rippling,https://unavatar.io/rippling.com,4.7,$35/mo,Base fee + $8 per user / month,false,https://www.rippling.com,Unified HR & IT|US & Global Payroll|Device Management|App Provisioning,Automates IT device setup alongside HR|Powerful custom workflow engine|Native US payroll integration,Base platform fee required|EOR feature set is secondary to HRIS,plane,Plane,https://unavatar.io/plane.com,4.5,$20/mo,Flat $29/mo per contractor ($299/mo for EOR),true,https://plane.com,Zero FX Markup|Stock Option Grants|Flat-Fee Pricing|Direct Crypto/Fiat Pay,No exchange rate markup fees|Lowest EOR rate in the market ($299/mo)|Transparent pricing,Fewer automated localized HR add-ons|Smaller legal footprint,rippling,Overall Fit,The HR Stack Guide's Overall Winner: Rippling,,"Based on The HR Stack Guide's 2026 evaluation, Rippling edges out the competition for Web3 & Crypto Teams due to its superior score (4.7/5), flexible operational setup, and strong support for Multi-currency support, flexible contractor contracts, and minimal bureaucracy.","The HR Stack Guide research team evaluated 2026 feature sets and pricing models for Rippling and Plane for Decentralized teams requiring flexible global contractor payouts in fiat or stablecoins. Based on that analysis, Rippling is the recommended choice. Rippling starts at $35/mo while Plane starts at $20/mo.","{""Native Legal Entities"": {""a"": false, ""b"": true}, ""Contractor Auto-Pay"": {""a"": true, ""b"": true}, ""IT Device Shipping"": {""a"": true, ""b"": false}, ""Localized Health Benefits"": {""a"": true, ""b"": false}, ""Equity & Stock Admin"": {""a"": true, ""b"": true}, ""Zero FX Rate Markup"": {""a"": false, ""b"": true}, ""Global Tax Filings"": {""a"": true, ""b"": false}, ""Background Checks"": {""a"": true, ""b"": false}, ""Native US Payroll"": {""a"": true, ""b"": false}, ""Free Trial Available"": {""a"": false, ""b"": true}}",Rippling vs Plane for Web3 & Crypto Teams (2026 Comparison),Detailed comparison of Rippling vs Plane for Web3 & Crypto Teams.
remote-vs-oyster-for-web3-crypto,web3-crypto,Web3 & Crypto Teams,Web3 & Crypto Teams,Decentralized teams requiring flexible global contractor payouts in fiat or stablecoins.,remote,Remote,https://unavatar.io/remote.com,4.6,$29/mo,Per contractor / month ($599/mo for EOR),true,https://remote.com,100% Native Entities|IP Protection|Global Benefits|Remote Relocation,Owns all local legal entities directly|Strong IP guardrails for tech startups|No hidden markup fees,Slower entity expansion than Deel|Limited IT management tooling,oyster,Oyster HR,/Oyster.png,4.5,$29/mo,Per contractor / month ($499/mo for EOR),true,https://www.oysterhr.com,180+ Country Reach|Oyster Academy|Global Employment Cost Calculator|Equity Admin,Extremely intuitive UI|Great tools for early-stage founder estimation|B-Corp social mission,Relies on third-party local partners in select markets|Slightly higher EOR base rate,remote,Overall Fit,The HR Stack Guide's Overall Winner: Remote,,"Based on The HR Stack Guide's 2026 evaluation, Remote edges out the competition for Web3 & Crypto Teams due to its superior score (4.6/5), flexible operational setup, and strong support for Multi-currency support, flexible contractor contracts, and minimal bureaucracy.","The HR Stack Guide research team evaluated 2026 feature sets and pricing models for Remote and Oyster HR for Decentralized teams requiring flexible global contractor payouts in fiat or stablecoins. Based on that analysis, Remote is the recommended choice. Remote starts at $29/mo while Oyster HR starts at $29/mo.","{""Native Legal Entities"": {""a"": true, ""b"": false}, ""Contractor Auto-Pay"": {""a"": true, ""b"": true}, ""IT Device Shipping"": {""a"": false, ""b"": false}, ""Localized Health Benefits"": {""a"": true, ""b"": true}, ""Equity & Stock Admin"": {""a"": true, ""b"": true}, ""Zero FX Rate Markup"": {""a"": true, ""b"": false}, ""Global Tax Filings"": {""a"": true, ""b"": true}, ""Background Checks"": {""a"": true, ""b"": true}, ""Native US Payroll"": {""a"": false, ""b"": false}, ""Free Trial Available"": {""a"": true, ""b"": true}}",Remote vs Oyster HR for Web3 & Crypto Teams (2026 Comparison),Detailed comparison of Remote vs Oyster HR for Web3 & Crypto Teams.
remote-vs-gusto-for-web3-crypto,web3-crypto,Web3 & Crypto Teams,Web3 & Crypto Teams,Decentralized teams requiring flexible global contractor payouts in fiat or stablecoins.,remote,Remote,https://unavatar.io/remote.com,4.6,$29/mo,Per contractor / month ($599/mo for EOR),true,https://remote.com,100% Native Entities|IP Protection|Global Benefits|Remote Relocation,Owns all local legal entities directly|Strong IP guardrails for tech startups|No hidden markup fees,Slower entity expansion than Deel|Limited IT management tooling,gusto,Gusto,/Gusto.png,4.7,$40/mo,Base fee + $6 per user / month,true,https://www.gusto.com,US Native Payroll|Benefits Administration|International Contractor Pay|Time Tracking,Best-in-class user experience for US teams|Automated state tax filings|Affordable pricing,Not a full global EOR (contractor pay only internationally)|US-centric only,gusto,Overall Fit,The HR Stack Guide's Overall Winner: Gusto,,"Based on The HR Stack Guide's 2026 evaluation, Gusto edges out the competition for Web3 & Crypto Teams due to its superior score (4.7/5), flexible operational setup, and strong support for Multi-currency support, flexible contractor contracts, and minimal bureaucracy.","The HR Stack Guide research team evaluated 2026 feature sets and pricing models for Remote and Gusto for Decentralized teams requiring flexible global contractor payouts in fiat or stablecoins. Based on that analysis, Gusto is the recommended choice. Remote starts at $29/mo while Gusto starts at $40/mo.","{""Native Legal Entities"": {""a"": true, ""b"": false}, ""Contractor Auto-Pay"": {""a"": true, ""b"": true}, ""IT Device Shipping"": {""a"": false, ""b"": false}, ""Localized Health Benefits"": {""a"": true, ""b"": false}, ""Equity & Stock Admin"": {""a"": true, ""b"": false}, ""Zero FX Rate Markup"": {""a"": true, ""b"": false}, ""Global Tax Filings"": {""a"": true, ""b"": true}, ""Background Checks"": {""a"": true, ""b"": false}, ""Native US Payroll"": {""a"": false, ""b"": true}, ""Free Trial Available"": {""a"": true, ""b"": true}}",Remote vs Gusto for Web3 & Crypto Teams (2026 Comparison),Detailed comparison of Remote vs Gusto for Web3 & Crypto Teams.
remote-vs-papaya-for-web3-crypto,web3-crypto,Web3 & Crypto Teams,Web3 & Crypto Teams,Decentralized teams requiring flexible global contractor payouts in fiat or stablecoins.,remote,Remote,https://unavatar.io/remote.com,4.6,$29/mo,Per contractor / month ($599/mo for EOR),true,https://remote.com,100% Native Entities|IP Protection|Global Benefits|Remote Relocation,Owns all local legal entities directly|Strong IP guardrails for tech startups|No hidden markup fees,Slower entity expansion than Deel|Limited IT management tooling,papaya,Papaya Global,https://unavatar.io/papayaglobal.com,4.4,$25/mo,Per contractor / month ($650/mo for EOR),false,https://papayaglobal.com,Enterprise Payroll|Workforce Intelligence|Embedded Payments|160+ Countries,Built for complex enterprise security and ERPs|Consolidated global payroll analytics|Bank-grade security,High minimum spend limits|Overkill for early-stage startups,remote,Overall Fit,The HR Stack Guide's Overall Winner: Remote,,"Based on The HR Stack Guide's 2026 evaluation, Remote edges out the competition for Web3 & Crypto Teams due to its superior score (4.6/5), flexible operational setup, and strong support for Multi-currency support, flexible contractor contracts, and minimal bureaucracy.","The HR Stack Guide research team evaluated 2026 feature sets and pricing models for Remote and Papaya Global for Decentralized teams requiring flexible global contractor payouts in fiat or stablecoins. Based on that analysis, Remote is the recommended choice. Remote starts at $29/mo while Papaya Global starts at $25/mo.","{""Native Legal Entities"": {""a"": true, ""b"": false}, ""Contractor Auto-Pay"": {""a"": true, ""b"": true}, ""IT Device Shipping"": {""a"": false, ""b"": false}, ""Localized Health Benefits"": {""a"": true, ""b"": true}, ""Equity & Stock Admin"": {""a"": true, ""b"": false}, ""Zero FX Rate Markup"": {""a"": true, ""b"": true}, ""Global Tax Filings"": {""a"": true, ""b"": true}, ""Background Checks"": {""a"": true, ""b"": true}, ""Native US Payroll"": {""a"": false, ""b"": true}, ""Free Trial Available"": {""a"": true, ""b"": false}}",Remote vs Papaya Global for Web3 & Crypto Teams (2026 Comparison),Detailed comparison of Remote vs Papaya Global for Web3 & Crypto Teams.
remote-vs-multiplier-for-web3-crypto,web3-crypto,Web3 & Crypto Teams,Web3 & Crypto Teams,Decentralized teams requiring flexible global contractor payouts in fiat or stablecoins.,remote,Remote,https://unavatar.io/remote.com,4.6,$29/mo,Per contractor / month ($599/mo for EOR),true,https://remote.com,100% Native Entities|IP Protection|Global Benefits|Remote Relocation,Owns all local legal entities directly|Strong IP guardrails for tech startups|No hidden markup fees,Slower entity expansion than Deel|Limited IT management tooling,multiplier,Multiplier,https://unavatar.io/usemultiplier.com,4.6,$40/mo,Per contractor / month ($400/mo for EOR),false,https://www.usemultiplier.com,Self-Serve EOR|Instant Employment Contracts|Global Insurance|Multi-Currency Payouts,Competitive baseline EOR pricing ($400/mo)|Instant contract generation|Strong Asian market presence,Smaller user community|Fewer third-party software integrations,remote,Overall Fit,The HR Stack Guide's Overall Winner: Remote,,"Based on The HR Stack Guide's 2026 evaluation, Remote edges out the competition for Web3 & Crypto Teams due to its superior score (4.6/5), flexible operational setup, and strong support for Multi-currency support, flexible contractor contracts, and minimal bureaucracy.","The HR Stack Guide research team evaluated 2026 feature sets and pricing models for Remote and Multiplier for Decentralized teams requiring flexible global contractor payouts in fiat or stablecoins. Based on that analysis, Remote is the recommended choice. Remote starts at $29/mo while Multiplier starts at $40/mo.","{""Native Legal Entities"": {""a"": true, ""b"": true}, ""Contractor Auto-Pay"": {""a"": true, ""b"": true}, ""IT Device Shipping"": {""a"": false, ""b"": false}, ""Localized Health Benefits"": {""a"": true, ""b"": true}, ""Equity & Stock Admin"": {""a"": true, ""b"": false}, ""Zero FX Rate Markup"": {""a"": true, ""b"": false}, ""Global Tax Filings"": {""a"": true, ""b"": true}, ""Background Checks"": {""a"": true, ""b"": false}, ""Native US Payroll"": {""a"": false, ""b"": false}, ""Free Trial Available"": {""a"": true, ""b"": false}}",Remote vs Multiplier for Web3 & Crypto Teams (2026 Comparison),Detailed comparison of Remote vs Multiplier for Web3 & Crypto Teams.
remote-vs-plane-for-web3-crypto,web3-crypto,Web3 & Crypto Teams,Web3 & Crypto Teams,Decentralized teams requiring flexible global contractor payouts in fiat or stablecoins.,remote,Remote,https://unavatar.io/remote.com,4.6,$29/mo,Per contractor / month ($599/mo for EOR),true,https://remote.com,100% Native Entities|IP Protection|Global Benefits|Remote Relocation,Owns all local legal entities directly|Strong IP guardrails for tech startups|No hidden markup fees,Slower entity expansion than Deel|Limited IT management tooling,plane,Plane,https://unavatar.io/plane.com,4.5,$20/mo,Flat $29/mo per contractor ($299/mo for EOR),true,https://plane.com,Zero FX Markup|Stock Option Grants|Flat-Fee Pricing|Direct Crypto/Fiat Pay,No exchange rate markup fees|Lowest EOR rate in the market ($299/mo)|Transparent pricing,Fewer automated localized HR add-ons|Smaller legal footprint,remote,Overall Fit,The HR Stack Guide's Overall Winner: Remote,,"Based on The HR Stack Guide's 2026 evaluation, Remote edges out the competition for Web3 & Crypto Teams due to its superior score (4.6/5), flexible operational setup, and strong support for Multi-currency support, flexible contractor contracts, and minimal bureaucracy.","The HR Stack Guide research team evaluated 2026 feature sets and pricing models for Remote and Plane for Decentralized teams requiring flexible global contractor payouts in fiat or stablecoins. Based on that analysis, Remote is the recommended choice. Remote starts at $29/mo while Plane starts at $20/mo.","{""Native Legal Entities"": {""a"": true, ""b"": true}, ""Contractor Auto-Pay"": {""a"": true, ""b"": true}, ""IT Device Shipping"": {""a"": false, ""b"": false}, ""Localized Health Benefits"": {""a"": true, ""b"": false}, ""Equity & Stock Admin"": {""a"": true, ""b"": true}, ""Zero FX Rate Markup"": {""a"": true, ""b"": true}, ""Global Tax Filings"": {""a"": true, ""b"": false}, ""Background Checks"": {""a"": true, ""b"": false}, ""Native US Payroll"": {""a"": false, ""b"": false}, ""Free Trial Available"": {""a"": true, ""b"": true}}",Remote vs Plane for Web3 & Crypto Teams (2026 Comparison),Detailed comparison of Remote vs Plane for Web3 & Crypto Teams.
oyster-vs-gusto-for-web3-crypto,web3-crypto,Web3 & Crypto Teams,Web3 & Crypto Teams,Decentralized teams requiring flexible global contractor payouts in fiat or stablecoins.,oyster,Oyster HR,/Oyster.png,4.5,$29/mo,Per contractor / month ($499/mo for EOR),true,https://www.oysterhr.com,180+ Country Reach|Oyster Academy|Global Employment Cost Calculator|Equity Admin,Extremely intuitive UI|Great tools for early-stage founder estimation|B-Corp social mission,Relies on third-party local partners in select markets|Slightly higher EOR base rate,gusto,Gusto,/Gusto.png,4.7,$40/mo,Base fee + $6 per user / month,true,https://www.gusto.com,US Native Payroll|Benefits Administration|International Contractor Pay|Time Tracking,Best-in-class user experience for US teams|Automated state tax filings|Affordable pricing,Not a full global EOR (contractor pay only internationally)|US-centric only,gusto,Overall Fit,The HR Stack Guide's Overall Winner: Gusto,,"Based on The HR Stack Guide's 2026 evaluation, Gusto edges out the competition for Web3 & Crypto Teams due to its superior score (4.7/5), flexible operational setup, and strong support for Multi-currency support, flexible contractor contracts, and minimal bureaucracy.","The HR Stack Guide research team evaluated 2026 feature sets and pricing models for Oyster HR and Gusto for Decentralized teams requiring flexible global contractor payouts in fiat or stablecoins. Based on that analysis, Gusto is the recommended choice. Oyster HR starts at $29/mo while Gusto starts at $40/mo.","{""Native Legal Entities"": {""a"": false, ""b"": false}, ""Contractor Auto-Pay"": {""a"": true, ""b"": true}, ""IT Device Shipping"": {""a"": false, ""b"": false}, ""Localized Health Benefits"": {""a"": true, ""b"": false}, ""Equity & Stock Admin"": {""a"": true, ""b"": false}, ""Zero FX Rate Markup"": {""a"": false, ""b"": false}, ""Global Tax Filings"": {""a"": true, ""b"": true}, ""Background Checks"": {""a"": true, ""b"": false}, ""Native US Payroll"": {""a"": false, ""b"": true}, ""Free Trial Available"": {""a"": true, ""b"": true}}",Oyster HR vs Gusto for Web3 & Crypto Teams (2026 Comparison),Detailed comparison of Oyster HR vs Gusto for Web3 & Crypto Teams.
oyster-vs-papaya-for-web3-crypto,web3-crypto,Web3 & Crypto Teams,Web3 & Crypto Teams,Decentralized teams requiring flexible global contractor payouts in fiat or stablecoins.,oyster,Oyster HR,/Oyster.png,4.5,$29/mo,Per contractor / month ($499/mo for EOR),true,https://www.oysterhr.com,180+ Country Reach|Oyster Academy|Global Employment Cost Calculator|Equity Admin,Extremely intuitive UI|Great tools for early-stage founder estimation|B-Corp social mission,Relies on third-party local partners in select markets|Slightly higher EOR base rate,papaya,Papaya Global,https://unavatar.io/papayaglobal.com,4.4,$25/mo,Per contractor / month ($650/mo for EOR),false,https://papayaglobal.com,Enterprise Payroll|Workforce Intelligence|Embedded Payments|160+ Countries,Built for complex enterprise security and ERPs|Consolidated global payroll analytics|Bank-grade security,High minimum spend limits|Overkill for early-stage startups,oyster,Overall Fit,The HR Stack Guide's Overall Winner: Oyster HR,,"Based on The HR Stack Guide's 2026 evaluation, Oyster HR edges out the competition for Web3 & Crypto Teams due to its superior score (4.5/5), flexible operational setup, and strong support for Multi-currency support, flexible contractor contracts, and minimal bureaucracy.","The HR Stack Guide research team evaluated 2026 feature sets and pricing models for Oyster HR and Papaya Global for Decentralized teams requiring flexible global contractor payouts in fiat or stablecoins. Based on that analysis, Oyster HR is the recommended choice. Oyster HR starts at $29/mo while Papaya Global starts at $25/mo.","{""Native Legal Entities"": {""a"": false, ""b"": false}, ""Contractor Auto-Pay"": {""a"": true, ""b"": true}, ""IT Device Shipping"": {""a"": false, ""b"": false}, ""Localized Health Benefits"": {""a"": true, ""b"": true}, ""Equity & Stock Admin"": {""a"": true, ""b"": false}, ""Zero FX Rate Markup"": {""a"": false, ""b"": true}, ""Global Tax Filings"": {""a"": true, ""b"": true}, ""Background Checks"": {""a"": true, ""b"": true}, ""Native US Payroll"": {""a"": false, ""b"": true}, ""Free Trial Available"": {""a"": true, ""b"": false}}",Oyster HR vs Papaya Global for Web3 & Crypto Teams (2026 Comparison),Detailed comparison of Oyster HR vs Papaya Global for Web3 & Crypto Teams.
oyster-vs-multiplier-for-web3-crypto,web3-crypto,Web3 & Crypto Teams,Web3 & Crypto Teams,Decentralized teams requiring flexible global contractor payouts in fiat or stablecoins.,oyster,Oyster HR,/Oyster.png,4.5,$29/mo,Per contractor / month ($499/mo for EOR),true,https://www.oysterhr.com,180+ Country Reach|Oyster Academy|Global Employment Cost Calculator|Equity Admin,Extremely intuitive UI|Great tools for early-stage founder estimation|B-Corp social mission,Relies on third-party local partners in select markets|Slightly higher EOR base rate,multiplier,Multiplier,https://unavatar.io/usemultiplier.com,4.6,$40/mo,Per contractor / month ($400/mo for EOR),false,https://www.usemultiplier.com,Self-Serve EOR|Instant Employment Contracts|Global Insurance|Multi-Currency Payouts,Competitive baseline EOR pricing ($400/mo)|Instant contract generation|Strong Asian market presence,Smaller user community|Fewer third-party software integrations,multiplier,Overall Fit,The HR Stack Guide's Overall Winner: Multiplier,,"Based on The HR Stack Guide's 2026 evaluation, Multiplier edges out the competition for Web3 & Crypto Teams due to its superior score (4.6/5), flexible operational setup, and strong support for Multi-currency support, flexible contractor contracts, and minimal bureaucracy.","The HR Stack Guide research team evaluated 2026 feature sets and pricing models for Oyster HR and Multiplier for Decentralized teams requiring flexible global contractor payouts in fiat or stablecoins. Based on that analysis, Multiplier is the recommended choice. Oyster HR starts at $29/mo while Multiplier starts at $40/mo.","{""Native Legal Entities"": {""a"": false, ""b"": true}, ""Contractor Auto-Pay"": {""a"": true, ""b"": true}, ""IT Device Shipping"": {""a"": false, ""b"": false}, ""Localized Health Benefits"": {""a"": true, ""b"": true}, ""Equity & Stock Admin"": {""a"": true, ""b"": false}, ""Zero FX Rate Markup"": {""a"": false, ""b"": false}, ""Global Tax Filings"": {""a"": true, ""b"": true}, ""Background Checks"": {""a"": true, ""b"": false}, ""Native US Payroll"": {""a"": false, ""b"": false}, ""Free Trial Available"": {""a"": true, ""b"": false}}",Oyster HR vs Multiplier for Web3 & Crypto Teams (2026 Comparison),Detailed comparison of Oyster HR vs Multiplier for Web3 & Crypto Teams.
oyster-vs-plane-for-web3-crypto,web3-crypto,Web3 & Crypto Teams,Web3 & Crypto Teams,Decentralized teams requiring flexible global contractor payouts in fiat or stablecoins.,oyster,Oyster HR,/Oyster.png,4.5,$29/mo,Per contractor / month ($499/mo for EOR),true,https://www.oysterhr.com,180+ Country Reach|Oyster Academy|Global Employment Cost Calculator|Equity Admin,Extremely intuitive UI|Great tools for early-stage founder estimation|B-Corp social mission,Relies on third-party local partners in select markets|Slightly higher EOR base rate,plane,Plane,https://unavatar.io/plane.com,4.5,$20/mo,Flat $29/mo per contractor ($299/mo for EOR),true,https://plane.com,Zero FX Markup|Stock Option Grants|Flat-Fee Pricing|Direct Crypto/Fiat Pay,No exchange rate markup fees|Lowest EOR rate in the market ($299/mo)|Transparent pricing,Fewer automated localized HR add-ons|Smaller legal footprint,oyster,Overall Fit,The HR Stack Guide's Overall Winner: Oyster HR,,"Based on The HR Stack Guide's 2026 evaluation, Oyster HR edges out the competition for Web3 & Crypto Teams due to its superior score (4.5/5), flexible operational setup, and strong support for Multi-currency support, flexible contractor contracts, and minimal bureaucracy.","The HR Stack Guide research team evaluated 2026 feature sets and pricing models for Oyster HR and Plane for Decentralized teams requiring flexible global contractor payouts in fiat or stablecoins. Based on that analysis, Oyster HR is the recommended choice. Oyster HR starts at $29/mo while Plane starts at $20/mo.","{""Native Legal Entities"": {""a"": false, ""b"": true}, ""Contractor Auto-Pay"": {""a"": true, ""b"": true}, ""IT Device Shipping"": {""a"": false, ""b"": false}, ""Localized Health Benefits"": {""a"": true, ""b"": false}, ""Equity & Stock Admin"": {""a"": true, ""b"": true}, ""Zero FX Rate Markup"": {""a"": false, ""b"": true}, ""Global Tax Filings"": {""a"": true, ""b"": false}, ""Background Checks"": {""a"": true, ""b"": false}, ""Native US Payroll"": {""a"": false, ""b"": false}, ""Free Trial Available"": {""a"": true, ""b"": true}}",Oyster HR vs Plane for Web3 & Crypto Teams (2026 Comparison),Detailed comparison of Oyster HR vs Plane for Web3 & Crypto Teams.
gusto-vs-papaya-for-web3-crypto,web3-crypto,Web3 & Crypto Teams,Web3 & Crypto Teams,Decentralized teams requiring flexible global contractor payouts in fiat or stablecoins.,gusto,Gusto,/Gusto.png,4.7,$40/mo,Base fee + $6 per user / month,true,https://www.gusto.com,US Native Payroll|Benefits Administration|International Contractor Pay|Time Tracking,Best-in-class user experience for US teams|Automated state tax filings|Affordable pricing,Not a full global EOR (contractor pay only internationally)|US-centric only,papaya,Papaya Global,https://unavatar.io/papayaglobal.com,4.4,$25/mo,Per contractor / month ($650/mo for EOR),false,https://papayaglobal.com,Enterprise Payroll|Workforce Intelligence|Embedded Payments|160+ Countries,Built for complex enterprise security and ERPs|Consolidated global payroll analytics|Bank-grade security,High minimum spend limits|Overkill for early-stage startups,gusto,Overall Fit,The HR Stack Guide's Overall Winner: Gusto,,"Based on The HR Stack Guide's 2026 evaluation, Gusto edges out the competition for Web3 & Crypto Teams due to its superior score (4.7/5), flexible operational setup, and strong support for Multi-currency support, flexible contractor contracts, and minimal bureaucracy.","The HR Stack Guide research team evaluated 2026 feature sets and pricing models for Gusto and Papaya Global for Decentralized teams requiring flexible global contractor payouts in fiat or stablecoins. Based on that analysis, Gusto is the recommended choice. Gusto starts at $40/mo while Papaya Global starts at $25/mo.","{""Native Legal Entities"": {""a"": false, ""b"": false}, ""Contractor Auto-Pay"": {""a"": true, ""b"": true}, ""IT Device Shipping"": {""a"": false, ""b"": false}, ""Localized Health Benefits"": {""a"": false, ""b"": true}, ""Equity & Stock Admin"": {""a"": false, ""b"": false}, ""Zero FX Rate Markup"": {""a"": false, ""b"": true}, ""Global Tax Filings"": {""a"": true, ""b"": true}, ""Background Checks"": {""a"": false, ""b"": true}, ""Native US Payroll"": {""a"": true, ""b"": true}, ""Free Trial Available"": {""a"": true, ""b"": false}}",Gusto vs Papaya Global for Web3 & Crypto Teams (2026 Comparison),Detailed comparison of Gusto vs Papaya Global for Web3 & Crypto Teams.
gusto-vs-multiplier-for-web3-crypto,web3-crypto,Web3 & Crypto Teams,Web3 & Crypto Teams,Decentralized teams requiring flexible global contractor payouts in fiat or stablecoins.,gusto,Gusto,/Gusto.png,4.7,$40/mo,Base fee + $6 per user / month,true,https://www.gusto.com,US Native Payroll|Benefits Administration|International Contractor Pay|Time Tracking,Best-in-class user experience for US teams|Automated state tax filings|Affordable pricing,Not a full global EOR (contractor pay only internationally)|US-centric only,multiplier,Multiplier,https://unavatar.io/usemultiplier.com,4.6,$40/mo,Per contractor / month ($400/mo for EOR),false,https://www.usemultiplier.com,Self-Serve EOR|Instant Employment Contracts|Global Insurance|Multi-Currency Payouts,Competitive baseline EOR pricing ($400/mo)|Instant contract generation|Strong Asian market presence,Smaller user community|Fewer third-party software integrations,gusto,Overall Fit,The HR Stack Guide's Overall Winner: Gusto,,"Based on The HR Stack Guide's 2026 evaluation, Gusto edges out the competition for Web3 & Crypto Teams due to its superior score (4.7/5), flexible operational setup, and strong support for Multi-currency support, flexible contractor contracts, and minimal bureaucracy.","The HR Stack Guide research team evaluated 2026 feature sets and pricing models for Gusto and Multiplier for Decentralized teams requiring flexible global contractor payouts in fiat or stablecoins. Based on that analysis, Gusto is the recommended choice. Gusto starts at $40/mo while Multiplier starts at $40/mo.","{""Native Legal Entities"": {""a"": false, ""b"": true}, ""Contractor Auto-Pay"": {""a"": true, ""b"": true}, ""IT Device Shipping"": {""a"": false, ""b"": false}, ""Localized Health Benefits"": {""a"": false, ""b"": true}, ""Equity & Stock Admin"": {""a"": false, ""b"": false}, ""Zero FX Rate Markup"": {""a"": false, ""b"": false}, ""Global Tax Filings"": {""a"": true, ""b"": true}, ""Background Checks"": {""a"": false, ""b"": false}, ""Native US Payroll"": {""a"": true, ""b"": false}, ""Free Trial Available"": {""a"": true, ""b"": false}}",Gusto vs Multiplier for Web3 & Crypto Teams (2026 Comparison),Detailed comparison of Gusto vs Multiplier for Web3 & Crypto Teams.
gusto-vs-plane-for-web3-crypto,web3-crypto,Web3 & Crypto Teams,Web3 & Crypto Teams,Decentralized teams requiring flexible global contractor payouts in fiat or stablecoins.,gusto,Gusto,/Gusto.png,4.7,$40/mo,Base fee + $6 per user / month,true,https://www.gusto.com,US Native Payroll|Benefits Administration|International Contractor Pay|Time Tracking,Best-in-class user experience for US teams|Automated state tax filings|Affordable pricing,Not a full global EOR (contractor pay only internationally)|US-centric only,plane,Plane,https://unavatar.io/plane.com,4.5,$20/mo,Flat $29/mo per contractor ($299/mo for EOR),true,https://plane.com,Zero FX Markup|Stock Option Grants|Flat-Fee Pricing|Direct Crypto/Fiat Pay,No exchange rate markup fees|Lowest EOR rate in the market ($299/mo)|Transparent pricing,Fewer automated localized HR add-ons|Smaller legal footprint,gusto,Overall Fit,The HR Stack Guide's Overall Winner: Gusto,,"Based on The HR Stack Guide's 2026 evaluation, Gusto edges out the competition for Web3 & Crypto Teams due to its superior score (4.7/5), flexible operational setup, and strong support for Multi-currency support, flexible contractor contracts, and minimal bureaucracy.","The HR Stack Guide research team evaluated 2026 feature sets and pricing models for Gusto and Plane for Decentralized teams requiring flexible global contractor payouts in fiat or stablecoins. Based on that analysis, Gusto is the recommended choice. Gusto starts at $40/mo while Plane starts at $20/mo.","{""Native Legal Entities"": {""a"": false, ""b"": true}, ""Contractor Auto-Pay"": {""a"": true, ""b"": true}, ""IT Device Shipping"": {""a"": false, ""b"": false}, ""Localized Health Benefits"": {""a"": false, ""b"": false}, ""Equity & Stock Admin"": {""a"": false, ""b"": true}, ""Zero FX Rate Markup"": {""a"": false, ""b"": true}, ""Global Tax Filings"": {""a"": true, ""b"": false}, ""Background Checks"": {""a"": false, ""b"": false}, ""Native US Payroll"": {""a"": true, ""b"": false}, ""Free Trial Available"": {""a"": true, ""b"": true}}",Gusto vs Plane for Web3 & Crypto Teams (2026 Comparison),Detailed comparison of Gusto vs Plane for Web3 & Crypto Teams.
papaya-vs-multiplier-for-web3-crypto,web3-crypto,Web3 & Crypto Teams,Web3 & Crypto Teams,Decentralized teams requiring flexible global contractor payouts in fiat or stablecoins.,papaya,Papaya Global,https://unavatar.io/papayaglobal.com,4.4,$25/mo,Per contractor / month ($650/mo for EOR),false,https://papayaglobal.com,Enterprise Payroll|Workforce Intelligence|Embedded Payments|160+ Countries,Built for complex enterprise security and ERPs|Consolidated global payroll analytics|Bank-grade security,High minimum spend limits|Overkill for early-stage startups,multiplier,Multiplier,https://unavatar.io/usemultiplier.com,4.6,$40/mo,Per contractor / month ($400/mo for EOR),false,https://www.usemultiplier.com,Self-Serve EOR|Instant Employment Contracts|Global Insurance|Multi-Currency Payouts,Competitive baseline EOR pricing ($400/mo)|Instant contract generation|Strong Asian market presence,Smaller user community|Fewer third-party software integrations,multiplier,Overall Fit,The HR Stack Guide's Overall Winner: Multiplier,,"Based on The HR Stack Guide's 2026 evaluation, Multiplier edges out the competition for Web3 & Crypto Teams due to its superior score (4.6/5), flexible operational setup, and strong support for Multi-currency support, flexible contractor contracts, and minimal bureaucracy.","The HR Stack Guide research team evaluated 2026 feature sets and pricing models for Papaya Global and Multiplier for Decentralized teams requiring flexible global contractor payouts in fiat or stablecoins. Based on that analysis, Multiplier is the recommended choice. Papaya Global starts at $25/mo while Multiplier starts at $40/mo.","{""Native Legal Entities"": {""a"": false, ""b"": true}, ""Contractor Auto-Pay"": {""a"": true, ""b"": true}, ""IT Device Shipping"": {""a"": false, ""b"": false}, ""Localized Health Benefits"": {""a"": true, ""b"": true}, ""Equity & Stock Admin"": {""a"": false, ""b"": false}, ""Zero FX Rate Markup"": {""a"": true, ""b"": false}, ""Global Tax Filings"": {""a"": true, ""b"": true}, ""Background Checks"": {""a"": true, ""b"": false}, ""Native US Payroll"": {""a"": true, ""b"": false}, ""Free Trial Available"": {""a"": false, ""b"": false}}",Papaya Global vs Multiplier for Web3 & Crypto Teams (2026 Comparison),Detailed comparison of Papaya Global vs Multiplier for Web3 & Crypto Teams.
papaya-vs-plane-for-web3-crypto,web3-crypto,Web3 & Crypto Teams,Web3 & Crypto Teams,Decentralized teams requiring flexible global contractor payouts in fiat or stablecoins.,papaya,Papaya Global,https://unavatar.io/papayaglobal.com,4.4,$25/mo,Per contractor / month ($650/mo for EOR),false,https://papayaglobal.com,Enterprise Payroll|Workforce Intelligence|Embedded Payments|160+ Countries,Built for complex enterprise security and ERPs|Consolidated global payroll analytics|Bank-grade security,High minimum spend limits|Overkill for early-stage startups,plane,Plane,https://unavatar.io/plane.com,4.5,$20/mo,Flat $29/mo per contractor ($299/mo for EOR),true,https://plane.com,Zero FX Markup|Stock Option Grants|Flat-Fee Pricing|Direct Crypto/Fiat Pay,No exchange rate markup fees|Lowest EOR rate in the market ($299/mo)|Transparent pricing,Fewer automated localized HR add-ons|Smaller legal footprint,plane,Overall Fit,The HR Stack Guide's Overall Winner: Plane,,"Based on The HR Stack Guide's 2026 evaluation, Plane edges out the competition for Web3 & Crypto Teams due to its superior score (4.5/5), flexible operational setup, and strong support for Multi-currency support, flexible contractor contracts, and minimal bureaucracy.","The HR Stack Guide research team evaluated 2026 feature sets and pricing models for Papaya Global and Plane for Decentralized teams requiring flexible global contractor payouts in fiat or stablecoins. Based on that analysis, Plane is the recommended choice. Papaya Global starts at $25/mo while Plane starts at $20/mo.","{""Native Legal Entities"": {""a"": false, ""b"": true}, ""Contractor Auto-Pay"": {""a"": true, ""b"": true}, ""IT Device Shipping"": {""a"": false, ""b"": false}, ""Localized Health Benefits"": {""a"": true, ""b"": false}, ""Equity & Stock Admin"": {""a"": false, ""b"": true}, ""Zero FX Rate Markup"": {""a"": true, ""b"": true}, ""Global Tax Filings"": {""a"": true, ""b"": false}, ""Background Checks"": {""a"": true, ""b"": false}, ""Native US Payroll"": {""a"": true, ""b"": false}, ""Free Trial Available"": {""a"": false, ""b"": true}}",Papaya Global vs Plane for Web3 & Crypto Teams (2026 Comparison),Detailed comparison of Papaya Global vs Plane for Web3 & Crypto Teams.
multiplier-vs-plane-for-web3-crypto,web3-crypto,Web3 & Crypto Teams,Web3 & Crypto Teams,Decentralized teams requiring flexible global contractor payouts in fiat or stablecoins.,multiplier,Multiplier,https://unavatar.io/usemultiplier.com,4.6,$40/mo,Per contractor / month ($400/mo for EOR),false,https://www.usemultiplier.com,Self-Serve EOR|Instant Employment Contracts|Global Insurance|Multi-Currency Payouts,Competitive baseline EOR pricing ($400/mo)|Instant contract generation|Strong Asian market presence,Smaller user community|Fewer third-party software integrations,plane,Plane,https://unavatar.io/plane.com,4.5,$20/mo,Flat $29/mo per contractor ($299/mo for EOR),true,https://plane.com,Zero FX Markup|Stock Option Grants|Flat-Fee Pricing|Direct Crypto/Fiat Pay,No exchange rate markup fees|Lowest EOR rate in the market ($299/mo)|Transparent pricing,Fewer automated localized HR add-ons|Smaller legal footprint,multiplier,Overall Fit,The HR Stack Guide's Overall Winner: Multiplier,,"Based on The HR Stack Guide's 2026 evaluation, Multiplier edges out the competition for Web3 & Crypto Teams due to its superior score (4.6/5), flexible operational setup, and strong support for Multi-currency support, flexible contractor contracts, and minimal bureaucracy.","The HR Stack Guide research team evaluated 2026 feature sets and pricing models for Multiplier and Plane for Decentralized teams requiring flexible global contractor payouts in fiat or stablecoins. Based on that analysis, Multiplier is the recommended choice. Multiplier starts at $40/mo while Plane starts at $20/mo.","{""Native Legal Entities"": {""a"": true, ""b"": true}, ""Contractor Auto-Pay"": {""a"": true, ""b"": true}, ""IT Device Shipping"": {""a"": false, ""b"": false}, ""Localized Health Benefits"": {""a"": true, ""b"": false}, ""Equity & Stock Admin"": {""a"": false, ""b"": true}, ""Zero FX Rate Markup"": {""a"": false, ""b"": true}, ""Global Tax Filings"": {""a"": true, ""b"": false}, ""Background Checks"": {""a"": false, ""b"": false}, ""Native US Payroll"": {""a"": false, ""b"": false}, ""Free Trial Available"": {""a"": false, ""b"": true}}",Multiplier vs Plane for Web3 & Crypto Teams (2026 Comparison),Detailed comparison of Multiplier vs Plane for Web3 & Crypto Teams.
deel-vs-rippling-for-us-latam,us-latam,US Companies Hiring in LATAM,US Companies Hiring in LATAM teams,"US-based enterprises sourcing nearshore software talent in Mexico, Colombia, and Brazil.",deel,Deel,/deel.png,4.8,$49/mo,Per contractor / month ($599/mo for EOR),false,https://www.deel.com,150+ Country EOR|Contractor Auto-Pay|Equipment Shipping|Background Checks,Fast 24-hr onboarding|Comprehensive localized tax compliance|Flexible payout options,EOR pricing can be steep for small teams|Admin UI has a learning curve,rippling,Rippling,https://unavatar.io/rippling.com,4.7,$35/mo,Base fee + $8 per user / month,false,https://www.rippling.com,Unified HR & IT|US & Global Payroll|Device Management|App Provisioning,Automates IT device setup alongside HR|Powerful custom workflow engine|Native US payroll integration,Base platform fee required|EOR feature set is secondary to HRIS,deel,Global EOR,The HR Stack Guide's Winner for Global EOR: Deel,"150+ country EOR network with dedicated in-market legal entities, versus a narrower international EOR footprint|24-hour EOR onboarding backed by in-house compliance and legal teams in each market|Equipment shipping and background checks are bundled directly into the EOR workflow for faster international hires","Based on The HR Stack Guide's 2026 evaluation, Deel is the stronger fit for global eor for US Companies Hiring in LATAM evaluating international remote team operations: 150+ country EOR network with dedicated in-market legal entities, versus a narrower international EOR footprint; 24-hour EOR onboarding backed by in-house compliance and legal teams in each market; and Equipment shipping and background checks are bundled directly into the EOR workflow for faster international hires. Both platforms carry solid overall ratings (4.8/5 for Deel vs. 4.7/5 for Rippling), but Rippling is built primarily as a general-purpose domestic HRIS, so Deel pulls ahead specifically on global eor for globally distributed teams.","The HR Stack Guide research team evaluated 2026 feature sets and pricing models for Deel and Rippling for US-based enterprises sourcing nearshore software talent in Mexico, Colombia, and Brazil. Based on that analysis, Deel is the recommended choice for global eor. Deel starts at $49/mo while Rippling starts at $35/mo.","{""Native Legal Entities"": {""a"": true, ""b"": false}, ""Contractor Auto-Pay"": {""a"": true, ""b"": true}, ""IT Device Shipping"": {""a"": true, ""b"": true}, ""Localized Health Benefits"": {""a"": true, ""b"": true}, ""Equity & Stock Admin"": {""a"": true, ""b"": true}, ""Zero FX Rate Markup"": {""a"": false, ""b"": false}, ""Global Tax Filings"": {""a"": true, ""b"": true}, ""Background Checks"": {""a"": true, ""b"": true}, ""Native US Payroll"": {""a"": true, ""b"": true}, ""Free Trial Available"": {""a"": false, ""b"": false}}",Deel vs Rippling for US Companies Hiring in LATAM (2026 Comparison),Detailed comparison of Deel vs Rippling for US Companies Hiring in LATAM.
deel-vs-remote-for-us-latam,us-latam,US Companies Hiring in LATAM,US Companies Hiring in LATAM teams,"US-based enterprises sourcing nearshore software talent in Mexico, Colombia, and Brazil.",deel,Deel,/deel.png,4.8,$49/mo,Per contractor / month ($599/mo for EOR),false,https://www.deel.com,150+ Country EOR|Contractor Auto-Pay|Equipment Shipping|Background Checks,Fast 24-hr onboarding|Comprehensive localized tax compliance|Flexible payout options,EOR pricing can be steep for small teams|Admin UI has a learning curve,remote,Remote,https://unavatar.io/remote.com,4.6,$29/mo,Per contractor / month ($599/mo for EOR),true,https://remote.com,100% Native Entities|IP Protection|Global Benefits|Remote Relocation,Owns all local legal entities directly|Strong IP guardrails for tech startups|No hidden markup fees,Slower entity expansion than Deel|Limited IT management tooling,deel,Overall Fit,The HR Stack Guide's Overall Winner: Deel,,"Based on The HR Stack Guide's 2026 evaluation, Deel edges out the competition for US Companies Hiring in LATAM due to its superior score (4.8/5), flexible operational setup, and strong support for Localized LATAM compliance, health benefits, and same-time-zone payroll processing.","The HR Stack Guide research team evaluated 2026 feature sets and pricing models for Deel and Remote for US-based enterprises sourcing nearshore software talent in Mexico, Colombia, and Brazil. Based on that analysis, Deel is the recommended choice. Deel starts at $49/mo while Remote starts at $29/mo.","{""Native Legal Entities"": {""a"": true, ""b"": true}, ""Contractor Auto-Pay"": {""a"": true, ""b"": true}, ""IT Device Shipping"": {""a"": true, ""b"": false}, ""Localized Health Benefits"": {""a"": true, ""b"": true}, ""Equity & Stock Admin"": {""a"": true, ""b"": true}, ""Zero FX Rate Markup"": {""a"": false, ""b"": true}, ""Global Tax Filings"": {""a"": true, ""b"": true}, ""Background Checks"": {""a"": true, ""b"": true}, ""Native US Payroll"": {""a"": true, ""b"": false}, ""Free Trial Available"": {""a"": false, ""b"": true}}",Deel vs Remote for US Companies Hiring in LATAM (2026 Comparison),Detailed comparison of Deel vs Remote for US Companies Hiring in LATAM.
deel-vs-oyster-for-us-latam,us-latam,US Companies Hiring in LATAM,US Companies Hiring in LATAM teams,"US-based enterprises sourcing nearshore software talent in Mexico, Colombia, and Brazil.",deel,Deel,/deel.png,4.8,$49/mo,Per contractor / month ($599/mo for EOR),false,https://www.deel.com,150+ Country EOR|Contractor Auto-Pay|Equipment Shipping|Background Checks,Fast 24-hr onboarding|Comprehensive localized tax compliance|Flexible payout options,EOR pricing can be steep for small teams|Admin UI has a learning curve,oyster,Oyster HR,/Oyster.png,4.5,$29/mo,Per contractor / month ($499/mo for EOR),true,https://www.oysterhr.com,180+ Country Reach|Oyster Academy|Global Employment Cost Calculator|Equity Admin,Extremely intuitive UI|Great tools for early-stage founder estimation|B-Corp social mission,Relies on third-party local partners in select markets|Slightly higher EOR base rate,deel,Overall Fit,The HR Stack Guide's Overall Winner: Deel,,"Based on The HR Stack Guide's 2026 evaluation, Deel edges out the competition for US Companies Hiring in LATAM due to its superior score (4.8/5), flexible operational setup, and strong support for Localized LATAM compliance, health benefits, and same-time-zone payroll processing.","The HR Stack Guide research team evaluated 2026 feature sets and pricing models for Deel and Oyster HR for US-based enterprises sourcing nearshore software talent in Mexico, Colombia, and Brazil. Based on that analysis, Deel is the recommended choice. Deel starts at $49/mo while Oyster HR starts at $29/mo.","{""Native Legal Entities"": {""a"": true, ""b"": false}, ""Contractor Auto-Pay"": {""a"": true, ""b"": true}, ""IT Device Shipping"": {""a"": true, ""b"": false}, ""Localized Health Benefits"": {""a"": true, ""b"": true}, ""Equity & Stock Admin"": {""a"": true, ""b"": true}, ""Zero FX Rate Markup"": {""a"": false, ""b"": false}, ""Global Tax Filings"": {""a"": true, ""b"": true}, ""Background Checks"": {""a"": true, ""b"": true}, ""Native US Payroll"": {""a"": true, ""b"": false}, ""Free Trial Available"": {""a"": false, ""b"": true}}",Deel vs Oyster HR for US Companies Hiring in LATAM (2026 Comparison),Detailed comparison of Deel vs Oyster HR for US Companies Hiring in LATAM.
deel-vs-gusto-for-us-latam,us-latam,US Companies Hiring in LATAM,US Companies Hiring in LATAM teams,"US-based enterprises sourcing nearshore software talent in Mexico, Colombia, and Brazil.",deel,Deel,/deel.png,4.8,$49/mo,Per contractor / month ($599/mo for EOR),false,https://www.deel.com,150+ Country EOR|Contractor Auto-Pay|Equipment Shipping|Background Checks,Fast 24-hr onboarding|Comprehensive localized tax compliance|Flexible payout options,EOR pricing can be steep for small teams|Admin UI has a learning curve,gusto,Gusto,/Gusto.png,4.7,$40/mo,Base fee + $6 per user / month,true,https://www.gusto.com,US Native Payroll|Benefits Administration|International Contractor Pay|Time Tracking,Best-in-class user experience for US teams|Automated state tax filings|Affordable pricing,Not a full global EOR (contractor pay only internationally)|US-centric only,deel,Overall Fit,The HR Stack Guide's Overall Winner: Deel,,"Based on The HR Stack Guide's 2026 evaluation, Deel edges out the competition for US Companies Hiring in LATAM due to its superior score (4.8/5), flexible operational setup, and strong support for Localized LATAM compliance, health benefits, and same-time-zone payroll processing.","The HR Stack Guide research team evaluated 2026 feature sets and pricing models for Deel and Gusto for US-based enterprises sourcing nearshore software talent in Mexico, Colombia, and Brazil. Based on that analysis, Deel is the recommended choice. Deel starts at $49/mo while Gusto starts at $40/mo.","{""Native Legal Entities"": {""a"": true, ""b"": false}, ""Contractor Auto-Pay"": {""a"": true, ""b"": true}, ""IT Device Shipping"": {""a"": true, ""b"": false}, ""Localized Health Benefits"": {""a"": true, ""b"": false}, ""Equity & Stock Admin"": {""a"": true, ""b"": false}, ""Zero FX Rate Markup"": {""a"": false, ""b"": false}, ""Global Tax Filings"": {""a"": true, ""b"": true}, ""Background Checks"": {""a"": true, ""b"": false}, ""Native US Payroll"": {""a"": true, ""b"": true}, ""Free Trial Available"": {""a"": false, ""b"": true}}",Deel vs Gusto for US Companies Hiring in LATAM (2026 Comparison),Detailed comparison of Deel vs Gusto for US Companies Hiring in LATAM.
deel-vs-papaya-for-us-latam,us-latam,US Companies Hiring in LATAM,US Companies Hiring in LATAM teams,"US-based enterprises sourcing nearshore software talent in Mexico, Colombia, and Brazil.",deel,Deel,/deel.png,4.8,$49/mo,Per contractor / month ($599/mo for EOR),false,https://www.deel.com,150+ Country EOR|Contractor Auto-Pay|Equipment Shipping|Background Checks,Fast 24-hr onboarding|Comprehensive localized tax compliance|Flexible payout options,EOR pricing can be steep for small teams|Admin UI has a learning curve,papaya,Papaya Global,https://unavatar.io/papayaglobal.com,4.4,$25/mo,Per contractor / month ($650/mo for EOR),false,https://papayaglobal.com,Enterprise Payroll|Workforce Intelligence|Embedded Payments|160+ Countries,Built for complex enterprise security and ERPs|Consolidated global payroll analytics|Bank-grade security,High minimum spend limits|Overkill for early-stage startups,deel,Overall Fit,The HR Stack Guide's Overall Winner: Deel,,"Based on The HR Stack Guide's 2026 evaluation, Deel edges out the competition for US Companies Hiring in LATAM due to its superior score (4.8/5), flexible operational setup, and strong support for Localized LATAM compliance, health benefits, and same-time-zone payroll processing.","The HR Stack Guide research team evaluated 2026 feature sets and pricing models for Deel and Papaya Global for US-based enterprises sourcing nearshore software talent in Mexico, Colombia, and Brazil. Based on that analysis, Deel is the recommended choice. Deel starts at $49/mo while Papaya Global starts at $25/mo.","{""Native Legal Entities"": {""a"": true, ""b"": false}, ""Contractor Auto-Pay"": {""a"": true, ""b"": true}, ""IT Device Shipping"": {""a"": true, ""b"": false}, ""Localized Health Benefits"": {""a"": true, ""b"": true}, ""Equity & Stock Admin"": {""a"": true, ""b"": false}, ""Zero FX Rate Markup"": {""a"": false, ""b"": true}, ""Global Tax Filings"": {""a"": true, ""b"": true}, ""Background Checks"": {""a"": true, ""b"": true}, ""Native US Payroll"": {""a"": true, ""b"": true}, ""Free Trial Available"": {""a"": false, ""b"": false}}",Deel vs Papaya Global for US Companies Hiring in LATAM (2026 Comparison),Detailed comparison of Deel vs Papaya Global for US Companies Hiring in LATAM.
deel-vs-multiplier-for-us-latam,us-latam,US Companies Hiring in LATAM,US Companies Hiring in LATAM teams,"US-based enterprises sourcing nearshore software talent in Mexico, Colombia, and Brazil.",deel,Deel,/deel.png,4.8,$49/mo,Per contractor / month ($599/mo for EOR),false,https://www.deel.com,150+ Country EOR|Contractor Auto-Pay|Equipment Shipping|Background Checks,Fast 24-hr onboarding|Comprehensive localized tax compliance|Flexible payout options,EOR pricing can be steep for small teams|Admin UI has a learning curve,multiplier,Multiplier,https://unavatar.io/usemultiplier.com,4.6,$40/mo,Per contractor / month ($400/mo for EOR),false,https://www.usemultiplier.com,Self-Serve EOR|Instant Employment Contracts|Global Insurance|Multi-Currency Payouts,Competitive baseline EOR pricing ($400/mo)|Instant contract generation|Strong Asian market presence,Smaller user community|Fewer third-party software integrations,deel,Overall Fit,The HR Stack Guide's Overall Winner: Deel,,"Based on The HR Stack Guide's 2026 evaluation, Deel edges out the competition for US Companies Hiring in LATAM due to its superior score (4.8/5), flexible operational setup, and strong support for Localized LATAM compliance, health benefits, and same-time-zone payroll processing.","The HR Stack Guide research team evaluated 2026 feature sets and pricing models for Deel and Multiplier for US-based enterprises sourcing nearshore software talent in Mexico, Colombia, and Brazil. Based on that analysis, Deel is the recommended choice. Deel starts at $49/mo while Multiplier starts at $40/mo.","{""Native Legal Entities"": {""a"": true, ""b"": true}, ""Contractor Auto-Pay"": {""a"": true, ""b"": true}, ""IT Device Shipping"": {""a"": true, ""b"": false}, ""Localized Health Benefits"": {""a"": true, ""b"": true}, ""Equity & Stock Admin"": {""a"": true, ""b"": false}, ""Zero FX Rate Markup"": {""a"": false, ""b"": false}, ""Global Tax Filings"": {""a"": true, ""b"": true}, ""Background Checks"": {""a"": true, ""b"": false}, ""Native US Payroll"": {""a"": true, ""b"": false}, ""Free Trial Available"": {""a"": false, ""b"": false}}",Deel vs Multiplier for US Companies Hiring in LATAM (2026 Comparison),Detailed comparison of Deel vs Multiplier for US Companies Hiring in LATAM.
deel-vs-plane-for-us-latam,us-latam,US Companies Hiring in LATAM,US Companies Hiring in LATAM teams,"US-based enterprises sourcing nearshore software talent in Mexico, Colombia, and Brazil.",deel,Deel,/deel.png,4.8,$49/mo,Per contractor / month ($599/mo for EOR),false,https://www.deel.com,150+ Country EOR|Contractor Auto-Pay|Equipment Shipping|Background Checks,Fast 24-hr onboarding|Comprehensive localized tax compliance|Flexible payout options,EOR pricing can be steep for small teams|Admin UI has a learning curve,plane,Plane,https://unavatar.io/plane.com,4.5,$20/mo,Flat $29/mo per contractor ($299/mo for EOR),true,https://plane.com,Zero FX Markup|Stock Option Grants|Flat-Fee Pricing|Direct Crypto/Fiat Pay,No exchange rate markup fees|Lowest EOR rate in the market ($299/mo)|Transparent pricing,Fewer automated localized HR add-ons|Smaller legal footprint,deel,Overall Fit,The HR Stack Guide's Overall Winner: Deel,,"Based on The HR Stack Guide's 2026 evaluation, Deel edges out the competition for US Companies Hiring in LATAM due to its superior score (4.8/5), flexible operational setup, and strong support for Localized LATAM compliance, health benefits, and same-time-zone payroll processing.","The HR Stack Guide research team evaluated 2026 feature sets and pricing models for Deel and Plane for US-based enterprises sourcing nearshore software talent in Mexico, Colombia, and Brazil. Based on that analysis, Deel is the recommended choice. Deel starts at $49/mo while Plane starts at $20/mo.","{""Native Legal Entities"": {""a"": true, ""b"": true}, ""Contractor Auto-Pay"": {""a"": true, ""b"": true}, ""IT Device Shipping"": {""a"": true, ""b"": false}, ""Localized Health Benefits"": {""a"": true, ""b"": false}, ""Equity & Stock Admin"": {""a"": true, ""b"": true}, ""Zero FX Rate Markup"": {""a"": false, ""b"": true}, ""Global Tax Filings"": {""a"": true, ""b"": false}, ""Background Checks"": {""a"": true, ""b"": false}, ""Native US Payroll"": {""a"": true, ""b"": false}, ""Free Trial Available"": {""a"": false, ""b"": true}}",Deel vs Plane for US Companies Hiring in LATAM (2026 Comparison),Detailed comparison of Deel vs Plane for US Companies Hiring in LATAM.
rippling-vs-remote-for-us-latam,us-latam,US Companies Hiring in LATAM,US Companies Hiring in LATAM teams,"US-based enterprises sourcing nearshore software talent in Mexico, Colombia, and Brazil.",rippling,Rippling,https://unavatar.io/rippling.com,4.7,$35/mo,Base fee + $8 per user / month,false,https://www.rippling.com,Unified HR & IT|US & Global Payroll|Device Management|App Provisioning,Automates IT device setup alongside HR|Powerful custom workflow engine|Native US payroll integration,Base platform fee required|EOR feature set is secondary to HRIS,remote,Remote,https://unavatar.io/remote.com,4.6,$29/mo,Per contractor / month ($599/mo for EOR),true,https://remote.com,100% Native Entities|IP Protection|Global Benefits|Remote Relocation,Owns all local legal entities directly|Strong IP guardrails for tech startups|No hidden markup fees,Slower entity expansion than Deel|Limited IT management tooling,remote,Global EOR,The HR Stack Guide's Winner for Global EOR: Remote,"Owns 100% of its local legal entities directly rather than relying on secondary EOR partners|Zero FX markup on cross-border payouts keeps international payroll costs predictable|Built-in IP and invention-assignment protections purpose-built for distributed, IP-sensitive teams","Based on The HR Stack Guide's 2026 evaluation, Remote is the stronger fit for global eor for US Companies Hiring in LATAM evaluating international remote team operations: Owns 100% of its local legal entities directly rather than relying on secondary EOR partners; Zero FX markup on cross-border payouts keeps international payroll costs predictable; and Built-in IP and invention-assignment protections purpose-built for distributed, IP-sensitive teams. Both platforms carry solid overall ratings (4.6/5 for Remote vs. 4.7/5 for Rippling), but Rippling is built primarily as a general-purpose domestic HRIS, so Remote pulls ahead specifically on global eor for globally distributed teams.","The HR Stack Guide research team evaluated 2026 feature sets and pricing models for Rippling and Remote for US-based enterprises sourcing nearshore software talent in Mexico, Colombia, and Brazil. Based on that analysis, Remote is the recommended choice for global eor. Rippling starts at $35/mo while Remote starts at $29/mo.","{""Native Legal Entities"": {""a"": false, ""b"": true}, ""Contractor Auto-Pay"": {""a"": true, ""b"": true}, ""IT Device Shipping"": {""a"": true, ""b"": false}, ""Localized Health Benefits"": {""a"": true, ""b"": true}, ""Equity & Stock Admin"": {""a"": true, ""b"": true}, ""Zero FX Rate Markup"": {""a"": false, ""b"": true}, ""Global Tax Filings"": {""a"": true, ""b"": true}, ""Background Checks"": {""a"": true, ""b"": true}, ""Native US Payroll"": {""a"": true, ""b"": false}, ""Free Trial Available"": {""a"": false, ""b"": true}}",Rippling vs Remote for US Companies Hiring in LATAM (2026 Comparison),Detailed comparison of Rippling vs Remote for US Companies Hiring in LATAM.
rippling-vs-oyster-for-us-latam,us-latam,US Companies Hiring in LATAM,US Companies Hiring in LATAM teams,"US-based enterprises sourcing nearshore software talent in Mexico, Colombia, and Brazil.",rippling,Rippling,https://unavatar.io/rippling.com,4.7,$35/mo,Base fee + $8 per user / month,false,https://www.rippling.com,Unified HR & IT|US & Global Payroll|Device Management|App Provisioning,Automates IT device setup alongside HR|Powerful custom workflow engine|Native US payroll integration,Base platform fee required|EOR feature set is secondary to HRIS,oyster,Oyster HR,/Oyster.png,4.5,$29/mo,Per contractor / month ($499/mo for EOR),true,https://www.oysterhr.com,180+ Country Reach|Oyster Academy|Global Employment Cost Calculator|Equity Admin,Extremely intuitive UI|Great tools for early-stage founder estimation|B-Corp social mission,Relies on third-party local partners in select markets|Slightly higher EOR base rate,oyster,International Contractor Management,The HR Stack Guide's Winner for International Contractor Management: Oyster HR,"180+ country contractor and EOR reach with a dedicated Global Employment Cost Calculator for upfront budgeting|Contractor-first onboarding flows purpose-built for hiring across borders, rather than adapted from a domestic-first HRIS|Oyster Academy resources help first-time international hiring teams navigate compliance without dedicated in-house legal support","Based on The HR Stack Guide's 2026 evaluation, Oyster HR is the stronger fit for international contractor management for US Companies Hiring in LATAM evaluating international remote team operations: 180+ country contractor and EOR reach with a dedicated Global Employment Cost Calculator for upfront budgeting; Contractor-first onboarding flows purpose-built for hiring across borders, rather than adapted from a domestic-first HRIS; and Oyster Academy resources help first-time international hiring teams navigate compliance without dedicated in-house legal support. Both platforms carry solid overall ratings (4.5/5 for Oyster HR vs. 4.7/5 for Rippling), but Rippling is built primarily as a general-purpose domestic HRIS, so Oyster HR pulls ahead specifically on international contractor management for globally distributed teams.","The HR Stack Guide research team evaluated 2026 feature sets and pricing models for Rippling and Oyster HR for US-based enterprises sourcing nearshore software talent in Mexico, Colombia, and Brazil. Based on that analysis, Oyster HR is the recommended choice for international contractor management. Rippling starts at $35/mo while Oyster HR starts at $29/mo.","{""Native Legal Entities"": {""a"": false, ""b"": false}, ""Contractor Auto-Pay"": {""a"": true, ""b"": true}, ""IT Device Shipping"": {""a"": true, ""b"": false}, ""Localized Health Benefits"": {""a"": true, ""b"": true}, ""Equity & Stock Admin"": {""a"": true, ""b"": true}, ""Zero FX Rate Markup"": {""a"": false, ""b"": false}, ""Global Tax Filings"": {""a"": true, ""b"": true}, ""Background Checks"": {""a"": true, ""b"": true}, ""Native US Payroll"": {""a"": true, ""b"": false}, ""Free Trial Available"": {""a"": false, ""b"": true}}",Rippling vs Oyster HR for US Companies Hiring in LATAM (2026 Comparison),Detailed comparison of Rippling vs Oyster HR for US Companies Hiring in LATAM.
rippling-vs-gusto-for-us-latam,us-latam,US Companies Hiring in LATAM,US Companies Hiring in LATAM teams,"US-based enterprises sourcing nearshore software talent in Mexico, Colombia, and Brazil.",rippling,Rippling,https://unavatar.io/rippling.com,4.7,$35/mo,Base fee + $8 per user / month,false,https://www.rippling.com,Unified HR & IT|US & Global Payroll|Device Management|App Provisioning,Automates IT device setup alongside HR|Powerful custom workflow engine|Native US payroll integration,Base platform fee required|EOR feature set is secondary to HRIS,gusto,Gusto,/Gusto.png,4.7,$40/mo,Base fee + $6 per user / month,true,https://www.gusto.com,US Native Payroll|Benefits Administration|International Contractor Pay|Time Tracking,Best-in-class user experience for US teams|Automated state tax filings|Affordable pricing,Not a full global EOR (contractor pay only internationally)|US-centric only,gusto,Domestic SMB Simplicity,The HR Stack Guide's Winner for Domestic SMB Simplicity: Gusto,"Best-in-class US payroll experience purpose-built for small teams, without added IT device-management overhead|Automated state-by-state tax filings come standard, reducing the compliance workload for lean SMB teams|Simple, transparent per-employee pricing starting lower than a base-fee-plus-per-user model","Based on The HR Stack Guide's 2026 evaluation, Gusto is the stronger fit for domestic smb simplicity for US Companies Hiring in LATAM evaluating international remote team operations: Best-in-class US payroll experience purpose-built for small teams, without added IT device-management overhead; Automated state-by-state tax filings come standard, reducing the compliance workload for lean SMB teams; and Simple, transparent per-employee pricing starting lower than a base-fee-plus-per-user model. Both platforms carry solid overall ratings (4.7/5 for Gusto vs. 4.7/5 for Rippling), but Rippling is built primarily as a general-purpose domestic HRIS, so Gusto pulls ahead specifically on domestic smb simplicity for globally distributed teams.","The HR Stack Guide research team evaluated 2026 feature sets and pricing models for Rippling and Gusto for US-based enterprises sourcing nearshore software talent in Mexico, Colombia, and Brazil. Based on that analysis, Gusto is the recommended choice for domestic smb simplicity. Rippling starts at $35/mo while Gusto starts at $40/mo.","{""Native Legal Entities"": {""a"": false, ""b"": false}, ""Contractor Auto-Pay"": {""a"": true, ""b"": true}, ""IT Device Shipping"": {""a"": true, ""b"": false}, ""Localized Health Benefits"": {""a"": true, ""b"": false}, ""Equity & Stock Admin"": {""a"": true, ""b"": false}, ""Zero FX Rate Markup"": {""a"": false, ""b"": false}, ""Global Tax Filings"": {""a"": true, ""b"": true}, ""Background Checks"": {""a"": true, ""b"": false}, ""Native US Payroll"": {""a"": true, ""b"": true}, ""Free Trial Available"": {""a"": false, ""b"": true}}",Rippling vs Gusto for US Companies Hiring in LATAM (2026 Comparison),Detailed comparison of Rippling vs Gusto for US Companies Hiring in LATAM.
rippling-vs-papaya-for-us-latam,us-latam,US Companies Hiring in LATAM,US Companies Hiring in LATAM teams,"US-based enterprises sourcing nearshore software talent in Mexico, Colombia, and Brazil.",rippling,Rippling,https://unavatar.io/rippling.com,4.7,$35/mo,Base fee + $8 per user / month,false,https://www.rippling.com,Unified HR & IT|US & Global Payroll|Device Management|App Provisioning,Automates IT device setup alongside HR|Powerful custom workflow engine|Native US payroll integration,Base platform fee required|EOR feature set is secondary to HRIS,papaya,Papaya Global,https://unavatar.io/papayaglobal.com,4.4,$25/mo,Per contractor / month ($650/mo for EOR),false,https://papayaglobal.com,Enterprise Payroll|Workforce Intelligence|Embedded Payments|160+ Countries,Built for complex enterprise security and ERPs|Consolidated global payroll analytics|Bank-grade security,High minimum spend limits|Overkill for early-stage startups,rippling,Overall Fit,The HR Stack Guide's Overall Winner: Rippling,,"Based on The HR Stack Guide's 2026 evaluation, Rippling edges out the competition for US Companies Hiring in LATAM due to its superior score (4.7/5), flexible operational setup, and strong support for Localized LATAM compliance, health benefits, and same-time-zone payroll processing.","The HR Stack Guide research team evaluated 2026 feature sets and pricing models for Rippling and Papaya Global for US-based enterprises sourcing nearshore software talent in Mexico, Colombia, and Brazil. Based on that analysis, Rippling is the recommended choice. Rippling starts at $35/mo while Papaya Global starts at $25/mo.","{""Native Legal Entities"": {""a"": false, ""b"": false}, ""Contractor Auto-Pay"": {""a"": true, ""b"": true}, ""IT Device Shipping"": {""a"": true, ""b"": false}, ""Localized Health Benefits"": {""a"": true, ""b"": true}, ""Equity & Stock Admin"": {""a"": true, ""b"": false}, ""Zero FX Rate Markup"": {""a"": false, ""b"": true}, ""Global Tax Filings"": {""a"": true, ""b"": true}, ""Background Checks"": {""a"": true, ""b"": true}, ""Native US Payroll"": {""a"": true, ""b"": true}, ""Free Trial Available"": {""a"": false, ""b"": false}}",Rippling vs Papaya Global for US Companies Hiring in LATAM (2026 Comparison),Detailed comparison of Rippling vs Papaya Global for US Companies Hiring in LATAM.
rippling-vs-multiplier-for-us-latam,us-latam,US Companies Hiring in LATAM,US Companies Hiring in LATAM teams,"US-based enterprises sourcing nearshore software talent in Mexico, Colombia, and Brazil.",rippling,Rippling,https://unavatar.io/rippling.com,4.7,$35/mo,Base fee + $8 per user / month,false,https://www.rippling.com,Unified HR & IT|US & Global Payroll|Device Management|App Provisioning,Automates IT device setup alongside HR|Powerful custom workflow engine|Native US payroll integration,Base platform fee required|EOR feature set is secondary to HRIS,multiplier,Multiplier,https://unavatar.io/usemultiplier.com,4.6,$40/mo,Per contractor / month ($400/mo for EOR),false,https://www.usemultiplier.com,Self-Serve EOR|Instant Employment Contracts|Global Insurance|Multi-Currency Payouts,Competitive baseline EOR pricing ($400/mo)|Instant contract generation|Strong Asian market presence,Smaller user community|Fewer third-party software integrations,rippling,Overall Fit,The HR Stack Guide's Overall Winner: Rippling,,"Based on The HR Stack Guide's 2026 evaluation, Rippling edges out the competition for US Companies Hiring in LATAM due to its superior score (4.7/5), flexible operational setup, and strong support for Localized LATAM compliance, health benefits, and same-time-zone payroll processing.","The HR Stack Guide research team evaluated 2026 feature sets and pricing models for Rippling and Multiplier for US-based enterprises sourcing nearshore software talent in Mexico, Colombia, and Brazil. Based on that analysis, Rippling is the recommended choice. Rippling starts at $35/mo while Multiplier starts at $40/mo.","{""Native Legal Entities"": {""a"": false, ""b"": true}, ""Contractor Auto-Pay"": {""a"": true, ""b"": true}, ""IT Device Shipping"": {""a"": true, ""b"": false}, ""Localized Health Benefits"": {""a"": true, ""b"": true}, ""Equity & Stock Admin"": {""a"": true, ""b"": false}, ""Zero FX Rate Markup"": {""a"": false, ""b"": false}, ""Global Tax Filings"": {""a"": true, ""b"": true}, ""Background Checks"": {""a"": true, ""b"": false}, ""Native US Payroll"": {""a"": true, ""b"": false}, ""Free Trial Available"": {""a"": false, ""b"": false}}",Rippling vs Multiplier for US Companies Hiring in LATAM (2026 Comparison),Detailed comparison of Rippling vs Multiplier for US Companies Hiring in LATAM.
rippling-vs-plane-for-us-latam,us-latam,US Companies Hiring in LATAM,US Companies Hiring in LATAM teams,"US-based enterprises sourcing nearshore software talent in Mexico, Colombia, and Brazil.",rippling,Rippling,https://unavatar.io/rippling.com,4.7,$35/mo,Base fee + $8 per user / month,false,https://www.rippling.com,Unified HR & IT|US & Global Payroll|Device Management|App Provisioning,Automates IT device setup alongside HR|Powerful custom workflow engine|Native US payroll integration,Base platform fee required|EOR feature set is secondary to HRIS,plane,Plane,https://unavatar.io/plane.com,4.5,$20/mo,Flat $29/mo per contractor ($299/mo for EOR),true,https://plane.com,Zero FX Markup|Stock Option Grants|Flat-Fee Pricing|Direct Crypto/Fiat Pay,No exchange rate markup fees|Lowest EOR rate in the market ($299/mo)|Transparent pricing,Fewer automated localized HR add-ons|Smaller legal footprint,rippling,Overall Fit,The HR Stack Guide's Overall Winner: Rippling,,"Based on The HR Stack Guide's 2026 evaluation, Rippling edges out the competition for US Companies Hiring in LATAM due to its superior score (4.7/5), flexible operational setup, and strong support for Localized LATAM compliance, health benefits, and same-time-zone payroll processing.","The HR Stack Guide research team evaluated 2026 feature sets and pricing models for Rippling and Plane for US-based enterprises sourcing nearshore software talent in Mexico, Colombia, and Brazil. Based on that analysis, Rippling is the recommended choice. Rippling starts at $35/mo while Plane starts at $20/mo.","{""Native Legal Entities"": {""a"": false, ""b"": true}, ""Contractor Auto-Pay"": {""a"": true, ""b"": true}, ""IT Device Shipping"": {""a"": true, ""b"": false}, ""Localized Health Benefits"": {""a"": true, ""b"": false}, ""Equity & Stock Admin"": {""a"": true, ""b"": true}, ""Zero FX Rate Markup"": {""a"": false, ""b"": true}, ""Global Tax Filings"": {""a"": true, ""b"": false}, ""Background Checks"": {""a"": true, ""b"": false}, ""Native US Payroll"": {""a"": true, ""b"": false}, ""Free Trial Available"": {""a"": false, ""b"": true}}",Rippling vs Plane for US Companies Hiring in LATAM (2026 Comparison),Detailed comparison of Rippling vs Plane for US Companies Hiring in LATAM.
remote-vs-oyster-for-us-latam,us-latam,US Companies Hiring in LATAM,US Companies Hiring in LATAM teams,"US-based enterprises sourcing nearshore software talent in Mexico, Colombia, and Brazil.",remote,Remote,https://unavatar.io/remote.com,4.6,$29/mo,Per contractor / month ($599/mo for EOR),true,https://remote.com,100% Native Entities|IP Protection|Global Benefits|Remote Relocation,Owns all local legal entities directly|Strong IP guardrails for tech startups|No hidden markup fees,Slower entity expansion than Deel|Limited IT management tooling,oyster,Oyster HR,/Oyster.png,4.5,$29/mo,Per contractor / month ($499/mo for EOR),true,https://www.oysterhr.com,180+ Country Reach|Oyster Academy|Global Employment Cost Calculator|Equity Admin,Extremely intuitive UI|Great tools for early-stage founder estimation|B-Corp social mission,Relies on third-party local partners in select markets|Slightly higher EOR base rate,remote,Overall Fit,The HR Stack Guide's Overall Winner: Remote,,"Based on The HR Stack Guide's 2026 evaluation, Remote edges out the competition for US Companies Hiring in LATAM due to its superior score (4.6/5), flexible operational setup, and strong support for Localized LATAM compliance, health benefits, and same-time-zone payroll processing.","The HR Stack Guide research team evaluated 2026 feature sets and pricing models for Remote and Oyster HR for US-based enterprises sourcing nearshore software talent in Mexico, Colombia, and Brazil. Based on that analysis, Remote is the recommended choice. Remote starts at $29/mo while Oyster HR starts at $29/mo.","{""Native Legal Entities"": {""a"": true, ""b"": false}, ""Contractor Auto-Pay"": {""a"": true, ""b"": true}, ""IT Device Shipping"": {""a"": false, ""b"": false}, ""Localized Health Benefits"": {""a"": true, ""b"": true}, ""Equity & Stock Admin"": {""a"": true, ""b"": true}, ""Zero FX Rate Markup"": {""a"": true, ""b"": false}, ""Global Tax Filings"": {""a"": true, ""b"": true}, ""Background Checks"": {""a"": true, ""b"": true}, ""Native US Payroll"": {""a"": false, ""b"": false}, ""Free Trial Available"": {""a"": true, ""b"": true}}",Remote vs Oyster HR for US Companies Hiring in LATAM (2026 Comparison),Detailed comparison of Remote vs Oyster HR for US Companies Hiring in LATAM.
remote-vs-gusto-for-us-latam,us-latam,US Companies Hiring in LATAM,US Companies Hiring in LATAM teams,"US-based enterprises sourcing nearshore software talent in Mexico, Colombia, and Brazil.",remote,Remote,https://unavatar.io/remote.com,4.6,$29/mo,Per contractor / month ($599/mo for EOR),true,https://remote.com,100% Native Entities|IP Protection|Global Benefits|Remote Relocation,Owns all local legal entities directly|Strong IP guardrails for tech startups|No hidden markup fees,Slower entity expansion than Deel|Limited IT management tooling,gusto,Gusto,/Gusto.png,4.7,$40/mo,Base fee + $6 per user / month,true,https://www.gusto.com,US Native Payroll|Benefits Administration|International Contractor Pay|Time Tracking,Best-in-class user experience for US teams|Automated state tax filings|Affordable pricing,Not a full global EOR (contractor pay only internationally)|US-centric only,gusto,Overall Fit,The HR Stack Guide's Overall Winner: Gusto,,"Based on The HR Stack Guide's 2026 evaluation, Gusto edges out the competition for US Companies Hiring in LATAM due to its superior score (4.7/5), flexible operational setup, and strong support for Localized LATAM compliance, health benefits, and same-time-zone payroll processing.","The HR Stack Guide research team evaluated 2026 feature sets and pricing models for Remote and Gusto for US-based enterprises sourcing nearshore software talent in Mexico, Colombia, and Brazil. Based on that analysis, Gusto is the recommended choice. Remote starts at $29/mo while Gusto starts at $40/mo.","{""Native Legal Entities"": {""a"": true, ""b"": false}, ""Contractor Auto-Pay"": {""a"": true, ""b"": true}, ""IT Device Shipping"": {""a"": false, ""b"": false}, ""Localized Health Benefits"": {""a"": true, ""b"": false}, ""Equity & Stock Admin"": {""a"": true, ""b"": false}, ""Zero FX Rate Markup"": {""a"": true, ""b"": false}, ""Global Tax Filings"": {""a"": true, ""b"": true}, ""Background Checks"": {""a"": true, ""b"": false}, ""Native US Payroll"": {""a"": false, ""b"": true}, ""Free Trial Available"": {""a"": true, ""b"": true}}",Remote vs Gusto for US Companies Hiring in LATAM (2026 Comparison),Detailed comparison of Remote vs Gusto for US Companies Hiring in LATAM.
remote-vs-papaya-for-us-latam,us-latam,US Companies Hiring in LATAM,US Companies Hiring in LATAM teams,"US-based enterprises sourcing nearshore software talent in Mexico, Colombia, and Brazil.",remote,Remote,https://unavatar.io/remote.com,4.6,$29/mo,Per contractor / month ($599/mo for EOR),true,https://remote.com,100% Native Entities|IP Protection|Global Benefits|Remote Relocation,Owns all local legal entities directly|Strong IP guardrails for tech startups|No hidden markup fees,Slower entity expansion than Deel|Limited IT management tooling,papaya,Papaya Global,https://unavatar.io/papayaglobal.com,4.4,$25/mo,Per contractor / month ($650/mo for EOR),false,https://papayaglobal.com,Enterprise Payroll|Workforce Intelligence|Embedded Payments|160+ Countries,Built for complex enterprise security and ERPs|Consolidated global payroll analytics|Bank-grade security,High minimum spend limits|Overkill for early-stage startups,remote,Overall Fit,The HR Stack Guide's Overall Winner: Remote,,"Based on The HR Stack Guide's 2026 evaluation, Remote edges out the competition for US Companies Hiring in LATAM due to its superior score (4.6/5), flexible operational setup, and strong support for Localized LATAM compliance, health benefits, and same-time-zone payroll processing.","The HR Stack Guide research team evaluated 2026 feature sets and pricing models for Remote and Papaya Global for US-based enterprises sourcing nearshore software talent in Mexico, Colombia, and Brazil. Based on that analysis, Remote is the recommended choice. Remote starts at $29/mo while Papaya Global starts at $25/mo.","{""Native Legal Entities"": {""a"": true, ""b"": false}, ""Contractor Auto-Pay"": {""a"": true, ""b"": true}, ""IT Device Shipping"": {""a"": false, ""b"": false}, ""Localized Health Benefits"": {""a"": true, ""b"": true}, ""Equity & Stock Admin"": {""a"": true, ""b"": false}, ""Zero FX Rate Markup"": {""a"": true, ""b"": true}, ""Global Tax Filings"": {""a"": true, ""b"": true}, ""Background Checks"": {""a"": true, ""b"": true}, ""Native US Payroll"": {""a"": false, ""b"": true}, ""Free Trial Available"": {""a"": true, ""b"": false}}",Remote vs Papaya Global for US Companies Hiring in LATAM (2026 Comparison),Detailed comparison of Remote vs Papaya Global for US Companies Hiring in LATAM.
remote-vs-multiplier-for-us-latam,us-latam,US Companies Hiring in LATAM,US Companies Hiring in LATAM teams,"US-based enterprises sourcing nearshore software talent in Mexico, Colombia, and Brazil.",remote,Remote,https://unavatar.io/remote.com,4.6,$29/mo,Per contractor / month ($599/mo for EOR),true,https://remote.com,100% Native Entities|IP Protection|Global Benefits|Remote Relocation,Owns all local legal entities directly|Strong IP guardrails for tech startups|No hidden markup fees,Slower entity expansion than Deel|Limited IT management tooling,multiplier,Multiplier,https://unavatar.io/usemultiplier.com,4.6,$40/mo,Per contractor / month ($400/mo for EOR),false,https://www.usemultiplier.com,Self-Serve EOR|Instant Employment Contracts|Global Insurance|Multi-Currency Payouts,Competitive baseline EOR pricing ($400/mo)|Instant contract generation|Strong Asian market presence,Smaller user community|Fewer third-party software integrations,remote,Overall Fit,The HR Stack Guide's Overall Winner: Remote,,"Based on The HR Stack Guide's 2026 evaluation, Remote edges out the competition for US Companies Hiring in LATAM due to its superior score (4.6/5), flexible operational setup, and strong support for Localized LATAM compliance, health benefits, and same-time-zone payroll processing.","The HR Stack Guide research team evaluated 2026 feature sets and pricing models for Remote and Multiplier for US-based enterprises sourcing nearshore software talent in Mexico, Colombia, and Brazil. Based on that analysis, Remote is the recommended choice. Remote starts at $29/mo while Multiplier starts at $40/mo.","{""Native Legal Entities"": {""a"": true, ""b"": true}, ""Contractor Auto-Pay"": {""a"": true, ""b"": true}, ""IT Device Shipping"": {""a"": false, ""b"": false}, ""Localized Health Benefits"": {""a"": true, ""b"": true}, ""Equity & Stock Admin"": {""a"": true, ""b"": false}, ""Zero FX Rate Markup"": {""a"": true, ""b"": false}, ""Global Tax Filings"": {""a"": true, ""b"": true}, ""Background Checks"": {""a"": true, ""b"": false}, ""Native US Payroll"": {""a"": false, ""b"": false}, ""Free Trial Available"": {""a"": true, ""b"": false}}",Remote vs Multiplier for US Companies Hiring in LATAM (2026 Comparison),Detailed comparison of Remote vs Multiplier for US Companies Hiring in LATAM.
remote-vs-plane-for-us-latam,us-latam,US Companies Hiring in LATAM,US Companies Hiring in LATAM teams,"US-based enterprises sourcing nearshore software talent in Mexico, Colombia, and Brazil.",remote,Remote,https://unavatar.io/remote.com,4.6,$29/mo,Per contractor / month ($599/mo for EOR),true,https://remote.com,100% Native Entities|IP Protection|Global Benefits|Remote Relocation,Owns all local legal entities directly|Strong IP guardrails for tech startups|No hidden markup fees,Slower entity expansion than Deel|Limited IT management tooling,plane,Plane,https://unavatar.io/plane.com,4.5,$20/mo,Flat $29/mo per contractor ($299/mo for EOR),true,https://plane.com,Zero FX Markup|Stock Option Grants|Flat-Fee Pricing|Direct Crypto/Fiat Pay,No exchange rate markup fees|Lowest EOR rate in the market ($299/mo)|Transparent pricing,Fewer automated localized HR add-ons|Smaller legal footprint,remote,Overall Fit,The HR Stack Guide's Overall Winner: Remote,,"Based on The HR Stack Guide's 2026 evaluation, Remote edges out the competition for US Companies Hiring in LATAM due to its superior score (4.6/5), flexible operational setup, and strong support for Localized LATAM compliance, health benefits, and same-time-zone payroll processing.","The HR Stack Guide research team evaluated 2026 feature sets and pricing models for Remote and Plane for US-based enterprises sourcing nearshore software talent in Mexico, Colombia, and Brazil. Based on that analysis, Remote is the recommended choice. Remote starts at $29/mo while Plane starts at $20/mo.","{""Native Legal Entities"": {""a"": true, ""b"": true}, ""Contractor Auto-Pay"": {""a"": true, ""b"": true}, ""IT Device Shipping"": {""a"": false, ""b"": false}, ""Localized Health Benefits"": {""a"": true, ""b"": false}, ""Equity & Stock Admin"": {""a"": true, ""b"": true}, ""Zero FX Rate Markup"": {""a"": true, ""b"": true}, ""Global Tax Filings"": {""a"": true, ""b"": false}, ""Background Checks"": {""a"": true, ""b"": false}, ""Native US Payroll"": {""a"": false, ""b"": false}, ""Free Trial Available"": {""a"": true, ""b"": true}}",Remote vs Plane for US Companies Hiring in LATAM (2026 Comparison),Detailed comparison of Remote vs Plane for US Companies Hiring in LATAM.
oyster-vs-gusto-for-us-latam,us-latam,US Companies Hiring in LATAM,US Companies Hiring in LATAM teams,"US-based enterprises sourcing nearshore software talent in Mexico, Colombia, and Brazil.",oyster,Oyster HR,/Oyster.png,4.5,$29/mo,Per contractor / month ($499/mo for EOR),true,https://www.oysterhr.com,180+ Country Reach|Oyster Academy|Global Employment Cost Calculator|Equity Admin,Extremely intuitive UI|Great tools for early-stage founder estimation|B-Corp social mission,Relies on third-party local partners in select markets|Slightly higher EOR base rate,gusto,Gusto,/Gusto.png,4.7,$40/mo,Base fee + $6 per user / month,true,https://www.gusto.com,US Native Payroll|Benefits Administration|International Contractor Pay|Time Tracking,Best-in-class user experience for US teams|Automated state tax filings|Affordable pricing,Not a full global EOR (contractor pay only internationally)|US-centric only,gusto,Overall Fit,The HR Stack Guide's Overall Winner: Gusto,,"Based on The HR Stack Guide's 2026 evaluation, Gusto edges out the competition for US Companies Hiring in LATAM due to its superior score (4.7/5), flexible operational setup, and strong support for Localized LATAM compliance, health benefits, and same-time-zone payroll processing.","The HR Stack Guide research team evaluated 2026 feature sets and pricing models for Oyster HR and Gusto for US-based enterprises sourcing nearshore software talent in Mexico, Colombia, and Brazil. Based on that analysis, Gusto is the recommended choice. Oyster HR starts at $29/mo while Gusto starts at $40/mo.","{""Native Legal Entities"": {""a"": false, ""b"": false}, ""Contractor Auto-Pay"": {""a"": true, ""b"": true}, ""IT Device Shipping"": {""a"": false, ""b"": false}, ""Localized Health Benefits"": {""a"": true, ""b"": false}, ""Equity & Stock Admin"": {""a"": true, ""b"": false}, ""Zero FX Rate Markup"": {""a"": false, ""b"": false}, ""Global Tax Filings"": {""a"": true, ""b"": true}, ""Background Checks"": {""a"": true, ""b"": false}, ""Native US Payroll"": {""a"": false, ""b"": true}, ""Free Trial Available"": {""a"": true, ""b"": true}}",Oyster HR vs Gusto for US Companies Hiring in LATAM (2026 Comparison),Detailed comparison of Oyster HR vs Gusto for US Companies Hiring in LATAM.
oyster-vs-papaya-for-us-latam,us-latam,US Companies Hiring in LATAM,US Companies Hiring in LATAM teams,"US-based enterprises sourcing nearshore software talent in Mexico, Colombia, and Brazil.",oyster,Oyster HR,/Oyster.png,4.5,$29/mo,Per contractor / month ($499/mo for EOR),true,https://www.oysterhr.com,180+ Country Reach|Oyster Academy|Global Employment Cost Calculator|Equity Admin,Extremely intuitive UI|Great tools for early-stage founder estimation|B-Corp social mission,Relies on third-party local partners in select markets|Slightly higher EOR base rate,papaya,Papaya Global,https://unavatar.io/papayaglobal.com,4.4,$25/mo,Per contractor / month ($650/mo for EOR),false,https://papayaglobal.com,Enterprise Payroll|Workforce Intelligence|Embedded Payments|160+ Countries,Built for complex enterprise security and ERPs|Consolidated global payroll analytics|Bank-grade security,High minimum spend limits|Overkill for early-stage startups,oyster,Overall Fit,The HR Stack Guide's Overall Winner: Oyster HR,,"Based on The HR Stack Guide's 2026 evaluation, Oyster HR edges out the competition for US Companies Hiring in LATAM due to its superior score (4.5/5), flexible operational setup, and strong support for Localized LATAM compliance, health benefits, and same-time-zone payroll processing.","The HR Stack Guide research team evaluated 2026 feature sets and pricing models for Oyster HR and Papaya Global for US-based enterprises sourcing nearshore software talent in Mexico, Colombia, and Brazil. Based on that analysis, Oyster HR is the recommended choice. Oyster HR starts at $29/mo while Papaya Global starts at $25/mo.","{""Native Legal Entities"": {""a"": false, ""b"": false}, ""Contractor Auto-Pay"": {""a"": true, ""b"": true}, ""IT Device Shipping"": {""a"": false, ""b"": false}, ""Localized Health Benefits"": {""a"": true, ""b"": true}, ""Equity & Stock Admin"": {""a"": true, ""b"": false}, ""Zero FX Rate Markup"": {""a"": false, ""b"": true}, ""Global Tax Filings"": {""a"": true, ""b"": true}, ""Background Checks"": {""a"": true, ""b"": true}, ""Native US Payroll"": {""a"": false, ""b"": true}, ""Free Trial Available"": {""a"": true, ""b"": false}}",Oyster HR vs Papaya Global for US Companies Hiring in LATAM (2026 Comparison),Detailed comparison of Oyster HR vs Papaya Global for US Companies Hiring in LATAM.
oyster-vs-multiplier-for-us-latam,us-latam,US Companies Hiring in LATAM,US Companies Hiring in LATAM teams,"US-based enterprises sourcing nearshore software talent in Mexico, Colombia, and Brazil.",oyster,Oyster HR,/Oyster.png,4.5,$29/mo,Per contractor / month ($499/mo for EOR),true,https://www.oysterhr.com,180+ Country Reach|Oyster Academy|Global Employment Cost Calculator|Equity Admin,Extremely intuitive UI|Great tools for early-stage founder estimation|B-Corp social mission,Relies on third-party local partners in select markets|Slightly higher EOR base rate,multiplier,Multiplier,https://unavatar.io/usemultiplier.com,4.6,$40/mo,Per contractor / month ($400/mo for EOR),false,https://www.usemultiplier.com,Self-Serve EOR|Instant Employment Contracts|Global Insurance|Multi-Currency Payouts,Competitive baseline EOR pricing ($400/mo)|Instant contract generation|Strong Asian market presence,Smaller user community|Fewer third-party software integrations,multiplier,Overall Fit,The HR Stack Guide's Overall Winner: Multiplier,,"Based on The HR Stack Guide's 2026 evaluation, Multiplier edges out the competition for US Companies Hiring in LATAM due to its superior score (4.6/5), flexible operational setup, and strong support for Localized LATAM compliance, health benefits, and same-time-zone payroll processing.","The HR Stack Guide research team evaluated 2026 feature sets and pricing models for Oyster HR and Multiplier for US-based enterprises sourcing nearshore software talent in Mexico, Colombia, and Brazil. Based on that analysis, Multiplier is the recommended choice. Oyster HR starts at $29/mo while Multiplier starts at $40/mo.","{""Native Legal Entities"": {""a"": false, ""b"": true}, ""Contractor Auto-Pay"": {""a"": true, ""b"": true}, ""IT Device Shipping"": {""a"": false, ""b"": false}, ""Localized Health Benefits"": {""a"": true, ""b"": true}, ""Equity & Stock Admin"": {""a"": true, ""b"": false}, ""Zero FX Rate Markup"": {""a"": false, ""b"": false}, ""Global Tax Filings"": {""a"": true, ""b"": true}, ""Background Checks"": {""a"": true, ""b"": false}, ""Native US Payroll"": {""a"": false, ""b"": false}, ""Free Trial Available"": {""a"": true, ""b"": false}}",Oyster HR vs Multiplier for US Companies Hiring in LATAM (2026 Comparison),Detailed comparison of Oyster HR vs Multiplier for US Companies Hiring in LATAM.
oyster-vs-plane-for-us-latam,us-latam,US Companies Hiring in LATAM,US Companies Hiring in LATAM teams,"US-based enterprises sourcing nearshore software talent in Mexico, Colombia, and Brazil.",oyster,Oyster HR,/Oyster.png,4.5,$29/mo,Per contractor / month ($499/mo for EOR),true,https://www.oysterhr.com,180+ Country Reach|Oyster Academy|Global Employment Cost Calculator|Equity Admin,Extremely intuitive UI|Great tools for early-stage founder estimation|B-Corp social mission,Relies on third-party local partners in select markets|Slightly higher EOR base rate,plane,Plane,https://unavatar.io/plane.com,4.5,$20/mo,Flat $29/mo per contractor ($299/mo for EOR),true,https://plane.com,Zero FX Markup|Stock Option Grants|Flat-Fee Pricing|Direct Crypto/Fiat Pay,No exchange rate markup fees|Lowest EOR rate in the market ($299/mo)|Transparent pricing,Fewer automated localized HR add-ons|Smaller legal footprint,oyster,Overall Fit,The HR Stack Guide's Overall Winner: Oyster HR,,"Based on The HR Stack Guide's 2026 evaluation, Oyster HR edges out the competition for US Companies Hiring in LATAM due to its superior score (4.5/5), flexible operational setup, and strong support for Localized LATAM compliance, health benefits, and same-time-zone payroll processing.","The HR Stack Guide research team evaluated 2026 feature sets and pricing models for Oyster HR and Plane for US-based enterprises sourcing nearshore software talent in Mexico, Colombia, and Brazil. Based on that analysis, Oyster HR is the recommended choice. Oyster HR starts at $29/mo while Plane starts at $20/mo.","{""Native Legal Entities"": {""a"": false, ""b"": true}, ""Contractor Auto-Pay"": {""a"": true, ""b"": true}, ""IT Device Shipping"": {""a"": false, ""b"": false}, ""Localized Health Benefits"": {""a"": true, ""b"": false}, ""Equity & Stock Admin"": {""a"": true, ""b"": true}, ""Zero FX Rate Markup"": {""a"": false, ""b"": true}, ""Global Tax Filings"": {""a"": true, ""b"": false}, ""Background Checks"": {""a"": true, ""b"": false}, ""Native US Payroll"": {""a"": false, ""b"": false}, ""Free Trial Available"": {""a"": true, ""b"": true}}",Oyster HR vs Plane for US Companies Hiring in LATAM (2026 Comparison),Detailed comparison of Oyster HR vs Plane for US Companies Hiring in LATAM.
gusto-vs-papaya-for-us-latam,us-latam,US Companies Hiring in LATAM,US Companies Hiring in LATAM teams,"US-based enterprises sourcing nearshore software talent in Mexico, Colombia, and Brazil.",gusto,Gusto,/Gusto.png,4.7,$40/mo,Base fee + $6 per user / month,true,https://www.gusto.com,US Native Payroll|Benefits Administration|International Contractor Pay|Time Tracking,Best-in-class user experience for US teams|Automated state tax filings|Affordable pricing,Not a full global EOR (contractor pay only internationally)|US-centric only,papaya,Papaya Global,https://unavatar.io/papayaglobal.com,4.4,$25/mo,Per contractor / month ($650/mo for EOR),false,https://papayaglobal.com,Enterprise Payroll|Workforce Intelligence|Embedded Payments|160+ Countries,Built for complex enterprise security and ERPs|Consolidated global payroll analytics|Bank-grade security,High minimum spend limits|Overkill for early-stage startups,gusto,Overall Fit,The HR Stack Guide's Overall Winner: Gusto,,"Based on The HR Stack Guide's 2026 evaluation, Gusto edges out the competition for US Companies Hiring in LATAM due to its superior score (4.7/5), flexible operational setup, and strong support for Localized LATAM compliance, health benefits, and same-time-zone payroll processing.","The HR Stack Guide research team evaluated 2026 feature sets and pricing models for Gusto and Papaya Global for US-based enterprises sourcing nearshore software talent in Mexico, Colombia, and Brazil. Based on that analysis, Gusto is the recommended choice. Gusto starts at $40/mo while Papaya Global starts at $25/mo.","{""Native Legal Entities"": {""a"": false, ""b"": false}, ""Contractor Auto-Pay"": {""a"": true, ""b"": true}, ""IT Device Shipping"": {""a"": false, ""b"": false}, ""Localized Health Benefits"": {""a"": false, ""b"": true}, ""Equity & Stock Admin"": {""a"": false, ""b"": false}, ""Zero FX Rate Markup"": {""a"": false, ""b"": true}, ""Global Tax Filings"": {""a"": true, ""b"": true}, ""Background Checks"": {""a"": false, ""b"": true}, ""Native US Payroll"": {""a"": true, ""b"": true}, ""Free Trial Available"": {""a"": true, ""b"": false}}",Gusto vs Papaya Global for US Companies Hiring in LATAM (2026 Comparison),Detailed comparison of Gusto vs Papaya Global for US Companies Hiring in LATAM.
gusto-vs-multiplier-for-us-latam,us-latam,US Companies Hiring in LATAM,US Companies Hiring in LATAM teams,"US-based enterprises sourcing nearshore software talent in Mexico, Colombia, and Brazil.",gusto,Gusto,/Gusto.png,4.7,$40/mo,Base fee + $6 per user / month,true,https://www.gusto.com,US Native Payroll|Benefits Administration|International Contractor Pay|Time Tracking,Best-in-class user experience for US teams|Automated state tax filings|Affordable pricing,Not a full global EOR (contractor pay only internationally)|US-centric only,multiplier,Multiplier,https://unavatar.io/usemultiplier.com,4.6,$40/mo,Per contractor / month ($400/mo for EOR),false,https://www.usemultiplier.com,Self-Serve EOR|Instant Employment Contracts|Global Insurance|Multi-Currency Payouts,Competitive baseline EOR pricing ($400/mo)|Instant contract generation|Strong Asian market presence,Smaller user community|Fewer third-party software integrations,gusto,Overall Fit,The HR Stack Guide's Overall Winner: Gusto,,"Based on The HR Stack Guide's 2026 evaluation, Gusto edges out the competition for US Companies Hiring in LATAM due to its superior score (4.7/5), flexible operational setup, and strong support for Localized LATAM compliance, health benefits, and same-time-zone payroll processing.","The HR Stack Guide research team evaluated 2026 feature sets and pricing models for Gusto and Multiplier for US-based enterprises sourcing nearshore software talent in Mexico, Colombia, and Brazil. Based on that analysis, Gusto is the recommended choice. Gusto starts at $40/mo while Multiplier starts at $40/mo.","{""Native Legal Entities"": {""a"": false, ""b"": true}, ""Contractor Auto-Pay"": {""a"": true, ""b"": true}, ""IT Device Shipping"": {""a"": false, ""b"": false}, ""Localized Health Benefits"": {""a"": false, ""b"": true}, ""Equity & Stock Admin"": {""a"": false, ""b"": false}, ""Zero FX Rate Markup"": {""a"": false, ""b"": false}, ""Global Tax Filings"": {""a"": true, ""b"": true}, ""Background Checks"": {""a"": false, ""b"": false}, ""Native US Payroll"": {""a"": true, ""b"": false}, ""Free Trial Available"": {""a"": true, ""b"": false}}",Gusto vs Multiplier for US Companies Hiring in LATAM (2026 Comparison),Detailed comparison of Gusto vs Multiplier for US Companies Hiring in LATAM.
gusto-vs-plane-for-us-latam,us-latam,US Companies Hiring in LATAM,US Companies Hiring in LATAM teams,"US-based enterprises sourcing nearshore software talent in Mexico, Colombia, and Brazil.",gusto,Gusto,/Gusto.png,4.7,$40/mo,Base fee + $6 per user / month,true,https://www.gusto.com,US Native Payroll|Benefits Administration|International Contractor Pay|Time Tracking,Best-in-class user experience for US teams|Automated state tax filings|Affordable pricing,Not a full global EOR (contractor pay only internationally)|US-centric only,plane,Plane,https://unavatar.io/plane.com,4.5,$20/mo,Flat $29/mo per contractor ($299/mo for EOR),true,https://plane.com,Zero FX Markup|Stock Option Grants|Flat-Fee Pricing|Direct Crypto/Fiat Pay,No exchange rate markup fees|Lowest EOR rate in the market ($299/mo)|Transparent pricing,Fewer automated localized HR add-ons|Smaller legal footprint,gusto,Overall Fit,The HR Stack Guide's Overall Winner: Gusto,,"Based on The HR Stack Guide's 2026 evaluation, Gusto edges out the competition for US Companies Hiring in LATAM due to its superior score (4.7/5), flexible operational setup, and strong support for Localized LATAM compliance, health benefits, and same-time-zone payroll processing.","The HR Stack Guide research team evaluated 2026 feature sets and pricing models for Gusto and Plane for US-based enterprises sourcing nearshore software talent in Mexico, Colombia, and Brazil. Based on that analysis, Gusto is the recommended choice. Gusto starts at $40/mo while Plane starts at $20/mo.","{""Native Legal Entities"": {""a"": false, ""b"": true}, ""Contractor Auto-Pay"": {""a"": true, ""b"": true}, ""IT Device Shipping"": {""a"": false, ""b"": false}, ""Localized Health Benefits"": {""a"": false, ""b"": false}, ""Equity & Stock Admin"": {""a"": false, ""b"": true}, ""Zero FX Rate Markup"": {""a"": false, ""b"": true}, ""Global Tax Filings"": {""a"": true, ""b"": false}, ""Background Checks"": {""a"": false, ""b"": false}, ""Native US Payroll"": {""a"": true, ""b"": false}, ""Free Trial Available"": {""a"": true, ""b"": true}}",Gusto vs Plane for US Companies Hiring in LATAM (2026 Comparison),Detailed comparison of Gusto vs Plane for US Companies Hiring in LATAM.
papaya-vs-multiplier-for-us-latam,us-latam,US Companies Hiring in LATAM,US Companies Hiring in LATAM teams,"US-based enterprises sourcing nearshore software talent in Mexico, Colombia, and Brazil.",papaya,Papaya Global,https://unavatar.io/papayaglobal.com,4.4,$25/mo,Per contractor / month ($650/mo for EOR),false,https://papayaglobal.com,Enterprise Payroll|Workforce Intelligence|Embedded Payments|160+ Countries,Built for complex enterprise security and ERPs|Consolidated global payroll analytics|Bank-grade security,High minimum spend limits|Overkill for early-stage startups,multiplier,Multiplier,https://unavatar.io/usemultiplier.com,4.6,$40/mo,Per contractor / month ($400/mo for EOR),false,https://www.usemultiplier.com,Self-Serve EOR|Instant Employment Contracts|Global Insurance|Multi-Currency Payouts,Competitive baseline EOR pricing ($400/mo)|Instant contract generation|Strong Asian market presence,Smaller user community|Fewer third-party software integrations,multiplier,Overall Fit,The HR Stack Guide's Overall Winner: Multiplier,,"Based on The HR Stack Guide's 2026 evaluation, Multiplier edges out the competition for US Companies Hiring in LATAM due to its superior score (4.6/5), flexible operational setup, and strong support for Localized LATAM compliance, health benefits, and same-time-zone payroll processing.","The HR Stack Guide research team evaluated 2026 feature sets and pricing models for Papaya Global and Multiplier for US-based enterprises sourcing nearshore software talent in Mexico, Colombia, and Brazil. Based on that analysis, Multiplier is the recommended choice. Papaya Global starts at $25/mo while Multiplier starts at $40/mo.","{""Native Legal Entities"": {""a"": false, ""b"": true}, ""Contractor Auto-Pay"": {""a"": true, ""b"": true}, ""IT Device Shipping"": {""a"": false, ""b"": false}, ""Localized Health Benefits"": {""a"": true, ""b"": true}, ""Equity & Stock Admin"": {""a"": false, ""b"": false}, ""Zero FX Rate Markup"": {""a"": true, ""b"": false}, ""Global Tax Filings"": {""a"": true, ""b"": true}, ""Background Checks"": {""a"": true, ""b"": false}, ""Native US Payroll"": {""a"": true, ""b"": false}, ""Free Trial Available"": {""a"": false, ""b"": false}}",Papaya Global vs Multiplier for US Companies Hiring in LATAM (2026 Comparison),Detailed comparison of Papaya Global vs Multiplier for US Companies Hiring in LATAM.
papaya-vs-plane-for-us-latam,us-latam,US Companies Hiring in LATAM,US Companies Hiring in LATAM teams,"US-based enterprises sourcing nearshore software talent in Mexico, Colombia, and Brazil.",papaya,Papaya Global,https://unavatar.io/papayaglobal.com,4.4,$25/mo,Per contractor / month ($650/mo for EOR),false,https://papayaglobal.com,Enterprise Payroll|Workforce Intelligence|Embedded Payments|160+ Countries,Built for complex enterprise security and ERPs|Consolidated global payroll analytics|Bank-grade security,High minimum spend limits|Overkill for early-stage startups,plane,Plane,https://unavatar.io/plane.com,4.5,$20/mo,Flat $29/mo per contractor ($299/mo for EOR),true,https://plane.com,Zero FX Markup|Stock Option Grants|Flat-Fee Pricing|Direct Crypto/Fiat Pay,No exchange rate markup fees|Lowest EOR rate in the market ($299/mo)|Transparent pricing,Fewer automated localized HR add-ons|Smaller legal footprint,plane,Overall Fit,The HR Stack Guide's Overall Winner: Plane,,"Based on The HR Stack Guide's 2026 evaluation, Plane edges out the competition for US Companies Hiring in LATAM due to its superior score (4.5/5), flexible operational setup, and strong support for Localized LATAM compliance, health benefits, and same-time-zone payroll processing.","The HR Stack Guide research team evaluated 2026 feature sets and pricing models for Papaya Global and Plane for US-based enterprises sourcing nearshore software talent in Mexico, Colombia, and Brazil. Based on that analysis, Plane is the recommended choice. Papaya Global starts at $25/mo while Plane starts at $20/mo.","{""Native Legal Entities"": {""a"": false, ""b"": true}, ""Contractor Auto-Pay"": {""a"": true, ""b"": true}, ""IT Device Shipping"": {""a"": false, ""b"": false}, ""Localized Health Benefits"": {""a"": true, ""b"": false}, ""Equity & Stock Admin"": {""a"": false, ""b"": true}, ""Zero FX Rate Markup"": {""a"": true, ""b"": true}, ""Global Tax Filings"": {""a"": true, ""b"": false}, ""Background Checks"": {""a"": true, ""b"": false}, ""Native US Payroll"": {""a"": true, ""b"": false}, ""Free Trial Available"": {""a"": false, ""b"": true}}",Papaya Global vs Plane for US Companies Hiring in LATAM (2026 Comparison),Detailed comparison of Papaya Global vs Plane for US Companies Hiring in LATAM.
multiplier-vs-plane-for-us-latam,us-latam,US Companies Hiring in LATAM,US Companies Hiring in LATAM teams,"US-based enterprises sourcing nearshore software talent in Mexico, Colombia, and Brazil.",multiplier,Multiplier,https://unavatar.io/usemultiplier.com,4.6,$40/mo,Per contractor / month ($400/mo for EOR),false,https://www.usemultiplier.com,Self-Serve EOR|Instant Employment Contracts|Global Insurance|Multi-Currency Payouts,Competitive baseline EOR pricing ($400/mo)|Instant contract generation|Strong Asian market presence,Smaller user community|Fewer third-party software integrations,plane,Plane,https://unavatar.io/plane.com,4.5,$20/mo,Flat $29/mo per contractor ($299/mo for EOR),true,https://plane.com,Zero FX Markup|Stock Option Grants|Flat-Fee Pricing|Direct Crypto/Fiat Pay,No exchange rate markup fees|Lowest EOR rate in the market ($299/mo)|Transparent pricing,Fewer automated localized HR add-ons|Smaller legal footprint,multiplier,Overall Fit,The HR Stack Guide's Overall Winner: Multiplier,,"Based on The HR Stack Guide's 2026 evaluation, Multiplier edges out the competition for US Companies Hiring in LATAM due to its superior score (4.6/5), flexible operational setup, and strong support for Localized LATAM compliance, health benefits, and same-time-zone payroll processing.","The HR Stack Guide research team evaluated 2026 feature sets and pricing models for Multiplier and Plane for US-based enterprises sourcing nearshore software talent in Mexico, Colombia, and Brazil. Based on that analysis, Multiplier is the recommended choice. Multiplier starts at $40/mo while Plane starts at $20/mo.","{""Native Legal Entities"": {""a"": true, ""b"": true}, ""Contractor Auto-Pay"": {""a"": true, ""b"": true}, ""IT Device Shipping"": {""a"": false, ""b"": false}, ""Localized Health Benefits"": {""a"": true, ""b"": false}, ""Equity & Stock Admin"": {""a"": false, ""b"": true}, ""Zero FX Rate Markup"": {""a"": false, ""b"": true}, ""Global Tax Filings"": {""a"": true, ""b"": false}, ""Background Checks"": {""a"": false, ""b"": false}, ""Native US Payroll"": {""a"": false, ""b"": false}, ""Free Trial Available"": {""a"": false, ""b"": true}}",Multiplier vs Plane for US Companies Hiring in LATAM (2026 Comparison),Detailed comparison of Multiplier vs Plane for US Companies Hiring in LATAM.
deel-vs-rippling-for-scaleups,scaleups,Mid-Market Scaleups,Mid-Market Scaleups teams,Established 100+ employee companies transitioning from local payroll to global workforce management.,deel,Deel,/deel.png,4.8,$49/mo,Per contractor / month ($599/mo for EOR),false,https://www.deel.com,150+ Country EOR|Contractor Auto-Pay|Equipment Shipping|Background Checks,Fast 24-hr onboarding|Comprehensive localized tax compliance|Flexible payout options,EOR pricing can be steep for small teams|Admin UI has a learning curve,rippling,Rippling,https://unavatar.io/rippling.com,4.7,$35/mo,Base fee + $8 per user / month,false,https://www.rippling.com,Unified HR & IT|US & Global Payroll|Device Management|App Provisioning,Automates IT device setup alongside HR|Powerful custom workflow engine|Native US payroll integration,Base platform fee required|EOR feature set is secondary to HRIS,deel,Global EOR,The HR Stack Guide's Winner for Global EOR: Deel,"150+ country EOR network with dedicated in-market legal entities, versus a narrower international EOR footprint|24-hour EOR onboarding backed by in-house compliance and legal teams in each market|Equipment shipping and background checks are bundled directly into the EOR workflow for faster international hires","Based on The HR Stack Guide's 2026 evaluation, Deel is the stronger fit for global eor for Mid-Market Scaleups evaluating international remote team operations: 150+ country EOR network with dedicated in-market legal entities, versus a narrower international EOR footprint; 24-hour EOR onboarding backed by in-house compliance and legal teams in each market; and Equipment shipping and background checks are bundled directly into the EOR workflow for faster international hires. Both platforms carry solid overall ratings (4.8/5 for Deel vs. 4.7/5 for Rippling), but Rippling is built primarily as a general-purpose domestic HRIS, so Deel pulls ahead specifically on global eor for globally distributed teams.","The HR Stack Guide research team evaluated 2026 feature sets and pricing models for Deel and Rippling for Established 100+ employee companies transitioning from local payroll to global workforce management. Based on that analysis, Deel is the recommended choice for global eor. Deel starts at $49/mo while Rippling starts at $35/mo.","{""Native Legal Entities"": {""a"": true, ""b"": false}, ""Contractor Auto-Pay"": {""a"": true, ""b"": true}, ""IT Device Shipping"": {""a"": true, ""b"": true}, ""Localized Health Benefits"": {""a"": true, ""b"": true}, ""Equity & Stock Admin"": {""a"": true, ""b"": true}, ""Zero FX Rate Markup"": {""a"": false, ""b"": false}, ""Global Tax Filings"": {""a"": true, ""b"": true}, ""Background Checks"": {""a"": true, ""b"": true}, ""Native US Payroll"": {""a"": true, ""b"": true}, ""Free Trial Available"": {""a"": false, ""b"": false}}",Deel vs Rippling for Mid-Market Scaleups (2026 Comparison),Detailed comparison of Deel vs Rippling for Mid-Market Scaleups.
deel-vs-remote-for-scaleups,scaleups,Mid-Market Scaleups,Mid-Market Scaleups teams,Established 100+ employee companies transitioning from local payroll to global workforce management.,deel,Deel,/deel.png,4.8,$49/mo,Per contractor / month ($599/mo for EOR),false,https://www.deel.com,150+ Country EOR|Contractor Auto-Pay|Equipment Shipping|Background Checks,Fast 24-hr onboarding|Comprehensive localized tax compliance|Flexible payout options,EOR pricing can be steep for small teams|Admin UI has a learning curve,remote,Remote,https://unavatar.io/remote.com,4.6,$29/mo,Per contractor / month ($599/mo for EOR),true,https://remote.com,100% Native Entities|IP Protection|Global Benefits|Remote Relocation,Owns all local legal entities directly|Strong IP guardrails for tech startups|No hidden markup fees,Slower entity expansion than Deel|Limited IT management tooling,deel,Overall Fit,The HR Stack Guide's Overall Winner: Deel,,"Based on The HR Stack Guide's 2026 evaluation, Deel edges out the competition for Mid-Market Scaleups due to its superior score (4.8/5), flexible operational setup, and strong support for Custom HRIS integrations, IT device provisioning, and enterprise compliance reporting.","The HR Stack Guide research team evaluated 2026 feature sets and pricing models for Deel and Remote for Established 100+ employee companies transitioning from local payroll to global workforce management. Based on that analysis, Deel is the recommended choice. Deel starts at $49/mo while Remote starts at $29/mo.","{""Native Legal Entities"": {""a"": true, ""b"": true}, ""Contractor Auto-Pay"": {""a"": true, ""b"": true}, ""IT Device Shipping"": {""a"": true, ""b"": false}, ""Localized Health Benefits"": {""a"": true, ""b"": true}, ""Equity & Stock Admin"": {""a"": true, ""b"": true}, ""Zero FX Rate Markup"": {""a"": false, ""b"": true}, ""Global Tax Filings"": {""a"": true, ""b"": true}, ""Background Checks"": {""a"": true, ""b"": true}, ""Native US Payroll"": {""a"": true, ""b"": false}, ""Free Trial Available"": {""a"": false, ""b"": true}}",Deel vs Remote for Mid-Market Scaleups (2026 Comparison),Detailed comparison of Deel vs Remote for Mid-Market Scaleups.
deel-vs-oyster-for-scaleups,scaleups,Mid-Market Scaleups,Mid-Market Scaleups teams,Established 100+ employee companies transitioning from local payroll to global workforce management.,deel,Deel,/deel.png,4.8,$49/mo,Per contractor / month ($599/mo for EOR),false,https://www.deel.com,150+ Country EOR|Contractor Auto-Pay|Equipment Shipping|Background Checks,Fast 24-hr onboarding|Comprehensive localized tax compliance|Flexible payout options,EOR pricing can be steep for small teams|Admin UI has a learning curve,oyster,Oyster HR,/Oyster.png,4.5,$29/mo,Per contractor / month ($499/mo for EOR),true,https://www.oysterhr.com,180+ Country Reach|Oyster Academy|Global Employment Cost Calculator|Equity Admin,Extremely intuitive UI|Great tools for early-stage founder estimation|B-Corp social mission,Relies on third-party local partners in select markets|Slightly higher EOR base rate,deel,Overall Fit,The HR Stack Guide's Overall Winner: Deel,,"Based on The HR Stack Guide's 2026 evaluation, Deel edges out the competition for Mid-Market Scaleups due to its superior score (4.8/5), flexible operational setup, and strong support for Custom HRIS integrations, IT device provisioning, and enterprise compliance reporting.","The HR Stack Guide research team evaluated 2026 feature sets and pricing models for Deel and Oyster HR for Established 100+ employee companies transitioning from local payroll to global workforce management. Based on that analysis, Deel is the recommended choice. Deel starts at $49/mo while Oyster HR starts at $29/mo.","{""Native Legal Entities"": {""a"": true, ""b"": false}, ""Contractor Auto-Pay"": {""a"": true, ""b"": true}, ""IT Device Shipping"": {""a"": true, ""b"": false}, ""Localized Health Benefits"": {""a"": true, ""b"": true}, ""Equity & Stock Admin"": {""a"": true, ""b"": true}, ""Zero FX Rate Markup"": {""a"": false, ""b"": false}, ""Global Tax Filings"": {""a"": true, ""b"": true}, ""Background Checks"": {""a"": true, ""b"": true}, ""Native US Payroll"": {""a"": true, ""b"": false}, ""Free Trial Available"": {""a"": false, ""b"": true}}",Deel vs Oyster HR for Mid-Market Scaleups (2026 Comparison),Detailed comparison of Deel vs Oyster HR for Mid-Market Scaleups.
deel-vs-gusto-for-scaleups,scaleups,Mid-Market Scaleups,Mid-Market Scaleups teams,Established 100+ employee companies transitioning from local payroll to global workforce management.,deel,Deel,/deel.png,4.8,$49/mo,Per contractor / month ($599/mo for EOR),false,https://www.deel.com,150+ Country EOR|Contractor Auto-Pay|Equipment Shipping|Background Checks,Fast 24-hr onboarding|Comprehensive localized tax compliance|Flexible payout options,EOR pricing can be steep for small teams|Admin UI has a learning curve,gusto,Gusto,/Gusto.png,4.7,$40/mo,Base fee + $6 per user / month,true,https://www.gusto.com,US Native Payroll|Benefits Administration|International Contractor Pay|Time Tracking,Best-in-class user experience for US teams|Automated state tax filings|Affordable pricing,Not a full global EOR (contractor pay only internationally)|US-centric only,deel,Overall Fit,The HR Stack Guide's Overall Winner: Deel,,"Based on The HR Stack Guide's 2026 evaluation, Deel edges out the competition for Mid-Market Scaleups due to its superior score (4.8/5), flexible operational setup, and strong support for Custom HRIS integrations, IT device provisioning, and enterprise compliance reporting.","The HR Stack Guide research team evaluated 2026 feature sets and pricing models for Deel and Gusto for Established 100+ employee companies transitioning from local payroll to global workforce management. Based on that analysis, Deel is the recommended choice. Deel starts at $49/mo while Gusto starts at $40/mo.","{""Native Legal Entities"": {""a"": true, ""b"": false}, ""Contractor Auto-Pay"": {""a"": true, ""b"": true}, ""IT Device Shipping"": {""a"": true, ""b"": false}, ""Localized Health Benefits"": {""a"": true, ""b"": false}, ""Equity & Stock Admin"": {""a"": true, ""b"": false}, ""Zero FX Rate Markup"": {""a"": false, ""b"": false}, ""Global Tax Filings"": {""a"": true, ""b"": true}, ""Background Checks"": {""a"": true, ""b"": false}, ""Native US Payroll"": {""a"": true, ""b"": true}, ""Free Trial Available"": {""a"": false, ""b"": true}}",Deel vs Gusto for Mid-Market Scaleups (2026 Comparison),Detailed comparison of Deel vs Gusto for Mid-Market Scaleups.
deel-vs-papaya-for-scaleups,scaleups,Mid-Market Scaleups,Mid-Market Scaleups teams,Established 100+ employee companies transitioning from local payroll to global workforce management.,deel,Deel,/deel.png,4.8,$49/mo,Per contractor / month ($599/mo for EOR),false,https://www.deel.com,150+ Country EOR|Contractor Auto-Pay|Equipment Shipping|Background Checks,Fast 24-hr onboarding|Comprehensive localized tax compliance|Flexible payout options,EOR pricing can be steep for small teams|Admin UI has a learning curve,papaya,Papaya Global,https://unavatar.io/papayaglobal.com,4.4,$25/mo,Per contractor / month ($650/mo for EOR),false,https://papayaglobal.com,Enterprise Payroll|Workforce Intelligence|Embedded Payments|160+ Countries,Built for complex enterprise security and ERPs|Consolidated global payroll analytics|Bank-grade security,High minimum spend limits|Overkill for early-stage startups,deel,Overall Fit,The HR Stack Guide's Overall Winner: Deel,,"Based on The HR Stack Guide's 2026 evaluation, Deel edges out the competition for Mid-Market Scaleups due to its superior score (4.8/5), flexible operational setup, and strong support for Custom HRIS integrations, IT device provisioning, and enterprise compliance reporting.","The HR Stack Guide research team evaluated 2026 feature sets and pricing models for Deel and Papaya Global for Established 100+ employee companies transitioning from local payroll to global workforce management. Based on that analysis, Deel is the recommended choice. Deel starts at $49/mo while Papaya Global starts at $25/mo.","{""Native Legal Entities"": {""a"": true, ""b"": false}, ""Contractor Auto-Pay"": {""a"": true, ""b"": true}, ""IT Device Shipping"": {""a"": true, ""b"": false}, ""Localized Health Benefits"": {""a"": true, ""b"": true}, ""Equity & Stock Admin"": {""a"": true, ""b"": false}, ""Zero FX Rate Markup"": {""a"": false, ""b"": true}, ""Global Tax Filings"": {""a"": true, ""b"": true}, ""Background Checks"": {""a"": true, ""b"": true}, ""Native US Payroll"": {""a"": true, ""b"": true}, ""Free Trial Available"": {""a"": false, ""b"": false}}",Deel vs Papaya Global for Mid-Market Scaleups (2026 Comparison),Detailed comparison of Deel vs Papaya Global for Mid-Market Scaleups.
deel-vs-multiplier-for-scaleups,scaleups,Mid-Market Scaleups,Mid-Market Scaleups teams,Established 100+ employee companies transitioning from local payroll to global workforce management.,deel,Deel,/deel.png,4.8,$49/mo,Per contractor / month ($599/mo for EOR),false,https://www.deel.com,150+ Country EOR|Contractor Auto-Pay|Equipment Shipping|Background Checks,Fast 24-hr onboarding|Comprehensive localized tax compliance|Flexible payout options,EOR pricing can be steep for small teams|Admin UI has a learning curve,multiplier,Multiplier,https://unavatar.io/usemultiplier.com,4.6,$40/mo,Per contractor / month ($400/mo for EOR),false,https://www.usemultiplier.com,Self-Serve EOR|Instant Employment Contracts|Global Insurance|Multi-Currency Payouts,Competitive baseline EOR pricing ($400/mo)|Instant contract generation|Strong Asian market presence,Smaller user community|Fewer third-party software integrations,deel,Overall Fit,The HR Stack Guide's Overall Winner: Deel,,"Based on The HR Stack Guide's 2026 evaluation, Deel edges out the competition for Mid-Market Scaleups due to its superior score (4.8/5), flexible operational setup, and strong support for Custom HRIS integrations, IT device provisioning, and enterprise compliance reporting.","The HR Stack Guide research team evaluated 2026 feature sets and pricing models for Deel and Multiplier for Established 100+ employee companies transitioning from local payroll to global workforce management. Based on that analysis, Deel is the recommended choice. Deel starts at $49/mo while Multiplier starts at $40/mo.","{""Native Legal Entities"": {""a"": true, ""b"": true}, ""Contractor Auto-Pay"": {""a"": true, ""b"": true}, ""IT Device Shipping"": {""a"": true, ""b"": false}, ""Localized Health Benefits"": {""a"": true, ""b"": true}, ""Equity & Stock Admin"": {""a"": true, ""b"": false}, ""Zero FX Rate Markup"": {""a"": false, ""b"": false}, ""Global Tax Filings"": {""a"": true, ""b"": true}, ""Background Checks"": {""a"": true, ""b"": false}, ""Native US Payroll"": {""a"": true, ""b"": false}, ""Free Trial Available"": {""a"": false, ""b"": false}}",Deel vs Multiplier for Mid-Market Scaleups (2026 Comparison),Detailed comparison of Deel vs Multiplier for Mid-Market Scaleups.
deel-vs-plane-for-scaleups,scaleups,Mid-Market Scaleups,Mid-Market Scaleups teams,Established 100+ employee companies transitioning from local payroll to global workforce management.,deel,Deel,/deel.png,4.8,$49/mo,Per contractor / month ($599/mo for EOR),false,https://www.deel.com,150+ Country EOR|Contractor Auto-Pay|Equipment Shipping|Background Checks,Fast 24-hr onboarding|Comprehensive localized tax compliance|Flexible payout options,EOR pricing can be steep for small teams|Admin UI has a learning curve,plane,Plane,https://unavatar.io/plane.com,4.5,$20/mo,Flat $29/mo per contractor ($299/mo for EOR),true,https://plane.com,Zero FX Markup|Stock Option Grants|Flat-Fee Pricing|Direct Crypto/Fiat Pay,No exchange rate markup fees|Lowest EOR rate in the market ($299/mo)|Transparent pricing,Fewer automated localized HR add-ons|Smaller legal footprint,deel,Overall Fit,The HR Stack Guide's Overall Winner: Deel,,"Based on The HR Stack Guide's 2026 evaluation, Deel edges out the competition for Mid-Market Scaleups due to its superior score (4.8/5), flexible operational setup, and strong support for Custom HRIS integrations, IT device provisioning, and enterprise compliance reporting.","The HR Stack Guide research team evaluated 2026 feature sets and pricing models for Deel and Plane for Established 100+ employee companies transitioning from local payroll to global workforce management. Based on that analysis, Deel is the recommended choice. Deel starts at $49/mo while Plane starts at $20/mo.","{""Native Legal Entities"": {""a"": true, ""b"": true}, ""Contractor Auto-Pay"": {""a"": true, ""b"": true}, ""IT Device Shipping"": {""a"": true, ""b"": false}, ""Localized Health Benefits"": {""a"": true, ""b"": false}, ""Equity & Stock Admin"": {""a"": true, ""b"": true}, ""Zero FX Rate Markup"": {""a"": false, ""b"": true}, ""Global Tax Filings"": {""a"": true, ""b"": false}, ""Background Checks"": {""a"": true, ""b"": false}, ""Native US Payroll"": {""a"": true, ""b"": false}, ""Free Trial Available"": {""a"": false, ""b"": true}}",Deel vs Plane for Mid-Market Scaleups (2026 Comparison),Detailed comparison of Deel vs Plane for Mid-Market Scaleups.
rippling-vs-remote-for-scaleups,scaleups,Mid-Market Scaleups,Mid-Market Scaleups teams,Established 100+ employee companies transitioning from local payroll to global workforce management.,rippling,Rippling,https://unavatar.io/rippling.com,4.7,$35/mo,Base fee + $8 per user / month,false,https://www.rippling.com,Unified HR & IT|US & Global Payroll|Device Management|App Provisioning,Automates IT device setup alongside HR|Powerful custom workflow engine|Native US payroll integration,Base platform fee required|EOR feature set is secondary to HRIS,remote,Remote,https://unavatar.io/remote.com,4.6,$29/mo,Per contractor / month ($599/mo for EOR),true,https://remote.com,100% Native Entities|IP Protection|Global Benefits|Remote Relocation,Owns all local legal entities directly|Strong IP guardrails for tech startups|No hidden markup fees,Slower entity expansion than Deel|Limited IT management tooling,remote,Global EOR,The HR Stack Guide's Winner for Global EOR: Remote,"Owns 100% of its local legal entities directly rather than relying on secondary EOR partners|Zero FX markup on cross-border payouts keeps international payroll costs predictable|Built-in IP and invention-assignment protections purpose-built for distributed, IP-sensitive teams","Based on The HR Stack Guide's 2026 evaluation, Remote is the stronger fit for global eor for Mid-Market Scaleups evaluating international remote team operations: Owns 100% of its local legal entities directly rather than relying on secondary EOR partners; Zero FX markup on cross-border payouts keeps international payroll costs predictable; and Built-in IP and invention-assignment protections purpose-built for distributed, IP-sensitive teams. Both platforms carry solid overall ratings (4.6/5 for Remote vs. 4.7/5 for Rippling), but Rippling is built primarily as a general-purpose domestic HRIS, so Remote pulls ahead specifically on global eor for globally distributed teams.","The HR Stack Guide research team evaluated 2026 feature sets and pricing models for Rippling and Remote for Established 100+ employee companies transitioning from local payroll to global workforce management. Based on that analysis, Remote is the recommended choice for global eor. Rippling starts at $35/mo while Remote starts at $29/mo.","{""Native Legal Entities"": {""a"": false, ""b"": true}, ""Contractor Auto-Pay"": {""a"": true, ""b"": true}, ""IT Device Shipping"": {""a"": true, ""b"": false}, ""Localized Health Benefits"": {""a"": true, ""b"": true}, ""Equity & Stock Admin"": {""a"": true, ""b"": true}, ""Zero FX Rate Markup"": {""a"": false, ""b"": true}, ""Global Tax Filings"": {""a"": true, ""b"": true}, ""Background Checks"": {""a"": true, ""b"": true}, ""Native US Payroll"": {""a"": true, ""b"": false}, ""Free Trial Available"": {""a"": false, ""b"": true}}",Rippling vs Remote for Mid-Market Scaleups (2026 Comparison),Detailed comparison of Rippling vs Remote for Mid-Market Scaleups.
rippling-vs-oyster-for-scaleups,scaleups,Mid-Market Scaleups,Mid-Market Scaleups teams,Established 100+ employee companies transitioning from local payroll to global workforce management.,rippling,Rippling,https://unavatar.io/rippling.com,4.7,$35/mo,Base fee + $8 per user / month,false,https://www.rippling.com,Unified HR & IT|US & Global Payroll|Device Management|App Provisioning,Automates IT device setup alongside HR|Powerful custom workflow engine|Native US payroll integration,Base platform fee required|EOR feature set is secondary to HRIS,oyster,Oyster HR,/Oyster.png,4.5,$29/mo,Per contractor / month ($499/mo for EOR),true,https://www.oysterhr.com,180+ Country Reach|Oyster Academy|Global Employment Cost Calculator|Equity Admin,Extremely intuitive UI|Great tools for early-stage founder estimation|B-Corp social mission,Relies on third-party local partners in select markets|Slightly higher EOR base rate,oyster,International Contractor Management,The HR Stack Guide's Winner for International Contractor Management: Oyster HR,"180+ country contractor and EOR reach with a dedicated Global Employment Cost Calculator for upfront budgeting|Contractor-first onboarding flows purpose-built for hiring across borders, rather than adapted from a domestic-first HRIS|Oyster Academy resources help first-time international hiring teams navigate compliance without dedicated in-house legal support","Based on The HR Stack Guide's 2026 evaluation, Oyster HR is the stronger fit for international contractor management for Mid-Market Scaleups evaluating international remote team operations: 180+ country contractor and EOR reach with a dedicated Global Employment Cost Calculator for upfront budgeting; Contractor-first onboarding flows purpose-built for hiring across borders, rather than adapted from a domestic-first HRIS; and Oyster Academy resources help first-time international hiring teams navigate compliance without dedicated in-house legal support. Both platforms carry solid overall ratings (4.5/5 for Oyster HR vs. 4.7/5 for Rippling), but Rippling is built primarily as a general-purpose domestic HRIS, so Oyster HR pulls ahead specifically on international contractor management for globally distributed teams.","The HR Stack Guide research team evaluated 2026 feature sets and pricing models for Rippling and Oyster HR for Established 100+ employee companies transitioning from local payroll to global workforce management. Based on that analysis, Oyster HR is the recommended choice for international contractor management. Rippling starts at $35/mo while Oyster HR starts at $29/mo.","{""Native Legal Entities"": {""a"": false, ""b"": false}, ""Contractor Auto-Pay"": {""a"": true, ""b"": true}, ""IT Device Shipping"": {""a"": true, ""b"": false}, ""Localized Health Benefits"": {""a"": true, ""b"": true}, ""Equity & Stock Admin"": {""a"": true, ""b"": true}, ""Zero FX Rate Markup"": {""a"": false, ""b"": false}, ""Global Tax Filings"": {""a"": true, ""b"": true}, ""Background Checks"": {""a"": true, ""b"": true}, ""Native US Payroll"": {""a"": true, ""b"": false}, ""Free Trial Available"": {""a"": false, ""b"": true}}",Rippling vs Oyster HR for Mid-Market Scaleups (2026 Comparison),Detailed comparison of Rippling vs Oyster HR for Mid-Market Scaleups.
rippling-vs-gusto-for-scaleups,scaleups,Mid-Market Scaleups,Mid-Market Scaleups teams,Established 100+ employee companies transitioning from local payroll to global workforce management.,rippling,Rippling,https://unavatar.io/rippling.com,4.7,$35/mo,Base fee + $8 per user / month,false,https://www.rippling.com,Unified HR & IT|US & Global Payroll|Device Management|App Provisioning,Automates IT device setup alongside HR|Powerful custom workflow engine|Native US payroll integration,Base platform fee required|EOR feature set is secondary to HRIS,gusto,Gusto,/Gusto.png,4.7,$40/mo,Base fee + $6 per user / month,true,https://www.gusto.com,US Native Payroll|Benefits Administration|International Contractor Pay|Time Tracking,Best-in-class user experience for US teams|Automated state tax filings|Affordable pricing,Not a full global EOR (contractor pay only internationally)|US-centric only,gusto,Domestic SMB Simplicity,The HR Stack Guide's Winner for Domestic SMB Simplicity: Gusto,"Best-in-class US payroll experience purpose-built for small teams, without added IT device-management overhead|Automated state-by-state tax filings come standard, reducing the compliance workload for lean SMB teams|Simple, transparent per-employee pricing starting lower than a base-fee-plus-per-user model","Based on The HR Stack Guide's 2026 evaluation, Gusto is the stronger fit for domestic smb simplicity for Mid-Market Scaleups evaluating international remote team operations: Best-in-class US payroll experience purpose-built for small teams, without added IT device-management overhead; Automated state-by-state tax filings come standard, reducing the compliance workload for lean SMB teams; and Simple, transparent per-employee pricing starting lower than a base-fee-plus-per-user model. Both platforms carry solid overall ratings (4.7/5 for Gusto vs. 4.7/5 for Rippling), but Rippling is built primarily as a general-purpose domestic HRIS, so Gusto pulls ahead specifically on domestic smb simplicity for globally distributed teams.","The HR Stack Guide research team evaluated 2026 feature sets and pricing models for Rippling and Gusto for Established 100+ employee companies transitioning from local payroll to global workforce management. Based on that analysis, Gusto is the recommended choice for domestic smb simplicity. Rippling starts at $35/mo while Gusto starts at $40/mo.","{""Native Legal Entities"": {""a"": false, ""b"": false}, ""Contractor Auto-Pay"": {""a"": true, ""b"": true}, ""IT Device Shipping"": {""a"": true, ""b"": false}, ""Localized Health Benefits"": {""a"": true, ""b"": false}, ""Equity & Stock Admin"": {""a"": true, ""b"": false}, ""Zero FX Rate Markup"": {""a"": false, ""b"": false}, ""Global Tax Filings"": {""a"": true, ""b"": true}, ""Background Checks"": {""a"": true, ""b"": false}, ""Native US Payroll"": {""a"": true, ""b"": true}, ""Free Trial Available"": {""a"": false, ""b"": true}}",Rippling vs Gusto for Mid-Market Scaleups (2026 Comparison),Detailed comparison of Rippling vs Gusto for Mid-Market Scaleups.
rippling-vs-papaya-for-scaleups,scaleups,Mid-Market Scaleups,Mid-Market Scaleups teams,Established 100+ employee companies transitioning from local payroll to global workforce management.,rippling,Rippling,https://unavatar.io/rippling.com,4.7,$35/mo,Base fee + $8 per user / month,false,https://www.rippling.com,Unified HR & IT|US & Global Payroll|Device Management|App Provisioning,Automates IT device setup alongside HR|Powerful custom workflow engine|Native US payroll integration,Base platform fee required|EOR feature set is secondary to HRIS,papaya,Papaya Global,https://unavatar.io/papayaglobal.com,4.4,$25/mo,Per contractor / month ($650/mo for EOR),false,https://papayaglobal.com,Enterprise Payroll|Workforce Intelligence|Embedded Payments|160+ Countries,Built for complex enterprise security and ERPs|Consolidated global payroll analytics|Bank-grade security,High minimum spend limits|Overkill for early-stage startups,rippling,Overall Fit,The HR Stack Guide's Overall Winner: Rippling,,"Based on The HR Stack Guide's 2026 evaluation, Rippling edges out the competition for Mid-Market Scaleups due to its superior score (4.7/5), flexible operational setup, and strong support for Custom HRIS integrations, IT device provisioning, and enterprise compliance reporting.","The HR Stack Guide research team evaluated 2026 feature sets and pricing models for Rippling and Papaya Global for Established 100+ employee companies transitioning from local payroll to global workforce management. Based on that analysis, Rippling is the recommended choice. Rippling starts at $35/mo while Papaya Global starts at $25/mo.","{""Native Legal Entities"": {""a"": false, ""b"": false}, ""Contractor Auto-Pay"": {""a"": true, ""b"": true}, ""IT Device Shipping"": {""a"": true, ""b"": false}, ""Localized Health Benefits"": {""a"": true, ""b"": true}, ""Equity & Stock Admin"": {""a"": true, ""b"": false}, ""Zero FX Rate Markup"": {""a"": false, ""b"": true}, ""Global Tax Filings"": {""a"": true, ""b"": true}, ""Background Checks"": {""a"": true, ""b"": true}, ""Native US Payroll"": {""a"": true, ""b"": true}, ""Free Trial Available"": {""a"": false, ""b"": false}}",Rippling vs Papaya Global for Mid-Market Scaleups (2026 Comparison),Detailed comparison of Rippling vs Papaya Global for Mid-Market Scaleups.
rippling-vs-multiplier-for-scaleups,scaleups,Mid-Market Scaleups,Mid-Market Scaleups teams,Established 100+ employee companies transitioning from local payroll to global workforce management.,rippling,Rippling,https://unavatar.io/rippling.com,4.7,$35/mo,Base fee + $8 per user / month,false,https://www.rippling.com,Unified HR & IT|US & Global Payroll|Device Management|App Provisioning,Automates IT device setup alongside HR|Powerful custom workflow engine|Native US payroll integration,Base platform fee required|EOR feature set is secondary to HRIS,multiplier,Multiplier,https://unavatar.io/usemultiplier.com,4.6,$40/mo,Per contractor / month ($400/mo for EOR),false,https://www.usemultiplier.com,Self-Serve EOR|Instant Employment Contracts|Global Insurance|Multi-Currency Payouts,Competitive baseline EOR pricing ($400/mo)|Instant contract generation|Strong Asian market presence,Smaller user community|Fewer third-party software integrations,rippling,Overall Fit,The HR Stack Guide's Overall Winner: Rippling,,"Based on The HR Stack Guide's 2026 evaluation, Rippling edges out the competition for Mid-Market Scaleups due to its superior score (4.7/5), flexible operational setup, and strong support for Custom HRIS integrations, IT device provisioning, and enterprise compliance reporting.","The HR Stack Guide research team evaluated 2026 feature sets and pricing models for Rippling and Multiplier for Established 100+ employee companies transitioning from local payroll to global workforce management. Based on that analysis, Rippling is the recommended choice. Rippling starts at $35/mo while Multiplier starts at $40/mo.","{""Native Legal Entities"": {""a"": false, ""b"": true}, ""Contractor Auto-Pay"": {""a"": true, ""b"": true}, ""IT Device Shipping"": {""a"": true, ""b"": false}, ""Localized Health Benefits"": {""a"": true, ""b"": true}, ""Equity & Stock Admin"": {""a"": true, ""b"": false}, ""Zero FX Rate Markup"": {""a"": false, ""b"": false}, ""Global Tax Filings"": {""a"": true, ""b"": true}, ""Background Checks"": {""a"": true, ""b"": false}, ""Native US Payroll"": {""a"": true, ""b"": false}, ""Free Trial Available"": {""a"": false, ""b"": false}}",Rippling vs Multiplier for Mid-Market Scaleups (2026 Comparison),Detailed comparison of Rippling vs Multiplier for Mid-Market Scaleups.
rippling-vs-plane-for-scaleups,scaleups,Mid-Market Scaleups,Mid-Market Scaleups teams,Established 100+ employee companies transitioning from local payroll to global workforce management.,rippling,Rippling,https://unavatar.io/rippling.com,4.7,$35/mo,Base fee + $8 per user / month,false,https://www.rippling.com,Unified HR & IT|US & Global Payroll|Device Management|App Provisioning,Automates IT device setup alongside HR|Powerful custom workflow engine|Native US payroll integration,Base platform fee required|EOR feature set is secondary to HRIS,plane,Plane,https://unavatar.io/plane.com,4.5,$20/mo,Flat $29/mo per contractor ($299/mo for EOR),true,https://plane.com,Zero FX Markup|Stock Option Grants|Flat-Fee Pricing|Direct Crypto/Fiat Pay,No exchange rate markup fees|Lowest EOR rate in the market ($299/mo)|Transparent pricing,Fewer automated localized HR add-ons|Smaller legal footprint,rippling,Overall Fit,The HR Stack Guide's Overall Winner: Rippling,,"Based on The HR Stack Guide's 2026 evaluation, Rippling edges out the competition for Mid-Market Scaleups due to its superior score (4.7/5), flexible operational setup, and strong support for Custom HRIS integrations, IT device provisioning, and enterprise compliance reporting.","The HR Stack Guide research team evaluated 2026 feature sets and pricing models for Rippling and Plane for Established 100+ employee companies transitioning from local payroll to global workforce management. Based on that analysis, Rippling is the recommended choice. Rippling starts at $35/mo while Plane starts at $20/mo.","{""Native Legal Entities"": {""a"": false, ""b"": true}, ""Contractor Auto-Pay"": {""a"": true, ""b"": true}, ""IT Device Shipping"": {""a"": true, ""b"": false}, ""Localized Health Benefits"": {""a"": true, ""b"": false}, ""Equity & Stock Admin"": {""a"": true, ""b"": true}, ""Zero FX Rate Markup"": {""a"": false, ""b"": true}, ""Global Tax Filings"": {""a"": true, ""b"": false}, ""Background Checks"": {""a"": true, ""b"": false}, ""Native US Payroll"": {""a"": true, ""b"": false}, ""Free Trial Available"": {""a"": false, ""b"": true}}",Rippling vs Plane for Mid-Market Scaleups (2026 Comparison),Detailed comparison of Rippling vs Plane for Mid-Market Scaleups.
remote-vs-oyster-for-scaleups,scaleups,Mid-Market Scaleups,Mid-Market Scaleups teams,Established 100+ employee companies transitioning from local payroll to global workforce management.,remote,Remote,https://unavatar.io/remote.com,4.6,$29/mo,Per contractor / month ($599/mo for EOR),true,https://remote.com,100% Native Entities|IP Protection|Global Benefits|Remote Relocation,Owns all local legal entities directly|Strong IP guardrails for tech startups|No hidden markup fees,Slower entity expansion than Deel|Limited IT management tooling,oyster,Oyster HR,/Oyster.png,4.5,$29/mo,Per contractor / month ($499/mo for EOR),true,https://www.oysterhr.com,180+ Country Reach|Oyster Academy|Global Employment Cost Calculator|Equity Admin,Extremely intuitive UI|Great tools for early-stage founder estimation|B-Corp social mission,Relies on third-party local partners in select markets|Slightly higher EOR base rate,remote,Overall Fit,The HR Stack Guide's Overall Winner: Remote,,"Based on The HR Stack Guide's 2026 evaluation, Remote edges out the competition for Mid-Market Scaleups due to its superior score (4.6/5), flexible operational setup, and strong support for Custom HRIS integrations, IT device provisioning, and enterprise compliance reporting.","The HR Stack Guide research team evaluated 2026 feature sets and pricing models for Remote and Oyster HR for Established 100+ employee companies transitioning from local payroll to global workforce management. Based on that analysis, Remote is the recommended choice. Remote starts at $29/mo while Oyster HR starts at $29/mo.","{""Native Legal Entities"": {""a"": true, ""b"": false}, ""Contractor Auto-Pay"": {""a"": true, ""b"": true}, ""IT Device Shipping"": {""a"": false, ""b"": false}, ""Localized Health Benefits"": {""a"": true, ""b"": true}, ""Equity & Stock Admin"": {""a"": true, ""b"": true}, ""Zero FX Rate Markup"": {""a"": true, ""b"": false}, ""Global Tax Filings"": {""a"": true, ""b"": true}, ""Background Checks"": {""a"": true, ""b"": true}, ""Native US Payroll"": {""a"": false, ""b"": false}, ""Free Trial Available"": {""a"": true, ""b"": true}}",Remote vs Oyster HR for Mid-Market Scaleups (2026 Comparison),Detailed comparison of Remote vs Oyster HR for Mid-Market Scaleups.
remote-vs-gusto-for-scaleups,scaleups,Mid-Market Scaleups,Mid-Market Scaleups teams,Established 100+ employee companies transitioning from local payroll to global workforce management.,remote,Remote,https://unavatar.io/remote.com,4.6,$29/mo,Per contractor / month ($599/mo for EOR),true,https://remote.com,100% Native Entities|IP Protection|Global Benefits|Remote Relocation,Owns all local legal entities directly|Strong IP guardrails for tech startups|No hidden markup fees,Slower entity expansion than Deel|Limited IT management tooling,gusto,Gusto,/Gusto.png,4.7,$40/mo,Base fee + $6 per user / month,true,https://www.gusto.com,US Native Payroll|Benefits Administration|International Contractor Pay|Time Tracking,Best-in-class user experience for US teams|Automated state tax filings|Affordable pricing,Not a full global EOR (contractor pay only internationally)|US-centric only,gusto,Overall Fit,The HR Stack Guide's Overall Winner: Gusto,,"Based on The HR Stack Guide's 2026 evaluation, Gusto edges out the competition for Mid-Market Scaleups due to its superior score (4.7/5), flexible operational setup, and strong support for Custom HRIS integrations, IT device provisioning, and enterprise compliance reporting.","The HR Stack Guide research team evaluated 2026 feature sets and pricing models for Remote and Gusto for Established 100+ employee companies transitioning from local payroll to global workforce management. Based on that analysis, Gusto is the recommended choice. Remote starts at $29/mo while Gusto starts at $40/mo.","{""Native Legal Entities"": {""a"": true, ""b"": false}, ""Contractor Auto-Pay"": {""a"": true, ""b"": true}, ""IT Device Shipping"": {""a"": false, ""b"": false}, ""Localized Health Benefits"": {""a"": true, ""b"": false}, ""Equity & Stock Admin"": {""a"": true, ""b"": false}, ""Zero FX Rate Markup"": {""a"": true, ""b"": false}, ""Global Tax Filings"": {""a"": true, ""b"": true}, ""Background Checks"": {""a"": true, ""b"": false}, ""Native US Payroll"": {""a"": false, ""b"": true}, ""Free Trial Available"": {""a"": true, ""b"": true}}",Remote vs Gusto for Mid-Market Scaleups (2026 Comparison),Detailed comparison of Remote vs Gusto for Mid-Market Scaleups.
remote-vs-papaya-for-scaleups,scaleups,Mid-Market Scaleups,Mid-Market Scaleups teams,Established 100+ employee companies transitioning from local payroll to global workforce management.,remote,Remote,https://unavatar.io/remote.com,4.6,$29/mo,Per contractor / month ($599/mo for EOR),true,https://remote.com,100% Native Entities|IP Protection|Global Benefits|Remote Relocation,Owns all local legal entities directly|Strong IP guardrails for tech startups|No hidden markup fees,Slower entity expansion than Deel|Limited IT management tooling,papaya,Papaya Global,https://unavatar.io/papayaglobal.com,4.4,$25/mo,Per contractor / month ($650/mo for EOR),false,https://papayaglobal.com,Enterprise Payroll|Workforce Intelligence|Embedded Payments|160+ Countries,Built for complex enterprise security and ERPs|Consolidated global payroll analytics|Bank-grade security,High minimum spend limits|Overkill for early-stage startups,remote,Overall Fit,The HR Stack Guide's Overall Winner: Remote,,"Based on The HR Stack Guide's 2026 evaluation, Remote edges out the competition for Mid-Market Scaleups due to its superior score (4.6/5), flexible operational setup, and strong support for Custom HRIS integrations, IT device provisioning, and enterprise compliance reporting.","The HR Stack Guide research team evaluated 2026 feature sets and pricing models for Remote and Papaya Global for Established 100+ employee companies transitioning from local payroll to global workforce management. Based on that analysis, Remote is the recommended choice. Remote starts at $29/mo while Papaya Global starts at $25/mo.","{""Native Legal Entities"": {""a"": true, ""b"": false}, ""Contractor Auto-Pay"": {""a"": true, ""b"": true}, ""IT Device Shipping"": {""a"": false, ""b"": false}, ""Localized Health Benefits"": {""a"": true, ""b"": true}, ""Equity & Stock Admin"": {""a"": true, ""b"": false}, ""Zero FX Rate Markup"": {""a"": true, ""b"": true}, ""Global Tax Filings"": {""a"": true, ""b"": true}, ""Background Checks"": {""a"": true, ""b"": true}, ""Native US Payroll"": {""a"": false, ""b"": true}, ""Free Trial Available"": {""a"": true, ""b"": false}}",Remote vs Papaya Global for Mid-Market Scaleups (2026 Comparison),Detailed comparison of Remote vs Papaya Global for Mid-Market Scaleups.
remote-vs-multiplier-for-scaleups,scaleups,Mid-Market Scaleups,Mid-Market Scaleups teams,Established 100+ employee companies transitioning from local payroll to global workforce management.,remote,Remote,https://unavatar.io/remote.com,4.6,$29/mo,Per contractor / month ($599/mo for EOR),true,https://remote.com,100% Native Entities|IP Protection|Global Benefits|Remote Relocation,Owns all local legal entities directly|Strong IP guardrails for tech startups|No hidden markup fees,Slower entity expansion than Deel|Limited IT management tooling,multiplier,Multiplier,https://unavatar.io/usemultiplier.com,4.6,$40/mo,Per contractor / month ($400/mo for EOR),false,https://www.usemultiplier.com,Self-Serve EOR|Instant Employment Contracts|Global Insurance|Multi-Currency Payouts,Competitive baseline EOR pricing ($400/mo)|Instant contract generation|Strong Asian market presence,Smaller user community|Fewer third-party software integrations,remote,Overall Fit,The HR Stack Guide's Overall Winner: Remote,,"Based on The HR Stack Guide's 2026 evaluation, Remote edges out the competition for Mid-Market Scaleups due to its superior score (4.6/5), flexible operational setup, and strong support for Custom HRIS integrations, IT device provisioning, and enterprise compliance reporting.","The HR Stack Guide research team evaluated 2026 feature sets and pricing models for Remote and Multiplier for Established 100+ employee companies transitioning from local payroll to global workforce management. Based on that analysis, Remote is the recommended choice. Remote starts at $29/mo while Multiplier starts at $40/mo.","{""Native Legal Entities"": {""a"": true, ""b"": true}, ""Contractor Auto-Pay"": {""a"": true, ""b"": true}, ""IT Device Shipping"": {""a"": false, ""b"": false}, ""Localized Health Benefits"": {""a"": true, ""b"": true}, ""Equity & Stock Admin"": {""a"": true, ""b"": false}, ""Zero FX Rate Markup"": {""a"": true, ""b"": false}, ""Global Tax Filings"": {""a"": true, ""b"": true}, ""Background Checks"": {""a"": true, ""b"": false}, ""Native US Payroll"": {""a"": false, ""b"": false}, ""Free Trial Available"": {""a"": true, ""b"": false}}",Remote vs Multiplier for Mid-Market Scaleups (2026 Comparison),Detailed comparison of Remote vs Multiplier for Mid-Market Scaleups.
remote-vs-plane-for-scaleups,scaleups,Mid-Market Scaleups,Mid-Market Scaleups teams,Established 100+ employee companies transitioning from local payroll to global workforce management.,remote,Remote,https://unavatar.io/remote.com,4.6,$29/mo,Per contractor / month ($599/mo for EOR),true,https://remote.com,100% Native Entities|IP Protection|Global Benefits|Remote Relocation,Owns all local legal entities directly|Strong IP guardrails for tech startups|No hidden markup fees,Slower entity expansion than Deel|Limited IT management tooling,plane,Plane,https://unavatar.io/plane.com,4.5,$20/mo,Flat $29/mo per contractor ($299/mo for EOR),true,https://plane.com,Zero FX Markup|Stock Option Grants|Flat-Fee Pricing|Direct Crypto/Fiat Pay,No exchange rate markup fees|Lowest EOR rate in the market ($299/mo)|Transparent pricing,Fewer automated localized HR add-ons|Smaller legal footprint,remote,Overall Fit,The HR Stack Guide's Overall Winner: Remote,,"Based on The HR Stack Guide's 2026 evaluation, Remote edges out the competition for Mid-Market Scaleups due to its superior score (4.6/5), flexible operational setup, and strong support for Custom HRIS integrations, IT device provisioning, and enterprise compliance reporting.","The HR Stack Guide research team evaluated 2026 feature sets and pricing models for Remote and Plane for Established 100+ employee companies transitioning from local payroll to global workforce management. Based on that analysis, Remote is the recommended choice. Remote starts at $29/mo while Plane starts at $20/mo.","{""Native Legal Entities"": {""a"": true, ""b"": true}, ""Contractor Auto-Pay"": {""a"": true, ""b"": true}, ""IT Device Shipping"": {""a"": false, ""b"": false}, ""Localized Health Benefits"": {""a"": true, ""b"": false}, ""Equity & Stock Admin"": {""a"": true, ""b"": true}, ""Zero FX Rate Markup"": {""a"": true, ""b"": true}, ""Global Tax Filings"": {""a"": true, ""b"": false}, ""Background Checks"": {""a"": true, ""b"": false}, ""Native US Payroll"": {""a"": false, ""b"": false}, ""Free Trial Available"": {""a"": true, ""b"": true}}",Remote vs Plane for Mid-Market Scaleups (2026 Comparison),Detailed comparison of Remote vs Plane for Mid-Market Scaleups.
oyster-vs-gusto-for-scaleups,scaleups,Mid-Market Scaleups,Mid-Market Scaleups teams,Established 100+ employee companies transitioning from local payroll to global workforce management.,oyster,Oyster HR,/Oyster.png,4.5,$29/mo,Per contractor / month ($499/mo for EOR),true,https://www.oysterhr.com,180+ Country Reach|Oyster Academy|Global Employment Cost Calculator|Equity Admin,Extremely intuitive UI|Great tools for early-stage founder estimation|B-Corp social mission,Relies on third-party local partners in select markets|Slightly higher EOR base rate,gusto,Gusto,/Gusto.png,4.7,$40/mo,Base fee + $6 per user / month,true,https://www.gusto.com,US Native Payroll|Benefits Administration|International Contractor Pay|Time Tracking,Best-in-class user experience for US teams|Automated state tax filings|Affordable pricing,Not a full global EOR (contractor pay only internationally)|US-centric only,gusto,Overall Fit,The HR Stack Guide's Overall Winner: Gusto,,"Based on The HR Stack Guide's 2026 evaluation, Gusto edges out the competition for Mid-Market Scaleups due to its superior score (4.7/5), flexible operational setup, and strong support for Custom HRIS integrations, IT device provisioning, and enterprise compliance reporting.","The HR Stack Guide research team evaluated 2026 feature sets and pricing models for Oyster HR and Gusto for Established 100+ employee companies transitioning from local payroll to global workforce management. Based on that analysis, Gusto is the recommended choice. Oyster HR starts at $29/mo while Gusto starts at $40/mo.","{""Native Legal Entities"": {""a"": false, ""b"": false}, ""Contractor Auto-Pay"": {""a"": true, ""b"": true}, ""IT Device Shipping"": {""a"": false, ""b"": false}, ""Localized Health Benefits"": {""a"": true, ""b"": false}, ""Equity & Stock Admin"": {""a"": true, ""b"": false}, ""Zero FX Rate Markup"": {""a"": false, ""b"": false}, ""Global Tax Filings"": {""a"": true, ""b"": true}, ""Background Checks"": {""a"": true, ""b"": false}, ""Native US Payroll"": {""a"": false, ""b"": true}, ""Free Trial Available"": {""a"": true, ""b"": true}}",Oyster HR vs Gusto for Mid-Market Scaleups (2026 Comparison),Detailed comparison of Oyster HR vs Gusto for Mid-Market Scaleups.
oyster-vs-papaya-for-scaleups,scaleups,Mid-Market Scaleups,Mid-Market Scaleups teams,Established 100+ employee companies transitioning from local payroll to global workforce management.,oyster,Oyster HR,/Oyster.png,4.5,$29/mo,Per contractor / month ($499/mo for EOR),true,https://www.oysterhr.com,180+ Country Reach|Oyster Academy|Global Employment Cost Calculator|Equity Admin,Extremely intuitive UI|Great tools for early-stage founder estimation|B-Corp social mission,Relies on third-party local partners in select markets|Slightly higher EOR base rate,papaya,Papaya Global,https://unavatar.io/papayaglobal.com,4.4,$25/mo,Per contractor / month ($650/mo for EOR),false,https://papayaglobal.com,Enterprise Payroll|Workforce Intelligence|Embedded Payments|160+ Countries,Built for complex enterprise security and ERPs|Consolidated global payroll analytics|Bank-grade security,High minimum spend limits|Overkill for early-stage startups,oyster,Overall Fit,The HR Stack Guide's Overall Winner: Oyster HR,,"Based on The HR Stack Guide's 2026 evaluation, Oyster HR edges out the competition for Mid-Market Scaleups due to its superior score (4.5/5), flexible operational setup, and strong support for Custom HRIS integrations, IT device provisioning, and enterprise compliance reporting.","The HR Stack Guide research team evaluated 2026 feature sets and pricing models for Oyster HR and Papaya Global for Established 100+ employee companies transitioning from local payroll to global workforce management. Based on that analysis, Oyster HR is the recommended choice. Oyster HR starts at $29/mo while Papaya Global starts at $25/mo.","{""Native Legal Entities"": {""a"": false, ""b"": false}, ""Contractor Auto-Pay"": {""a"": true, ""b"": true}, ""IT Device Shipping"": {""a"": false, ""b"": false}, ""Localized Health Benefits"": {""a"": true, ""b"": true}, ""Equity & Stock Admin"": {""a"": true, ""b"": false}, ""Zero FX Rate Markup"": {""a"": false, ""b"": true}, ""Global Tax Filings"": {""a"": true, ""b"": true}, ""Background Checks"": {""a"": true, ""b"": true}, ""Native US Payroll"": {""a"": false, ""b"": true}, ""Free Trial Available"": {""a"": true, ""b"": false}}",Oyster HR vs Papaya Global for Mid-Market Scaleups (2026 Comparison),Detailed comparison of Oyster HR vs Papaya Global for Mid-Market Scaleups.
oyster-vs-multiplier-for-scaleups,scaleups,Mid-Market Scaleups,Mid-Market Scaleups teams,Established 100+ employee companies transitioning from local payroll to global workforce management.,oyster,Oyster HR,/Oyster.png,4.5,$29/mo,Per contractor / month ($499/mo for EOR),true,https://www.oysterhr.com,180+ Country Reach|Oyster Academy|Global Employment Cost Calculator|Equity Admin,Extremely intuitive UI|Great tools for early-stage founder estimation|B-Corp social mission,Relies on third-party local partners in select markets|Slightly higher EOR base rate,multiplier,Multiplier,https://unavatar.io/usemultiplier.com,4.6,$40/mo,Per contractor / month ($400/mo for EOR),false,https://www.usemultiplier.com,Self-Serve EOR|Instant Employment Contracts|Global Insurance|Multi-Currency Payouts,Competitive baseline EOR pricing ($400/mo)|Instant contract generation|Strong Asian market presence,Smaller user community|Fewer third-party software integrations,multiplier,Overall Fit,The HR Stack Guide's Overall Winner: Multiplier,,"Based on The HR Stack Guide's 2026 evaluation, Multiplier edges out the competition for Mid-Market Scaleups due to its superior score (4.6/5), flexible operational setup, and strong support for Custom HRIS integrations, IT device provisioning, and enterprise compliance reporting.","The HR Stack Guide research team evaluated 2026 feature sets and pricing models for Oyster HR and Multiplier for Established 100+ employee companies transitioning from local payroll to global workforce management. Based on that analysis, Multiplier is the recommended choice. Oyster HR starts at $29/mo while Multiplier starts at $40/mo.","{""Native Legal Entities"": {""a"": false, ""b"": true}, ""Contractor Auto-Pay"": {""a"": true, ""b"": true}, ""IT Device Shipping"": {""a"": false, ""b"": false}, ""Localized Health Benefits"": {""a"": true, ""b"": true}, ""Equity & Stock Admin"": {""a"": true, ""b"": false}, ""Zero FX Rate Markup"": {""a"": false, ""b"": false}, ""Global Tax Filings"": {""a"": true, ""b"": true}, ""Background Checks"": {""a"": true, ""b"": false}, ""Native US Payroll"": {""a"": false, ""b"": false}, ""Free Trial Available"": {""a"": true, ""b"": false}}",Oyster HR vs Multiplier for Mid-Market Scaleups (2026 Comparison),Detailed comparison of Oyster HR vs Multiplier for Mid-Market Scaleups.
oyster-vs-plane-for-scaleups,scaleups,Mid-Market Scaleups,Mid-Market Scaleups teams,Established 100+ employee companies transitioning from local payroll to global workforce management.,oyster,Oyster HR,/Oyster.png,4.5,$29/mo,Per contractor / month ($499/mo for EOR),true,https://www.oysterhr.com,180+ Country Reach|Oyster Academy|Global Employment Cost Calculator|Equity Admin,Extremely intuitive UI|Great tools for early-stage founder estimation|B-Corp social mission,Relies on third-party local partners in select markets|Slightly higher EOR base rate,plane,Plane,https://unavatar.io/plane.com,4.5,$20/mo,Flat $29/mo per contractor ($299/mo for EOR),true,https://plane.com,Zero FX Markup|Stock Option Grants|Flat-Fee Pricing|Direct Crypto/Fiat Pay,No exchange rate markup fees|Lowest EOR rate in the market ($299/mo)|Transparent pricing,Fewer automated localized HR add-ons|Smaller legal footprint,oyster,Overall Fit,The HR Stack Guide's Overall Winner: Oyster HR,,"Based on The HR Stack Guide's 2026 evaluation, Oyster HR edges out the competition for Mid-Market Scaleups due to its superior score (4.5/5), flexible operational setup, and strong support for Custom HRIS integrations, IT device provisioning, and enterprise compliance reporting.","The HR Stack Guide research team evaluated 2026 feature sets and pricing models for Oyster HR and Plane for Established 100+ employee companies transitioning from local payroll to global workforce management. Based on that analysis, Oyster HR is the recommended choice. Oyster HR starts at $29/mo while Plane starts at $20/mo.","{""Native Legal Entities"": {""a"": false, ""b"": true}, ""Contractor Auto-Pay"": {""a"": true, ""b"": true}, ""IT Device Shipping"": {""a"": false, ""b"": false}, ""Localized Health Benefits"": {""a"": true, ""b"": false}, ""Equity & Stock Admin"": {""a"": true, ""b"": true}, ""Zero FX Rate Markup"": {""a"": false, ""b"": true}, ""Global Tax Filings"": {""a"": true, ""b"": false}, ""Background Checks"": {""a"": true, ""b"": false}, ""Native US Payroll"": {""a"": false, ""b"": false}, ""Free Trial Available"": {""a"": true, ""b"": true}}",Oyster HR vs Plane for Mid-Market Scaleups (2026 Comparison),Detailed comparison of Oyster HR vs Plane for Mid-Market Scaleups.
gusto-vs-papaya-for-scaleups,scaleups,Mid-Market Scaleups,Mid-Market Scaleups teams,Established 100+ employee companies transitioning from local payroll to global workforce management.,gusto,Gusto,/Gusto.png,4.7,$40/mo,Base fee + $6 per user / month,true,https://www.gusto.com,US Native Payroll|Benefits Administration|International Contractor Pay|Time Tracking,Best-in-class user experience for US teams|Automated state tax filings|Affordable pricing,Not a full global EOR (contractor pay only internationally)|US-centric only,papaya,Papaya Global,https://unavatar.io/papayaglobal.com,4.4,$25/mo,Per contractor / month ($650/mo for EOR),false,https://papayaglobal.com,Enterprise Payroll|Workforce Intelligence|Embedded Payments|160+ Countries,Built for complex enterprise security and ERPs|Consolidated global payroll analytics|Bank-grade security,High minimum spend limits|Overkill for early-stage startups,gusto,Overall Fit,The HR Stack Guide's Overall Winner: Gusto,,"Based on The HR Stack Guide's 2026 evaluation, Gusto edges out the competition for Mid-Market Scaleups due to its superior score (4.7/5), flexible operational setup, and strong support for Custom HRIS integrations, IT device provisioning, and enterprise compliance reporting.","The HR Stack Guide research team evaluated 2026 feature sets and pricing models for Gusto and Papaya Global for Established 100+ employee companies transitioning from local payroll to global workforce management. Based on that analysis, Gusto is the recommended choice. Gusto starts at $40/mo while Papaya Global starts at $25/mo.","{""Native Legal Entities"": {""a"": false, ""b"": false}, ""Contractor Auto-Pay"": {""a"": true, ""b"": true}, ""IT Device Shipping"": {""a"": false, ""b"": false}, ""Localized Health Benefits"": {""a"": false, ""b"": true}, ""Equity & Stock Admin"": {""a"": false, ""b"": false}, ""Zero FX Rate Markup"": {""a"": false, ""b"": true}, ""Global Tax Filings"": {""a"": true, ""b"": true}, ""Background Checks"": {""a"": false, ""b"": true}, ""Native US Payroll"": {""a"": true, ""b"": true}, ""Free Trial Available"": {""a"": true, ""b"": false}}",Gusto vs Papaya Global for Mid-Market Scaleups (2026 Comparison),Detailed comparison of Gusto vs Papaya Global for Mid-Market Scaleups.
gusto-vs-multiplier-for-scaleups,scaleups,Mid-Market Scaleups,Mid-Market Scaleups teams,Established 100+ employee companies transitioning from local payroll to global workforce management.,gusto,Gusto,/Gusto.png,4.7,$40/mo,Base fee + $6 per user / month,true,https://www.gusto.com,US Native Payroll|Benefits Administration|International Contractor Pay|Time Tracking,Best-in-class user experience for US teams|Automated state tax filings|Affordable pricing,Not a full global EOR (contractor pay only internationally)|US-centric only,multiplier,Multiplier,https://unavatar.io/usemultiplier.com,4.6,$40/mo,Per contractor / month ($400/mo for EOR),false,https://www.usemultiplier.com,Self-Serve EOR|Instant Employment Contracts|Global Insurance|Multi-Currency Payouts,Competitive baseline EOR pricing ($400/mo)|Instant contract generation|Strong Asian market presence,Smaller user community|Fewer third-party software integrations,gusto,Overall Fit,The HR Stack Guide's Overall Winner: Gusto,,"Based on The HR Stack Guide's 2026 evaluation, Gusto edges out the competition for Mid-Market Scaleups due to its superior score (4.7/5), flexible operational setup, and strong support for Custom HRIS integrations, IT device provisioning, and enterprise compliance reporting.","The HR Stack Guide research team evaluated 2026 feature sets and pricing models for Gusto and Multiplier for Established 100+ employee companies transitioning from local payroll to global workforce management. Based on that analysis, Gusto is the recommended choice. Gusto starts at $40/mo while Multiplier starts at $40/mo.","{""Native Legal Entities"": {""a"": false, ""b"": true}, ""Contractor Auto-Pay"": {""a"": true, ""b"": true}, ""IT Device Shipping"": {""a"": false, ""b"": false}, ""Localized Health Benefits"": {""a"": false, ""b"": true}, ""Equity & Stock Admin"": {""a"": false, ""b"": false}, ""Zero FX Rate Markup"": {""a"": false, ""b"": false}, ""Global Tax Filings"": {""a"": true, ""b"": true}, ""Background Checks"": {""a"": false, ""b"": false}, ""Native US Payroll"": {""a"": true, ""b"": false}, ""Free Trial Available"": {""a"": true, ""b"": false}}",Gusto vs Multiplier for Mid-Market Scaleups (2026 Comparison),Detailed comparison of Gusto vs Multiplier for Mid-Market Scaleups.
gusto-vs-plane-for-scaleups,scaleups,Mid-Market Scaleups,Mid-Market Scaleups teams,Established 100+ employee companies transitioning from local payroll to global workforce management.,gusto,Gusto,/Gusto.png,4.7,$40/mo,Base fee + $6 per user / month,true,https://www.gusto.com,US Native Payroll|Benefits Administration|International Contractor Pay|Time Tracking,Best-in-class user experience for US teams|Automated state tax filings|Affordable pricing,Not a full global EOR (contractor pay only internationally)|US-centric only,plane,Plane,https://unavatar.io/plane.com,4.5,$20/mo,Flat $29/mo per contractor ($299/mo for EOR),true,https://plane.com,Zero FX Markup|Stock Option Grants|Flat-Fee Pricing|Direct Crypto/Fiat Pay,No exchange rate markup fees|Lowest EOR rate in the market ($299/mo)|Transparent pricing,Fewer automated localized HR add-ons|Smaller legal footprint,gusto,Overall Fit,The HR Stack Guide's Overall Winner: Gusto,,"Based on The HR Stack Guide's 2026 evaluation, Gusto edges out the competition for Mid-Market Scaleups due to its superior score (4.7/5), flexible operational setup, and strong support for Custom HRIS integrations, IT device provisioning, and enterprise compliance reporting.","The HR Stack Guide research team evaluated 2026 feature sets and pricing models for Gusto and Plane for Established 100+ employee companies transitioning from local payroll to global workforce management. Based on that analysis, Gusto is the recommended choice. Gusto starts at $40/mo while Plane starts at $20/mo.","{""Native Legal Entities"": {""a"": false, ""b"": true}, ""Contractor Auto-Pay"": {""a"": true, ""b"": true}, ""IT Device Shipping"": {""a"": false, ""b"": false}, ""Localized Health Benefits"": {""a"": false, ""b"": false}, ""Equity & Stock Admin"": {""a"": false, ""b"": true}, ""Zero FX Rate Markup"": {""a"": false, ""b"": true}, ""Global Tax Filings"": {""a"": true, ""b"": false}, ""Background Checks"": {""a"": false, ""b"": false}, ""Native US Payroll"": {""a"": true, ""b"": false}, ""Free Trial Available"": {""a"": true, ""b"": true}}",Gusto vs Plane for Mid-Market Scaleups (2026 Comparison),Detailed comparison of Gusto vs Plane for Mid-Market Scaleups.
papaya-vs-multiplier-for-scaleups,scaleups,Mid-Market Scaleups,Mid-Market Scaleups teams,Established 100+ employee companies transitioning from local payroll to global workforce management.,papaya,Papaya Global,https://unavatar.io/papayaglobal.com,4.4,$25/mo,Per contractor / month ($650/mo for EOR),false,https://papayaglobal.com,Enterprise Payroll|Workforce Intelligence|Embedded Payments|160+ Countries,Built for complex enterprise security and ERPs|Consolidated global payroll analytics|Bank-grade security,High minimum spend limits|Overkill for early-stage startups,multiplier,Multiplier,https://unavatar.io/usemultiplier.com,4.6,$40/mo,Per contractor / month ($400/mo for EOR),false,https://www.usemultiplier.com,Self-Serve EOR|Instant Employment Contracts|Global Insurance|Multi-Currency Payouts,Competitive baseline EOR pricing ($400/mo)|Instant contract generation|Strong Asian market presence,Smaller user community|Fewer third-party software integrations,multiplier,Overall Fit,The HR Stack Guide's Overall Winner: Multiplier,,"Based on The HR Stack Guide's 2026 evaluation, Multiplier edges out the competition for Mid-Market Scaleups due to its superior score (4.6/5), flexible operational setup, and strong support for Custom HRIS integrations, IT device provisioning, and enterprise compliance reporting.","The HR Stack Guide research team evaluated 2026 feature sets and pricing models for Papaya Global and Multiplier for Established 100+ employee companies transitioning from local payroll to global workforce management. Based on that analysis, Multiplier is the recommended choice. Papaya Global starts at $25/mo while Multiplier starts at $40/mo.","{""Native Legal Entities"": {""a"": false, ""b"": true}, ""Contractor Auto-Pay"": {""a"": true, ""b"": true}, ""IT Device Shipping"": {""a"": false, ""b"": false}, ""Localized Health Benefits"": {""a"": true, ""b"": true}, ""Equity & Stock Admin"": {""a"": false, ""b"": false}, ""Zero FX Rate Markup"": {""a"": true, ""b"": false}, ""Global Tax Filings"": {""a"": true, ""b"": true}, ""Background Checks"": {""a"": true, ""b"": false}, ""Native US Payroll"": {""a"": true, ""b"": false}, ""Free Trial Available"": {""a"": false, ""b"": false}}",Papaya Global vs Multiplier for Mid-Market Scaleups (2026 Comparison),Detailed comparison of Papaya Global vs Multiplier for Mid-Market Scaleups.
papaya-vs-plane-for-scaleups,scaleups,Mid-Market Scaleups,Mid-Market Scaleups teams,Established 100+ employee companies transitioning from local payroll to global workforce management.,papaya,Papaya Global,https://unavatar.io/papayaglobal.com,4.4,$25/mo,Per contractor / month ($650/mo for EOR),false,https://papayaglobal.com,Enterprise Payroll|Workforce Intelligence|Embedded Payments|160+ Countries,Built for complex enterprise security and ERPs|Consolidated global payroll analytics|Bank-grade security,High minimum spend limits|Overkill for early-stage startups,plane,Plane,https://unavatar.io/plane.com,4.5,$20/mo,Flat $29/mo per contractor ($299/mo for EOR),true,https://plane.com,Zero FX Markup|Stock Option Grants|Flat-Fee Pricing|Direct Crypto/Fiat Pay,No exchange rate markup fees|Lowest EOR rate in the market ($299/mo)|Transparent pricing,Fewer automated localized HR add-ons|Smaller legal footprint,plane,Overall Fit,The HR Stack Guide's Overall Winner: Plane,,"Based on The HR Stack Guide's 2026 evaluation, Plane edges out the competition for Mid-Market Scaleups due to its superior score (4.5/5), flexible operational setup, and strong support for Custom HRIS integrations, IT device provisioning, and enterprise compliance reporting.","The HR Stack Guide research team evaluated 2026 feature sets and pricing models for Papaya Global and Plane for Established 100+ employee companies transitioning from local payroll to global workforce management. Based on that analysis, Plane is the recommended choice. Papaya Global starts at $25/mo while Plane starts at $20/mo.","{""Native Legal Entities"": {""a"": false, ""b"": true}, ""Contractor Auto-Pay"": {""a"": true, ""b"": true}, ""IT Device Shipping"": {""a"": false, ""b"": false}, ""Localized Health Benefits"": {""a"": true, ""b"": false}, ""Equity & Stock Admin"": {""a"": false, ""b"": true}, ""Zero FX Rate Markup"": {""a"": true, ""b"": true}, ""Global Tax Filings"": {""a"": true, ""b"": false}, ""Background Checks"": {""a"": true, ""b"": false}, ""Native US Payroll"": {""a"": true, ""b"": false}, ""Free Trial Available"": {""a"": false, ""b"": true}}",Papaya Global vs Plane for Mid-Market Scaleups (2026 Comparison),Detailed comparison of Papaya Global vs Plane for Mid-Market Scaleups.
multiplier-vs-plane-for-scaleups,scaleups,Mid-Market Scaleups,Mid-Market Scaleups teams,Established 100+ employee companies transitioning from local payroll to global workforce management.,multiplier,Multiplier,https://unavatar.io/usemultiplier.com,4.6,$40/mo,Per contractor / month ($400/mo for EOR),false,https://www.usemultiplier.com,Self-Serve EOR|Instant Employment Contracts|Global Insurance|Multi-Currency Payouts,Competitive baseline EOR pricing ($400/mo)|Instant contract generation|Strong Asian market presence,Smaller user community|Fewer third-party software integrations,plane,Plane,https://unavatar.io/plane.com,4.5,$20/mo,Flat $29/mo per contractor ($299/mo for EOR),true,https://plane.com,Zero FX Markup|Stock Option Grants|Flat-Fee Pricing|Direct Crypto/Fiat Pay,No exchange rate markup fees|Lowest EOR rate in the market ($299/mo)|Transparent pricing,Fewer automated localized HR add-ons|Smaller legal footprint,multiplier,Overall Fit,The HR Stack Guide's Overall Winner: Multiplier,,"Based on The HR Stack Guide's 2026 evaluation, Multiplier edges out the competition for Mid-Market Scaleups due to its superior score (4.6/5), flexible operational setup, and strong support for Custom HRIS integrations, IT device provisioning, and enterprise compliance reporting.","The HR Stack Guide research team evaluated 2026 feature sets and pricing models for Multiplier and Plane for Established 100+ employee companies transitioning from local payroll to global workforce management. Based on that analysis, Multiplier is the recommended choice. Multiplier starts at $40/mo while Plane starts at $20/mo.","{""Native Legal Entities"": {""a"": true, ""b"": true}, ""Contractor Auto-Pay"": {""a"": true, ""b"": true}, ""IT Device Shipping"": {""a"": false, ""b"": false}, ""Localized Health Benefits"": {""a"": true, ""b"": false}, ""Equity & Stock Admin"": {""a"": false, ""b"": true}, ""Zero FX Rate Markup"": {""a"": false, ""b"": true}, ""Global Tax Filings"": {""a"": true, ""b"": false}, ""Background Checks"": {""a"": false, ""b"": false}, ""Native US Payroll"": {""a"": false, ""b"": false}, ""Free Trial Available"": {""a"": false, ""b"": true}}",Multiplier vs Plane for Mid-Market Scaleups (2026 Comparison),Detailed comparison of Multiplier vs Plane for Mid-Market Scaleups.
