URL Path,Page Title,H1 Title
/,HR Software Comparisons (2026 Guide) | The HR Stack Guide,Data-Driven HR Software Comparisons & Buyer Guides
/15five-vs-clearcompany-for-enterprise/,"15Five vs ClearCo for Enterprise (2026): Security, Scale & Pricing",15Five vs ClearCo: Which Performance Tool Wins for Enterprise?
/15five-vs-clearcompany-for-people-ops/,15Five vs ClearCo for People Ops (2026): HRIS Integration & UX,15Five vs ClearCo: Which Performance Tool Wins for People Ops?
/15five-vs-clearcompany-for-remote-teams/,15Five vs ClearCo for Remote Teams (2026): Async Workflows & Compliance,15Five vs ClearCo: Which Performance Tool Wins for Remote Teams?
/15five-vs-clearcompany-for-scaleups/,15Five vs ClearCo for Scaleups (2026): Growth Plans & Feature Set,15Five vs ClearCo: Which Performance Tool Wins for Scaleups?
/15five-vs-clearcompany-for-startups/,"15Five vs ClearCo for Startups (2026): Pricing, Features & Onboarding",15Five vs ClearCo: Which Performance Tool Wins for Startups?
/15five-vs-clearcompany/,"15Five vs ClearCo (Performance 2026): Reviews, OKRs & Pricing",15Five vs ClearCo Review: Global Performance Breakdown
/15five-vs-culture-amp-for-enterprise/,"15Five vs Culture Amp for Enterprise (2026): Security, Scale & Pricing",15Five vs Culture Amp: Which Performance Tool Wins for Enterprise?
/15five-vs-culture-amp-for-people-ops/,15Five vs Culture Amp for People Ops (2026): HRIS Integration & UX,15Five vs Culture Amp: Which Performance Tool Wins for People Ops?
/15five-vs-culture-amp-for-remote-teams/,15Five vs Culture Amp for Remote Teams: Async Workflows & Compliance,15Five vs Culture Amp: Which Performance Tool Wins for Remote Teams?
/15five-vs-culture-amp-for-scaleups/,15Five vs Culture Amp for Scaleups (2026): Growth Plans & Feature Set,15Five vs Culture Amp: Which Performance Tool Wins for Scaleups?
/15five-vs-culture-amp-for-startups/,"15Five vs Culture Amp for Startups: Pricing, Features & Onboarding",15Five vs Culture Amp: Which Performance Tool Wins for Startups?
/15five-vs-culture-amp/,"15Five vs Culture Amp (Performance 2026): Reviews, OKRs & Pricing",15Five vs Culture Amp Review: Global Performance Breakdown
/15five-vs-lattice-for-enterprise/,"15Five vs Lattice for Enterprise (2026): Security, Scale & Pricing",15Five vs Lattice: Which Performance Tool Wins for Enterprise?
/15five-vs-lattice-for-people-ops/,15Five vs Lattice for People Ops (2026): HRIS Integration & UX,15Five vs Lattice: Which Performance Tool Wins for People Ops?
/15five-vs-lattice-for-remote-teams/,15Five vs Lattice for Remote Teams (2026): Async Workflows & Compliance,15Five vs Lattice: Which Performance Tool Wins for Remote Teams?
/15five-vs-lattice-for-scaleups/,15Five vs Lattice for Scaleups (2026): Growth Plans & Feature Set,15Five vs Lattice: Which Performance Tool Wins for Scaleups?
/15five-vs-lattice-for-startups/,"15Five vs Lattice for Startups (2026): Pricing, Features & Onboarding",15Five vs Lattice: Which Performance Tool Wins for Startups?
/15five-vs-lattice/,"15Five vs Lattice (Performance 2026): Reviews, OKRs & Pricing",15Five vs Lattice Review: Global Performance Breakdown
/15five-vs-leapsome-for-enterprise/,"15Five vs Leapsome for Enterprise (2026): Security, Scale & Pricing",15Five vs Leapsome: Which Performance Tool Wins for Enterprise?
/15five-vs-leapsome-for-people-ops/,15Five vs Leapsome for People Ops (2026): HRIS Integration & UX,15Five vs Leapsome: Which Performance Tool Wins for People Ops?
/15five-vs-leapsome-for-remote-teams/,15Five vs Leapsome for Remote Teams (2026): Async Workflows & Compliance,15Five vs Leapsome: Which Performance Tool Wins for Remote Teams?
/15five-vs-leapsome-for-scaleups/,15Five vs Leapsome for Scaleups (2026): Growth Plans & Feature Set,15Five vs Leapsome: Which Performance Tool Wins for Scaleups?
/15five-vs-leapsome-for-startups/,"15Five vs Leapsome for Startups (2026): Pricing, Features & Onboarding",15Five vs Leapsome: Which Performance Tool Wins for Startups?
/15five-vs-leapsome/,"15Five vs Leapsome (Performance 2026): Reviews, OKRs & Pricing",15Five vs Leapsome Review: Global Performance Breakdown
/15five-vs-peoplefluent-for-enterprise/,"15Five vs PeopleFluent for Enterprise (2026): Security, Scale & Pricing",15Five vs PeopleFluent: Which Performance Tool Wins for Enterprise?
/15five-vs-peoplefluent-for-people-ops/,15Five vs PeopleFluent for People Ops (2026): HRIS Integration & UX,15Five vs PeopleFluent: Which Performance Tool Wins for People Ops?
/15five-vs-peoplefluent-for-remote-teams/,15Five vs PeopleFluent for Remote Teams: Async Workflows & Compliance,15Five vs PeopleFluent: Which Performance Tool Wins for Remote Teams?
/15five-vs-peoplefluent-for-scaleups/,15Five vs PeopleFluent for Scaleups (2026): Growth Plans & Feature Set,15Five vs PeopleFluent: Which Performance Tool Wins for Scaleups?
/15five-vs-peoplefluent-for-startups/,"15Five vs PeopleFluent for Startups: Pricing, Features & Onboarding",15Five vs PeopleFluent: Which Performance Tool Wins for Startups?
/15five-vs-peoplefluent/,"15Five vs PeopleFluent (Performance 2026): Reviews, OKRs & Pricing",15Five vs PeopleFluent Review: Global Performance Breakdown
/15five-vs-performyard-for-enterprise/,"15Five vs PerformYard for Enterprise (2026): Security, Scale & Pricing",15Five vs PerformYard: Which Performance Tool Wins for Enterprise?
/15five-vs-performyard-for-people-ops/,15Five vs PerformYard for People Ops (2026): HRIS Integration & UX,15Five vs PerformYard: Which Performance Tool Wins for People Ops?
/15five-vs-performyard-for-remote-teams/,15Five vs PerformYard for Remote Teams: Async Workflows & Compliance,15Five vs PerformYard: Which Performance Tool Wins for Remote Teams?
/15five-vs-performyard-for-scaleups/,15Five vs PerformYard for Scaleups (2026): Growth Plans & Feature Set,15Five vs PerformYard: Which Performance Tool Wins for Scaleups?
/15five-vs-performyard-for-startups/,"15Five vs PerformYard for Startups: Pricing, Features & Onboarding",15Five vs PerformYard: Which Performance Tool Wins for Startups?
/15five-vs-performyard/,"15Five vs PerformYard (Performance 2026): Reviews, OKRs & Pricing",15Five vs PerformYard Review: Global Performance Breakdown
/404.html,Page Not Found — The HR Stack Guide,Page Not Found
/about/,About Us — The HR Stack Guide,About Us
/affiliate-disclosure/,Affiliate Disclosure — The HR Stack Guide,Affiliate Disclosure
/applicant-tracking-systems/,Applicant Tracking Systems (ATS) — The HR Stack Guide,Compare Applicant Tracking Systems (ATS)
/ashby-vs-bamboohr-ats-for-agencies/,Ashby vs BambooHR for Agencies (2026): Client Management & Billing,Ashby vs BambooHR: Which ATS Tool Wins for Agencies?
/ashby-vs-bamboohr-ats-for-enterprise/,"Ashby vs BambooHR for Enterprise (2026): Security, Scale & Pricing",Ashby vs BambooHR: Which ATS Tool Wins for Enterprise?
/ashby-vs-bamboohr-ats-for-remote-teams/,Ashby vs BambooHR for Remote Teams (2026): Async Workflows & Compliance,Ashby vs BambooHR: Which ATS Tool Wins for Remote Teams?
/ashby-vs-bamboohr-ats-for-scaleups/,Ashby vs BambooHR for Scaleups (2026): Growth Plans & Feature Set,Ashby vs BambooHR: Which ATS Tool Wins for Scaleups?
/ashby-vs-bamboohr-ats-for-startups/,"Ashby vs BambooHR for Startups (2026): Pricing, Features & Onboarding",Ashby vs BambooHR: Which ATS Tool Wins for Startups?
/ashby-vs-bamboohr-ats/,Ashby vs BambooHR (ATS 2026): Hiring Features & Pricing,Ashby vs BambooHR Review: Global ATS Breakdown
/ashby-vs-breezy-hr-for-agencies/,Ashby vs Breezy for Agencies (2026): Client Management & Billing,Ashby vs Breezy: Which ATS Tool Wins for Agencies?
/ashby-vs-breezy-hr-for-enterprise/,"Ashby vs Breezy for Enterprise (2026): Security, Scale & Pricing",Ashby vs Breezy: Which ATS Tool Wins for Enterprise?
/ashby-vs-breezy-hr-for-remote-teams/,Ashby vs Breezy for Remote Teams (2026): Async Workflows & Compliance,Ashby vs Breezy: Which ATS Tool Wins for Remote Teams?
/ashby-vs-breezy-hr-for-scaleups/,Ashby vs Breezy for Scaleups (2026): Growth Plans & Feature Set,Ashby vs Breezy: Which ATS Tool Wins for Scaleups?
/ashby-vs-breezy-hr-for-startups/,"Ashby vs Breezy for Startups (2026): Pricing, Features & Onboarding",Ashby vs Breezy: Which ATS Tool Wins for Startups?
/ashby-vs-breezy-hr/,Ashby vs Breezy (ATS 2026): Hiring Features & Pricing,Ashby vs Breezy Review: Global ATS Breakdown
/ashby-vs-greenhouse-for-agencies/,Ashby vs Greenhouse for Agencies (2026): Client Management & Billing,Ashby vs Greenhouse: Which ATS Tool Wins for Agencies?
/ashby-vs-greenhouse-for-enterprise/,"Ashby vs Greenhouse for Enterprise (2026): Security, Scale & Pricing",Ashby vs Greenhouse: Which ATS Tool Wins for Enterprise?
/ashby-vs-greenhouse-for-remote-teams/,Ashby vs Greenhouse for Remote Teams: Async Workflows & Compliance,Ashby vs Greenhouse: Which ATS Tool Wins for Remote Teams?
/ashby-vs-greenhouse-for-scaleups/,Ashby vs Greenhouse for Scaleups (2026): Growth Plans & Feature Set,Ashby vs Greenhouse: Which ATS Tool Wins for Scaleups?
/ashby-vs-greenhouse-for-startups/,"Ashby vs Greenhouse for Startups (2026): Pricing, Features & Onboarding",Ashby vs Greenhouse: Which ATS Tool Wins for Startups?
/ashby-vs-greenhouse/,Ashby vs Greenhouse (ATS 2026): Hiring Features & Pricing,Ashby vs Greenhouse Review: Global ATS Breakdown
/ashby-vs-jazzhr-for-agencies/,Ashby vs JazzHR for Agencies (2026): Client Management & Billing,Ashby vs JazzHR: Which ATS Tool Wins for Agencies?
/ashby-vs-jazzhr-for-enterprise/,"Ashby vs JazzHR for Enterprise (2026): Security, Scale & Pricing",Ashby vs JazzHR: Which ATS Tool Wins for Enterprise?
/ashby-vs-jazzhr-for-remote-teams/,Ashby vs JazzHR for Remote Teams (2026): Async Workflows & Compliance,Ashby vs JazzHR: Which ATS Tool Wins for Remote Teams?
/ashby-vs-jazzhr-for-scaleups/,Ashby vs JazzHR for Scaleups (2026): Growth Plans & Feature Set,Ashby vs JazzHR: Which ATS Tool Wins for Scaleups?
/ashby-vs-jazzhr-for-startups/,"Ashby vs JazzHR for Startups (2026): Pricing, Features & Onboarding",Ashby vs JazzHR: Which ATS Tool Wins for Startups?
/ashby-vs-jazzhr/,Ashby vs JazzHR (ATS 2026): Hiring Features & Pricing,Ashby vs JazzHR Review: Global ATS Breakdown
/ashby-vs-lever-for-agencies/,Ashby vs Lever for Agencies (2026): Client Management & Billing,Ashby vs Lever: Which ATS Tool Wins for Agencies?
/ashby-vs-lever-for-enterprise/,"Ashby vs Lever for Enterprise (2026): Security, Scale & Pricing",Ashby vs Lever: Which ATS Tool Wins for Enterprise?
/ashby-vs-lever-for-remote-teams/,Ashby vs Lever for Remote Teams (2026): Async Workflows & Compliance,Ashby vs Lever: Which ATS Tool Wins for Remote Teams?
/ashby-vs-lever-for-scaleups/,Ashby vs Lever for Scaleups (2026): Growth Plans & Feature Set,Ashby vs Lever: Which ATS Tool Wins for Scaleups?
/ashby-vs-lever-for-startups/,"Ashby vs Lever for Startups (2026): Pricing, Features & Onboarding",Ashby vs Lever: Which ATS Tool Wins for Startups?
/ashby-vs-lever/,Ashby vs Lever (ATS 2026): Hiring Features & Pricing,Ashby vs Lever Review: Global ATS Breakdown
/ashby-vs-recruitee-for-agencies/,Ashby vs Recruitee for Agencies (2026): Client Management & Billing,Ashby vs Recruitee: Which ATS Tool Wins for Agencies?
/ashby-vs-recruitee-for-enterprise/,"Ashby vs Recruitee for Enterprise (2026): Security, Scale & Pricing",Ashby vs Recruitee: Which ATS Tool Wins for Enterprise?
/ashby-vs-recruitee-for-remote-teams/,Ashby vs Recruitee for Remote Teams (2026): Async Workflows & Compliance,Ashby vs Recruitee: Which ATS Tool Wins for Remote Teams?
/ashby-vs-recruitee-for-scaleups/,Ashby vs Recruitee for Scaleups (2026): Growth Plans & Feature Set,Ashby vs Recruitee: Which ATS Tool Wins for Scaleups?
/ashby-vs-recruitee-for-startups/,"Ashby vs Recruitee for Startups (2026): Pricing, Features & Onboarding",Ashby vs Recruitee: Which ATS Tool Wins for Startups?
/ashby-vs-recruitee/,Ashby vs Recruitee (ATS 2026): Hiring Features & Pricing,Ashby vs Recruitee Review: Global ATS Breakdown
/ashby-vs-workable-for-agencies/,Ashby vs Workable for Agencies (2026): Client Management & Billing,Ashby vs Workable: Which ATS Tool Wins for Agencies?
/ashby-vs-workable-for-enterprise/,"Ashby vs Workable for Enterprise (2026): Security, Scale & Pricing",Ashby vs Workable: Which ATS Tool Wins for Enterprise?
/ashby-vs-workable-for-remote-teams/,Ashby vs Workable for Remote Teams (2026): Async Workflows & Compliance,Ashby vs Workable: Which ATS Tool Wins for Remote Teams?
/ashby-vs-workable-for-scaleups/,Ashby vs Workable for Scaleups (2026): Growth Plans & Feature Set,Ashby vs Workable: Which ATS Tool Wins for Scaleups?
/ashby-vs-workable-for-startups/,"Ashby vs Workable for Startups (2026): Pricing, Features & Onboarding",Ashby vs Workable: Which ATS Tool Wins for Startups?
/ashby-vs-workable/,Ashby vs Workable (ATS 2026): Hiring Features & Pricing,Ashby vs Workable Review: Global ATS Breakdown
/bamboohr-ats-vs-ashby-for-agencies/,Redirecting to: /ashby-vs-bamboohr-ats-for-agencies/,
/bamboohr-ats-vs-ashby-for-enterprise/,Redirecting to: /ashby-vs-bamboohr-ats-for-enterprise/,
/bamboohr-ats-vs-ashby-for-remote-teams/,Redirecting to: /ashby-vs-bamboohr-ats-for-remote-teams/,
/bamboohr-ats-vs-ashby-for-scaleups/,Redirecting to: /ashby-vs-bamboohr-ats-for-scaleups/,
/bamboohr-ats-vs-ashby-for-startups/,Redirecting to: /ashby-vs-bamboohr-ats-for-startups/,
/bamboohr-ats-vs-ashby/,Redirecting to: /ashby-vs-bamboohr-ats/,
/bamboohr-ats-vs-breezy-hr-for-agencies/,Redirecting to: /breezy-hr-vs-bamboohr-ats-for-agencies/,
/bamboohr-ats-vs-breezy-hr-for-enterprise/,Redirecting to: /breezy-hr-vs-bamboohr-ats-for-enterprise/,
/bamboohr-ats-vs-breezy-hr-for-remote-teams/,Redirecting to: /breezy-hr-vs-bamboohr-ats-for-remote-teams/,
/bamboohr-ats-vs-breezy-hr-for-scaleups/,Redirecting to: /breezy-hr-vs-bamboohr-ats-for-scaleups/,
/bamboohr-ats-vs-breezy-hr-for-startups/,Redirecting to: /breezy-hr-vs-bamboohr-ats-for-startups/,
/bamboohr-ats-vs-breezy-hr/,Redirecting to: /breezy-hr-vs-bamboohr-ats/,
/bamboohr-ats-vs-greenhouse-for-agencies/,Redirecting to: /greenhouse-vs-bamboohr-ats-for-agencies/,
/bamboohr-ats-vs-greenhouse-for-enterprise/,Redirecting to: /greenhouse-vs-bamboohr-ats-for-enterprise/,
/bamboohr-ats-vs-greenhouse-for-remote-teams/,Redirecting to: /greenhouse-vs-bamboohr-ats-for-remote-teams/,
/bamboohr-ats-vs-greenhouse-for-scaleups/,Redirecting to: /greenhouse-vs-bamboohr-ats-for-scaleups/,
/bamboohr-ats-vs-greenhouse-for-startups/,Redirecting to: /greenhouse-vs-bamboohr-ats-for-startups/,
/bamboohr-ats-vs-greenhouse/,Redirecting to: /greenhouse-vs-bamboohr-ats/,
/bamboohr-ats-vs-jazzhr-for-agencies/,Redirecting to: /jazzhr-vs-bamboohr-ats-for-agencies/,
/bamboohr-ats-vs-jazzhr-for-enterprise/,Redirecting to: /jazzhr-vs-bamboohr-ats-for-enterprise/,
/bamboohr-ats-vs-jazzhr-for-remote-teams/,Redirecting to: /jazzhr-vs-bamboohr-ats-for-remote-teams/,
/bamboohr-ats-vs-jazzhr-for-scaleups/,Redirecting to: /jazzhr-vs-bamboohr-ats-for-scaleups/,
/bamboohr-ats-vs-jazzhr-for-startups/,Redirecting to: /jazzhr-vs-bamboohr-ats-for-startups/,
/bamboohr-ats-vs-jazzhr/,Redirecting to: /jazzhr-vs-bamboohr-ats/,
/bamboohr-ats-vs-lever-for-agencies/,Redirecting to: /lever-vs-bamboohr-ats-for-agencies/,
/bamboohr-ats-vs-lever-for-enterprise/,Redirecting to: /lever-vs-bamboohr-ats-for-enterprise/,
/bamboohr-ats-vs-lever-for-remote-teams/,Redirecting to: /lever-vs-bamboohr-ats-for-remote-teams/,
/bamboohr-ats-vs-lever-for-scaleups/,Redirecting to: /lever-vs-bamboohr-ats-for-scaleups/,
/bamboohr-ats-vs-lever-for-startups/,Redirecting to: /lever-vs-bamboohr-ats-for-startups/,
/bamboohr-ats-vs-lever/,Redirecting to: /lever-vs-bamboohr-ats/,
/bamboohr-ats-vs-recruitee-for-agencies/,Redirecting to: /recruitee-vs-bamboohr-ats-for-agencies/,
/bamboohr-ats-vs-recruitee-for-enterprise/,Redirecting to: /recruitee-vs-bamboohr-ats-for-enterprise/,
/bamboohr-ats-vs-recruitee-for-remote-teams/,Redirecting to: /recruitee-vs-bamboohr-ats-for-remote-teams/,
/bamboohr-ats-vs-recruitee-for-scaleups/,Redirecting to: /recruitee-vs-bamboohr-ats-for-scaleups/,
/bamboohr-ats-vs-recruitee-for-startups/,Redirecting to: /recruitee-vs-bamboohr-ats-for-startups/,
/bamboohr-ats-vs-recruitee/,Redirecting to: /recruitee-vs-bamboohr-ats/,
/bamboohr-ats-vs-workable-for-agencies/,Redirecting to: /workable-vs-bamboohr-ats-for-agencies/,
/bamboohr-ats-vs-workable-for-enterprise/,Redirecting to: /workable-vs-bamboohr-ats-for-enterprise/,
/bamboohr-ats-vs-workable-for-remote-teams/,Redirecting to: /workable-vs-bamboohr-ats-for-remote-teams/,
/bamboohr-ats-vs-workable-for-scaleups/,Redirecting to: /workable-vs-bamboohr-ats-for-scaleups/,
/bamboohr-ats-vs-workable-for-startups/,Redirecting to: /workable-vs-bamboohr-ats-for-startups/,
/bamboohr-ats-vs-workable/,Redirecting to: /workable-vs-bamboohr-ats/,
/breezy-hr-vs-ashby-for-agencies/,Redirecting to: /ashby-vs-breezy-hr-for-agencies/,
/breezy-hr-vs-ashby-for-enterprise/,Redirecting to: /ashby-vs-breezy-hr-for-enterprise/,
/breezy-hr-vs-ashby-for-remote-teams/,Redirecting to: /ashby-vs-breezy-hr-for-remote-teams/,
/breezy-hr-vs-ashby-for-scaleups/,Redirecting to: /ashby-vs-breezy-hr-for-scaleups/,
/breezy-hr-vs-ashby-for-startups/,Redirecting to: /ashby-vs-breezy-hr-for-startups/,
/breezy-hr-vs-ashby/,Redirecting to: /ashby-vs-breezy-hr/,
/breezy-hr-vs-bamboohr-ats-for-agencies/,Breezy vs BambooHR for Agencies (2026): Client Management & Billing,Breezy vs BambooHR: Which ATS Tool Wins for Agencies?
/breezy-hr-vs-bamboohr-ats-for-enterprise/,"Breezy vs BambooHR for Enterprise (2026): Security, Scale & Pricing",Breezy vs BambooHR: Which ATS Tool Wins for Enterprise?
/breezy-hr-vs-bamboohr-ats-for-remote-teams/,Breezy vs BambooHR for Remote Teams (2026): Async Workflows & Compliance,Breezy vs BambooHR: Which ATS Tool Wins for Remote Teams?
/breezy-hr-vs-bamboohr-ats-for-scaleups/,Breezy vs BambooHR for Scaleups (2026): Growth Plans & Feature Set,Breezy vs BambooHR: Which ATS Tool Wins for Scaleups?
/breezy-hr-vs-bamboohr-ats-for-startups/,"Breezy vs BambooHR for Startups (2026): Pricing, Features & Onboarding",Breezy vs BambooHR: Which ATS Tool Wins for Startups?
/breezy-hr-vs-bamboohr-ats/,Breezy vs BambooHR (ATS 2026): Hiring Features & Pricing,Breezy vs BambooHR Review: Global ATS Breakdown
/breezy-hr-vs-greenhouse-for-agencies/,Redirecting to: /greenhouse-vs-breezy-hr-for-agencies/,
/breezy-hr-vs-greenhouse-for-enterprise/,Redirecting to: /greenhouse-vs-breezy-hr-for-enterprise/,
/breezy-hr-vs-greenhouse-for-remote-teams/,Redirecting to: /greenhouse-vs-breezy-hr-for-remote-teams/,
/breezy-hr-vs-greenhouse-for-scaleups/,Redirecting to: /greenhouse-vs-breezy-hr-for-scaleups/,
/breezy-hr-vs-greenhouse-for-startups/,Redirecting to: /greenhouse-vs-breezy-hr-for-startups/,
/breezy-hr-vs-greenhouse/,Redirecting to: /greenhouse-vs-breezy-hr/,
/breezy-hr-vs-jazzhr-for-agencies/,Breezy vs JazzHR for Agencies (2026): Client Management & Billing,Breezy vs JazzHR: Which ATS Tool Wins for Agencies?
/breezy-hr-vs-jazzhr-for-enterprise/,"Breezy vs JazzHR for Enterprise (2026): Security, Scale & Pricing",Breezy vs JazzHR: Which ATS Tool Wins for Enterprise?
/breezy-hr-vs-jazzhr-for-remote-teams/,Breezy vs JazzHR for Remote Teams (2026): Async Workflows & Compliance,Breezy vs JazzHR: Which ATS Tool Wins for Remote Teams?
/breezy-hr-vs-jazzhr-for-scaleups/,Breezy vs JazzHR for Scaleups (2026): Growth Plans & Feature Set,Breezy vs JazzHR: Which ATS Tool Wins for Scaleups?
/breezy-hr-vs-jazzhr-for-startups/,"Breezy vs JazzHR for Startups (2026): Pricing, Features & Onboarding",Breezy vs JazzHR: Which ATS Tool Wins for Startups?
/breezy-hr-vs-jazzhr/,Breezy vs JazzHR (ATS 2026): Hiring Features & Pricing,Breezy vs JazzHR Review: Global ATS Breakdown
/breezy-hr-vs-lever-for-agencies/,Redirecting to: /lever-vs-breezy-hr-for-agencies/,
/breezy-hr-vs-lever-for-enterprise/,Redirecting to: /lever-vs-breezy-hr-for-enterprise/,
/breezy-hr-vs-lever-for-remote-teams/,Redirecting to: /lever-vs-breezy-hr-for-remote-teams/,
/breezy-hr-vs-lever-for-scaleups/,Redirecting to: /lever-vs-breezy-hr-for-scaleups/,
/breezy-hr-vs-lever-for-startups/,Redirecting to: /lever-vs-breezy-hr-for-startups/,
/breezy-hr-vs-lever/,Redirecting to: /lever-vs-breezy-hr/,
/breezy-hr-vs-recruitee-for-agencies/,Breezy vs Recruitee for Agencies (2026): Client Management & Billing,Breezy vs Recruitee: Which ATS Tool Wins for Agencies?
/breezy-hr-vs-recruitee-for-enterprise/,"Breezy vs Recruitee for Enterprise (2026): Security, Scale & Pricing",Breezy vs Recruitee: Which ATS Tool Wins for Enterprise?
/breezy-hr-vs-recruitee-for-remote-teams/,Breezy vs Recruitee for Remote Teams: Async Workflows & Compliance,Breezy vs Recruitee: Which ATS Tool Wins for Remote Teams?
/breezy-hr-vs-recruitee-for-scaleups/,Breezy vs Recruitee for Scaleups (2026): Growth Plans & Feature Set,Breezy vs Recruitee: Which ATS Tool Wins for Scaleups?
/breezy-hr-vs-recruitee-for-startups/,"Breezy vs Recruitee for Startups (2026): Pricing, Features & Onboarding",Breezy vs Recruitee: Which ATS Tool Wins for Startups?
/breezy-hr-vs-recruitee/,Breezy vs Recruitee (ATS 2026): Hiring Features & Pricing,Breezy vs Recruitee Review: Global ATS Breakdown
/breezy-hr-vs-workable-for-agencies/,Redirecting to: /workable-vs-breezy-hr-for-agencies/,
/breezy-hr-vs-workable-for-enterprise/,Redirecting to: /workable-vs-breezy-hr-for-enterprise/,
/breezy-hr-vs-workable-for-remote-teams/,Redirecting to: /workable-vs-breezy-hr-for-remote-teams/,
/breezy-hr-vs-workable-for-scaleups/,Redirecting to: /workable-vs-breezy-hr-for-scaleups/,
/breezy-hr-vs-workable-for-startups/,Redirecting to: /workable-vs-breezy-hr-for-startups/,
/breezy-hr-vs-workable/,Redirecting to: /workable-vs-breezy-hr/,
/clearcompany-vs-15five-for-enterprise/,Redirecting to: /15five-vs-clearcompany-for-enterprise/,
/clearcompany-vs-15five-for-people-ops/,Redirecting to: /15five-vs-clearcompany-for-people-ops/,
/clearcompany-vs-15five-for-remote-teams/,Redirecting to: /15five-vs-clearcompany-for-remote-teams/,
/clearcompany-vs-15five-for-scaleups/,Redirecting to: /15five-vs-clearcompany-for-scaleups/,
/clearcompany-vs-15five-for-startups/,Redirecting to: /15five-vs-clearcompany-for-startups/,
/clearcompany-vs-15five/,Redirecting to: /15five-vs-clearcompany/,
/clearcompany-vs-culture-amp-for-enterprise/,Redirecting to: /culture-amp-vs-clearcompany-for-enterprise/,
/clearcompany-vs-culture-amp-for-people-ops/,Redirecting to: /culture-amp-vs-clearcompany-for-people-ops/,
/clearcompany-vs-culture-amp-for-remote-teams/,Redirecting to: /culture-amp-vs-clearcompany-for-remote-teams/,
/clearcompany-vs-culture-amp-for-scaleups/,Redirecting to: /culture-amp-vs-clearcompany-for-scaleups/,
/clearcompany-vs-culture-amp-for-startups/,Redirecting to: /culture-amp-vs-clearcompany-for-startups/,
/clearcompany-vs-culture-amp/,Redirecting to: /culture-amp-vs-clearcompany/,
/clearcompany-vs-lattice-for-enterprise/,Redirecting to: /lattice-vs-clearcompany-for-enterprise/,
/clearcompany-vs-lattice-for-people-ops/,Redirecting to: /lattice-vs-clearcompany-for-people-ops/,
/clearcompany-vs-lattice-for-remote-teams/,Redirecting to: /lattice-vs-clearcompany-for-remote-teams/,
/clearcompany-vs-lattice-for-scaleups/,Redirecting to: /lattice-vs-clearcompany-for-scaleups/,
/clearcompany-vs-lattice-for-startups/,Redirecting to: /lattice-vs-clearcompany-for-startups/,
/clearcompany-vs-lattice/,Redirecting to: /lattice-vs-clearcompany/,
/clearcompany-vs-leapsome-for-enterprise/,Redirecting to: /leapsome-vs-clearcompany-for-enterprise/,
/clearcompany-vs-leapsome-for-people-ops/,Redirecting to: /leapsome-vs-clearcompany-for-people-ops/,
/clearcompany-vs-leapsome-for-remote-teams/,Redirecting to: /leapsome-vs-clearcompany-for-remote-teams/,
/clearcompany-vs-leapsome-for-scaleups/,Redirecting to: /leapsome-vs-clearcompany-for-scaleups/,
/clearcompany-vs-leapsome-for-startups/,Redirecting to: /leapsome-vs-clearcompany-for-startups/,
/clearcompany-vs-leapsome/,Redirecting to: /leapsome-vs-clearcompany/,
/clearcompany-vs-peoplefluent-for-enterprise/,Redirecting to: /peoplefluent-vs-clearcompany-for-enterprise/,
/clearcompany-vs-peoplefluent-for-people-ops/,Redirecting to: /peoplefluent-vs-clearcompany-for-people-ops/,
/clearcompany-vs-peoplefluent-for-remote-teams/,Redirecting to: /peoplefluent-vs-clearcompany-for-remote-teams/,
/clearcompany-vs-peoplefluent-for-scaleups/,Redirecting to: /peoplefluent-vs-clearcompany-for-scaleups/,
/clearcompany-vs-peoplefluent-for-startups/,Redirecting to: /peoplefluent-vs-clearcompany-for-startups/,
/clearcompany-vs-peoplefluent/,Redirecting to: /peoplefluent-vs-clearcompany/,
/clearcompany-vs-performyard-for-enterprise/,Redirecting to: /performyard-vs-clearcompany-for-enterprise/,
/clearcompany-vs-performyard-for-people-ops/,Redirecting to: /performyard-vs-clearcompany-for-people-ops/,
/clearcompany-vs-performyard-for-remote-teams/,Redirecting to: /performyard-vs-clearcompany-for-remote-teams/,
/clearcompany-vs-performyard-for-scaleups/,Redirecting to: /performyard-vs-clearcompany-for-scaleups/,
/clearcompany-vs-performyard-for-startups/,Redirecting to: /performyard-vs-clearcompany-for-startups/,
/clearcompany-vs-performyard/,Redirecting to: /performyard-vs-clearcompany/,
/contact/,Get an HR Tech Recommendation (2026) | The HR Stack Guide,Get an HR Tech Recommendation (2026)
/culture-amp-vs-15five-for-enterprise/,Redirecting to: /15five-vs-culture-amp-for-enterprise/,
/culture-amp-vs-15five-for-people-ops/,Redirecting to: /15five-vs-culture-amp-for-people-ops/,
/culture-amp-vs-15five-for-remote-teams/,Redirecting to: /15five-vs-culture-amp-for-remote-teams/,
/culture-amp-vs-15five-for-scaleups/,Redirecting to: /15five-vs-culture-amp-for-scaleups/,
/culture-amp-vs-15five-for-startups/,Redirecting to: /15five-vs-culture-amp-for-startups/,
/culture-amp-vs-15five/,Redirecting to: /15five-vs-culture-amp/,
/culture-amp-vs-clearcompany-for-enterprise/,"Culture Amp vs ClearCo for Enterprise (2026): Security, Scale & Pricing",Culture Amp vs ClearCo: Which Performance Tool Wins for Enterprise?
/culture-amp-vs-clearcompany-for-people-ops/,Culture Amp vs ClearCo for People Ops (2026): HRIS Integration & UX,Culture Amp vs ClearCo: Which Performance Tool Wins for People Ops?
/culture-amp-vs-clearcompany-for-remote-teams/,Culture Amp vs ClearCo for Remote Teams: Async Workflows & Compliance,Culture Amp vs ClearCo: Which Performance Tool Wins for Remote Teams?
/culture-amp-vs-clearcompany-for-scaleups/,Culture Amp vs ClearCo for Scaleups (2026): Growth Plans & Feature Set,Culture Amp vs ClearCo: Which Performance Tool Wins for Scaleups?
/culture-amp-vs-clearcompany-for-startups/,"Culture Amp vs ClearCo for Startups: Pricing, Features & Onboarding",Culture Amp vs ClearCo: Which Performance Tool Wins for Startups?
/culture-amp-vs-clearcompany/,"Culture Amp vs ClearCo (Performance 2026): Reviews, OKRs & Pricing",Culture Amp vs ClearCo Review: Global Performance Breakdown
/culture-amp-vs-lattice-for-enterprise/,Redirecting to: /lattice-vs-culture-amp-for-enterprise/,
/culture-amp-vs-lattice-for-people-ops/,Redirecting to: /lattice-vs-culture-amp-for-people-ops/,
/culture-amp-vs-lattice-for-remote-teams/,Redirecting to: /lattice-vs-culture-amp-for-remote-teams/,
/culture-amp-vs-lattice-for-scaleups/,Redirecting to: /lattice-vs-culture-amp-for-scaleups/,
/culture-amp-vs-lattice-for-startups/,Redirecting to: /lattice-vs-culture-amp-for-startups/,
/culture-amp-vs-lattice/,Redirecting to: /lattice-vs-culture-amp/,
/culture-amp-vs-leapsome-for-enterprise/,Redirecting to: /leapsome-vs-culture-amp-for-enterprise/,
/culture-amp-vs-leapsome-for-people-ops/,Redirecting to: /leapsome-vs-culture-amp-for-people-ops/,
/culture-amp-vs-leapsome-for-remote-teams/,Redirecting to: /leapsome-vs-culture-amp-for-remote-teams/,
/culture-amp-vs-leapsome-for-scaleups/,Redirecting to: /leapsome-vs-culture-amp-for-scaleups/,
/culture-amp-vs-leapsome-for-startups/,Redirecting to: /leapsome-vs-culture-amp-for-startups/,
/culture-amp-vs-leapsome/,Redirecting to: /leapsome-vs-culture-amp/,
/culture-amp-vs-peoplefluent-for-enterprise/,"Culture Amp vs PeopleFluent for Enterprise: Security, Scale & Pricing",Culture Amp vs PeopleFluent: Which Performance Tool Wins for Enterprise?
/culture-amp-vs-peoplefluent-for-people-ops/,Culture Amp vs PeopleFluent for People Ops (2026): HRIS Integration & UX,Culture Amp vs PeopleFluent: Which Performance Tool Wins for People Ops?
/culture-amp-vs-peoplefluent-for-remote-teams/,Culture Amp vs PeopleFluent for Remote Teams (2026),Culture Amp vs PeopleFluent: Which Performance Tool Wins for Remote Teams?
/culture-amp-vs-peoplefluent-for-scaleups/,Culture Amp vs PeopleFluent for Scaleups: Growth Plans & Feature Set,Culture Amp vs PeopleFluent: Which Performance Tool Wins for Scaleups?
/culture-amp-vs-peoplefluent-for-startups/,"Culture Amp vs PeopleFluent for Startups: Pricing, Features & Onboarding",Culture Amp vs PeopleFluent: Which Performance Tool Wins for Startups?
/culture-amp-vs-peoplefluent/,"Culture Amp vs PeopleFluent (Performance 2026): Reviews, OKRs & Pricing",Culture Amp vs PeopleFluent Review: Global Performance Breakdown
/culture-amp-vs-performyard-for-enterprise/,Redirecting to: /performyard-vs-culture-amp-for-enterprise/,
/culture-amp-vs-performyard-for-people-ops/,Redirecting to: /performyard-vs-culture-amp-for-people-ops/,
/culture-amp-vs-performyard-for-remote-teams/,Redirecting to: /performyard-vs-culture-amp-for-remote-teams/,
/culture-amp-vs-performyard-for-scaleups/,Redirecting to: /performyard-vs-culture-amp-for-scaleups/,
/culture-amp-vs-performyard-for-startups/,Redirecting to: /performyard-vs-culture-amp-for-startups/,
/culture-amp-vs-performyard/,Redirecting to: /performyard-vs-culture-amp/,
/deel-vs-gusto-for-agencies/,Deel vs Gusto for Agencies (2026): Client Management & Billing,Deel vs Gusto: Which Payroll Tool Wins for Agencies?
/deel-vs-gusto-for-scaleups/,Deel vs Gusto for Scaleups (2026): Growth Plans & Feature Set,Deel vs Gusto: Which Payroll Tool Wins for Scaleups?
/deel-vs-gusto-for-startups/,"Deel vs Gusto for Startups (2026): Pricing, Features & Onboarding",Deel vs Gusto: Which Payroll Tool Wins for Startups?
/deel-vs-gusto-for-us-latam/,"Deel vs Gusto for US & LATAM (2026): Coverage, FX & Local Payroll",Deel vs Gusto: Which Payroll Tool Wins for US & LATAM?
/deel-vs-gusto-for-web3-crypto/,Deel vs Gusto for Web3 & Crypto (2026): Contractor Payouts & Compliance,Deel vs Gusto: Which Payroll Tool Wins for Web3 & Crypto?
/deel-vs-gusto/,"Deel vs Gusto (Payroll 2026): Features, Pricing & Review",Deel vs Gusto Review: Global Payroll Breakdown
/deel-vs-multiplier-for-agencies/,Deel vs Multiplier for Agencies (2026): Client Management & Billing,Deel vs Multiplier: Which Payroll Tool Wins for Agencies?
/deel-vs-multiplier-for-scaleups/,Deel vs Multiplier for Scaleups (2026): Growth Plans & Feature Set,Deel vs Multiplier: Which Payroll Tool Wins for Scaleups?
/deel-vs-multiplier-for-startups/,"Deel vs Multiplier for Startups (2026): Pricing, Features & Onboarding",Deel vs Multiplier: Which Payroll Tool Wins for Startups?
/deel-vs-multiplier-for-us-latam/,"Deel vs Multiplier for US & LATAM (2026): Coverage, FX & Local Payroll",Deel vs Multiplier: Which Payroll Tool Wins for US & LATAM?
/deel-vs-multiplier-for-web3-crypto/,Deel vs Multiplier for Web3 & Crypto: Contractor Payouts & Compliance,Deel vs Multiplier: Which Payroll Tool Wins for Web3 & Crypto?
/deel-vs-multiplier/,"Deel vs Multiplier (Payroll 2026): Features, Pricing & Review",Deel vs Multiplier Review: Global Payroll Breakdown
/deel-vs-oyster-hr-for-agencies/,Deel vs Oyster HR for Agencies (2026): Client Management & Billing,Deel vs Oyster HR: Which Payroll Tool Wins for Agencies?
/deel-vs-oyster-hr-for-scaleups/,Deel vs Oyster HR for Scaleups (2026): Growth Plans & Feature Set,Deel vs Oyster HR: Which Payroll Tool Wins for Scaleups?
/deel-vs-oyster-hr-for-startups/,"Deel vs Oyster HR for Startups (2026): Pricing, Features & Onboarding",Deel vs Oyster HR: Which Payroll Tool Wins for Startups?
/deel-vs-oyster-hr-for-us-latam/,"Deel vs Oyster HR for US & LATAM (2026): Coverage, FX & Local Payroll",Deel vs Oyster HR: Which Payroll Tool Wins for US & LATAM?
/deel-vs-oyster-hr-for-web3-crypto/,Deel vs Oyster HR for Web3 & Crypto: Contractor Payouts & Compliance,Deel vs Oyster HR: Which Payroll Tool Wins for Web3 & Crypto?
/deel-vs-oyster-hr/,"Deel vs Oyster HR (Payroll 2026): Features, Pricing & Review",Deel vs Oyster HR Review: Global Payroll Breakdown
/deel-vs-papaya-global-for-agencies/,Deel vs Papaya Global for Agencies (2026): Client Management & Billing,Deel vs Papaya Global: Which Payroll Tool Wins for Agencies?
/deel-vs-papaya-global-for-scaleups/,Deel vs Papaya Global for Scaleups (2026): Growth Plans & Feature Set,Deel vs Papaya Global: Which Payroll Tool Wins for Scaleups?
/deel-vs-papaya-global-for-startups/,"Deel vs Papaya Global for Startups: Pricing, Features & Onboarding",Deel vs Papaya Global: Which Payroll Tool Wins for Startups?
/deel-vs-papaya-global-for-us-latam/,"Deel vs Papaya Global for US & LATAM: Coverage, FX & Local Payroll",Deel vs Papaya Global: Which Payroll Tool Wins for US & LATAM?
/deel-vs-papaya-global-for-web3-crypto/,Deel vs Papaya Global for Web3 & Crypto: Contractor Payouts & Compliance,Deel vs Papaya Global: Which Payroll Tool Wins for Web3 & Crypto?
/deel-vs-papaya-global/,"Deel vs Papaya Global (Payroll 2026): Features, Pricing & Review",Deel vs Papaya Global Review: Global Payroll Breakdown
/deel-vs-payoneer-workforce-management-for-agencies/,Deel vs Payoneer for Agencies (2026): Client Management & Billing,Deel vs Payoneer: Which Payroll Tool Wins for Agencies?
/deel-vs-payoneer-workforce-management-for-scaleups/,Deel vs Payoneer for Scaleups (2026): Growth Plans & Feature Set,Deel vs Payoneer: Which Payroll Tool Wins for Scaleups?
/deel-vs-payoneer-workforce-management-for-startups/,"Deel vs Payoneer for Startups (2026): Pricing, Features & Onboarding",Deel vs Payoneer: Which Payroll Tool Wins for Startups?
/deel-vs-payoneer-workforce-management-for-us-latam/,"Deel vs Payoneer for US & LATAM (2026): Coverage, FX & Local Payroll",Deel vs Payoneer: Which Payroll Tool Wins for US & LATAM?
/deel-vs-payoneer-workforce-management-for-web3-crypto/,Deel vs Payoneer for Web3 & Crypto: Contractor Payouts & Compliance,Deel vs Payoneer: Which Payroll Tool Wins for Web3 & Crypto?
/deel-vs-payoneer-workforce-management/,"Deel vs Payoneer (Payroll 2026): Features, Pricing & Review",Deel vs Payoneer Review: Global Payroll Breakdown
/deel-vs-plane-for-agencies/,Deel vs Plane for Agencies (2026): Client Management & Billing,Deel vs Plane: Which Payroll Tool Wins for Agencies?
/deel-vs-plane-for-scaleups/,Deel vs Plane for Scaleups (2026): Growth Plans & Feature Set,Deel vs Plane: Which Payroll Tool Wins for Scaleups?
/deel-vs-plane-for-startups/,"Deel vs Plane for Startups (2026): Pricing, Features & Onboarding",Deel vs Plane: Which Payroll Tool Wins for Startups?
/deel-vs-plane-for-us-latam/,"Deel vs Plane for US & LATAM (2026): Coverage, FX & Local Payroll",Deel vs Plane: Which Payroll Tool Wins for US & LATAM?
/deel-vs-plane-for-web3-crypto/,Deel vs Plane for Web3 & Crypto (2026): Contractor Payouts & Compliance,Deel vs Plane: Which Payroll Tool Wins for Web3 & Crypto?
/deel-vs-plane/,"Deel vs Plane (Payroll 2026): Features, Pricing & Review",Deel vs Plane Review: Global Payroll Breakdown
/deel-vs-remote-for-agencies/,Deel vs Remote for Agencies (2026): Client Management & Billing,Deel vs Remote: Which Payroll Tool Wins for Agencies?
/deel-vs-remote-for-scaleups/,Deel vs Remote for Scaleups (2026): Growth Plans & Feature Set,Deel vs Remote: Which Payroll Tool Wins for Scaleups?
/deel-vs-remote-for-startups/,"Deel vs Remote for Startups (2026): Pricing, Features & Onboarding",Deel vs Remote: Which Payroll Tool Wins for Startups?
/deel-vs-remote-for-us-latam/,"Deel vs Remote for US & LATAM (2026): Coverage, FX & Local Payroll",Deel vs Remote: Which Payroll Tool Wins for US & LATAM?
/deel-vs-remote-for-web3-crypto/,Deel vs Remote for Web3 & Crypto (2026): Contractor Payouts & Compliance,Deel vs Remote: Which Payroll Tool Wins for Web3 & Crypto?
/deel-vs-remote/,"Deel vs Remote (Payroll 2026): Features, Pricing & Review",Deel vs Remote Review: Global Payroll Breakdown
/deel-vs-rippling-for-agencies/,Deel vs Rippling for Agencies (2026): Client Management & Billing,Deel vs Rippling: Which Payroll Tool Wins for Agencies?
/deel-vs-rippling-for-scaleups/,Deel vs Rippling for Scaleups (2026): Growth Plans & Feature Set,Deel vs Rippling: Which Payroll Tool Wins for Scaleups?
/deel-vs-rippling-for-startups/,"Deel vs Rippling for Startups (2026): Pricing, Features & Onboarding",Deel vs Rippling: Which Payroll Tool Wins for Startups?
/deel-vs-rippling-for-us-latam/,"Deel vs Rippling for US & LATAM (2026): Coverage, FX & Local Payroll",Deel vs Rippling: Which Payroll Tool Wins for US & LATAM?
/deel-vs-rippling-for-web3-crypto/,Deel vs Rippling for Web3 & Crypto: Contractor Payouts & Compliance,Deel vs Rippling: Which Payroll Tool Wins for Web3 & Crypto?
/deel-vs-rippling/,"Deel vs Rippling (Payroll 2026): Features, Pricing & Review",Deel vs Rippling Review: Global Payroll Breakdown
/global-payroll-eor/,Global Payroll & EOR Platforms — The HR Stack Guide,Compare Global Payroll & EOR Platforms
/go/ashby/,Redirecting...,
/go/bamboohr-ats/,Redirecting...,
/go/breezy-hr/,Redirecting...,
/go/deel/,Redirecting...,
/go/gusto/,Redirecting...,
/go/lattice/,Redirecting...,
/go/multiplier/,Redirecting...,
/go/papaya-global/,Redirecting...,
/go/payoneer-workforce-management/,Redirecting...,
/go/recruitee/,Redirecting...,
/go/remote/,Redirecting...,
/greenhouse-vs-ashby-for-agencies/,Redirecting to: /ashby-vs-greenhouse-for-agencies/,
/greenhouse-vs-ashby-for-enterprise/,Redirecting to: /ashby-vs-greenhouse-for-enterprise/,
/greenhouse-vs-ashby-for-remote-teams/,Redirecting to: /ashby-vs-greenhouse-for-remote-teams/,
/greenhouse-vs-ashby-for-scaleups/,Redirecting to: /ashby-vs-greenhouse-for-scaleups/,
/greenhouse-vs-ashby-for-startups/,Redirecting to: /ashby-vs-greenhouse-for-startups/,
/greenhouse-vs-ashby/,Redirecting to: /ashby-vs-greenhouse/,
/greenhouse-vs-bamboohr-ats-for-agencies/,Greenhouse vs BambooHR for Agencies (2026): Client Management & Billing,Greenhouse vs BambooHR: Which ATS Tool Wins for Agencies?
/greenhouse-vs-bamboohr-ats-for-enterprise/,"Greenhouse vs BambooHR for Enterprise (2026): Security, Scale & Pricing",Greenhouse vs BambooHR: Which ATS Tool Wins for Enterprise?
/greenhouse-vs-bamboohr-ats-for-remote-teams/,Greenhouse vs BambooHR for Remote Teams: Async Workflows & Compliance,Greenhouse vs BambooHR: Which ATS Tool Wins for Remote Teams?
/greenhouse-vs-bamboohr-ats-for-scaleups/,Greenhouse vs BambooHR for Scaleups (2026): Growth Plans & Feature Set,Greenhouse vs BambooHR: Which ATS Tool Wins for Scaleups?
/greenhouse-vs-bamboohr-ats-for-startups/,"Greenhouse vs BambooHR for Startups: Pricing, Features & Onboarding",Greenhouse vs BambooHR: Which ATS Tool Wins for Startups?
/greenhouse-vs-bamboohr-ats/,Greenhouse vs BambooHR (ATS 2026): Hiring Features & Pricing,Greenhouse vs BambooHR Review: Global ATS Breakdown
/greenhouse-vs-breezy-hr-for-agencies/,Greenhouse vs Breezy for Agencies (2026): Client Management & Billing,Greenhouse vs Breezy: Which ATS Tool Wins for Agencies?
/greenhouse-vs-breezy-hr-for-enterprise/,"Greenhouse vs Breezy for Enterprise (2026): Security, Scale & Pricing",Greenhouse vs Breezy: Which ATS Tool Wins for Enterprise?
/greenhouse-vs-breezy-hr-for-remote-teams/,Greenhouse vs Breezy for Remote Teams: Async Workflows & Compliance,Greenhouse vs Breezy: Which ATS Tool Wins for Remote Teams?
/greenhouse-vs-breezy-hr-for-scaleups/,Greenhouse vs Breezy for Scaleups (2026): Growth Plans & Feature Set,Greenhouse vs Breezy: Which ATS Tool Wins for Scaleups?
/greenhouse-vs-breezy-hr-for-startups/,"Greenhouse vs Breezy for Startups (2026): Pricing, Features & Onboarding",Greenhouse vs Breezy: Which ATS Tool Wins for Startups?
/greenhouse-vs-breezy-hr/,Greenhouse vs Breezy (ATS 2026): Hiring Features & Pricing,Greenhouse vs Breezy Review: Global ATS Breakdown
/greenhouse-vs-jazzhr-for-agencies/,Greenhouse vs JazzHR for Agencies (2026): Client Management & Billing,Greenhouse vs JazzHR: Which ATS Tool Wins for Agencies?
/greenhouse-vs-jazzhr-for-enterprise/,"Greenhouse vs JazzHR for Enterprise (2026): Security, Scale & Pricing",Greenhouse vs JazzHR: Which ATS Tool Wins for Enterprise?
/greenhouse-vs-jazzhr-for-remote-teams/,Greenhouse vs JazzHR for Remote Teams: Async Workflows & Compliance,Greenhouse vs JazzHR: Which ATS Tool Wins for Remote Teams?
/greenhouse-vs-jazzhr-for-scaleups/,Greenhouse vs JazzHR for Scaleups (2026): Growth Plans & Feature Set,Greenhouse vs JazzHR: Which ATS Tool Wins for Scaleups?
/greenhouse-vs-jazzhr-for-startups/,"Greenhouse vs JazzHR for Startups (2026): Pricing, Features & Onboarding",Greenhouse vs JazzHR: Which ATS Tool Wins for Startups?
/greenhouse-vs-jazzhr/,Greenhouse vs JazzHR (ATS 2026): Hiring Features & Pricing,Greenhouse vs JazzHR Review: Global ATS Breakdown
/greenhouse-vs-lever-for-agencies/,Greenhouse vs Lever for Agencies (2026): Client Management & Billing,Greenhouse vs Lever: Which ATS Tool Wins for Agencies?
/greenhouse-vs-lever-for-enterprise/,"Greenhouse vs Lever for Enterprise (2026): Security, Scale & Pricing",Greenhouse vs Lever: Which ATS Tool Wins for Enterprise?
/greenhouse-vs-lever-for-remote-teams/,Greenhouse vs Lever for Remote Teams: Async Workflows & Compliance,Greenhouse vs Lever: Which ATS Tool Wins for Remote Teams?
/greenhouse-vs-lever-for-scaleups/,Greenhouse vs Lever for Scaleups (2026): Growth Plans & Feature Set,Greenhouse vs Lever: Which ATS Tool Wins for Scaleups?
/greenhouse-vs-lever-for-startups/,"Greenhouse vs Lever for Startups (2026): Pricing, Features & Onboarding",Greenhouse vs Lever: Which ATS Tool Wins for Startups?
/greenhouse-vs-lever/,Greenhouse vs Lever (ATS 2026): Hiring Features & Pricing,Greenhouse vs Lever Review: Global ATS Breakdown
/greenhouse-vs-recruitee-for-agencies/,Greenhouse vs Recruitee for Agencies (2026): Client Management & Billing,Greenhouse vs Recruitee: Which ATS Tool Wins for Agencies?
/greenhouse-vs-recruitee-for-enterprise/,"Greenhouse vs Recruitee for Enterprise (2026): Security, Scale & Pricing",Greenhouse vs Recruitee: Which ATS Tool Wins for Enterprise?
/greenhouse-vs-recruitee-for-remote-teams/,Greenhouse vs Recruitee for Remote Teams: Async Workflows & Compliance,Greenhouse vs Recruitee: Which ATS Tool Wins for Remote Teams?
/greenhouse-vs-recruitee-for-scaleups/,Greenhouse vs Recruitee for Scaleups (2026): Growth Plans & Feature Set,Greenhouse vs Recruitee: Which ATS Tool Wins for Scaleups?
/greenhouse-vs-recruitee-for-startups/,"Greenhouse vs Recruitee for Startups: Pricing, Features & Onboarding",Greenhouse vs Recruitee: Which ATS Tool Wins for Startups?
/greenhouse-vs-recruitee/,Greenhouse vs Recruitee (ATS 2026): Hiring Features & Pricing,Greenhouse vs Recruitee Review: Global ATS Breakdown
/greenhouse-vs-workable-for-agencies/,Greenhouse vs Workable for Agencies (2026): Client Management & Billing,Greenhouse vs Workable: Which ATS Tool Wins for Agencies?
/greenhouse-vs-workable-for-enterprise/,"Greenhouse vs Workable for Enterprise (2026): Security, Scale & Pricing",Greenhouse vs Workable: Which ATS Tool Wins for Enterprise?
/greenhouse-vs-workable-for-remote-teams/,Greenhouse vs Workable for Remote Teams: Async Workflows & Compliance,Greenhouse vs Workable: Which ATS Tool Wins for Remote Teams?
/greenhouse-vs-workable-for-scaleups/,Greenhouse vs Workable for Scaleups (2026): Growth Plans & Feature Set,Greenhouse vs Workable: Which ATS Tool Wins for Scaleups?
/greenhouse-vs-workable-for-startups/,"Greenhouse vs Workable for Startups: Pricing, Features & Onboarding",Greenhouse vs Workable: Which ATS Tool Wins for Startups?
/greenhouse-vs-workable/,Greenhouse vs Workable (ATS 2026): Hiring Features & Pricing,Greenhouse vs Workable Review: Global ATS Breakdown
/gusto-vs-deel-for-agencies/,Redirecting to: /deel-vs-gusto-for-agencies/,
/gusto-vs-deel-for-scaleups/,Redirecting to: /deel-vs-gusto-for-scaleups/,
/gusto-vs-deel-for-startups/,Redirecting to: /deel-vs-gusto-for-startups/,
/gusto-vs-deel-for-us-latam/,Redirecting to: /deel-vs-gusto-for-us-latam/,
/gusto-vs-deel-for-web3-crypto/,Redirecting to: /deel-vs-gusto-for-web3-crypto/,
/gusto-vs-deel/,Redirecting to: /deel-vs-gusto/,
/gusto-vs-multiplier-for-agencies/,Gusto vs Multiplier for Agencies (2026): Client Management & Billing,Gusto vs Multiplier: Which Payroll Tool Wins for Agencies?
/gusto-vs-multiplier-for-scaleups/,Gusto vs Multiplier for Scaleups (2026): Growth Plans & Feature Set,Gusto vs Multiplier: Which Payroll Tool Wins for Scaleups?
/gusto-vs-multiplier-for-startups/,"Gusto vs Multiplier for Startups (2026): Pricing, Features & Onboarding",Gusto vs Multiplier: Which Payroll Tool Wins for Startups?
/gusto-vs-multiplier-for-us-latam/,"Gusto vs Multiplier for US & LATAM (2026): Coverage, FX & Local Payroll",Gusto vs Multiplier: Which Payroll Tool Wins for US & LATAM?
/gusto-vs-multiplier-for-web3-crypto/,Gusto vs Multiplier for Web3 & Crypto: Contractor Payouts & Compliance,Gusto vs Multiplier: Which Payroll Tool Wins for Web3 & Crypto?
/gusto-vs-multiplier/,"Gusto vs Multiplier (Payroll 2026): Features, Pricing & Review",Gusto vs Multiplier Review: Global Payroll Breakdown
/gusto-vs-oyster-hr-for-agencies/,Redirecting to: /oyster-hr-vs-gusto-for-agencies/,
/gusto-vs-oyster-hr-for-scaleups/,Redirecting to: /oyster-hr-vs-gusto-for-scaleups/,
/gusto-vs-oyster-hr-for-startups/,Redirecting to: /oyster-hr-vs-gusto-for-startups/,
/gusto-vs-oyster-hr-for-us-latam/,Redirecting to: /oyster-hr-vs-gusto-for-us-latam/,
/gusto-vs-oyster-hr-for-web3-crypto/,Redirecting to: /oyster-hr-vs-gusto-for-web3-crypto/,
/gusto-vs-oyster-hr/,Redirecting to: /oyster-hr-vs-gusto/,
/gusto-vs-papaya-global-for-agencies/,Gusto vs Papaya Global for Agencies (2026): Client Management & Billing,Gusto vs Papaya Global: Which Payroll Tool Wins for Agencies?
/gusto-vs-papaya-global-for-scaleups/,Gusto vs Papaya Global for Scaleups (2026): Growth Plans & Feature Set,Gusto vs Papaya Global: Which Payroll Tool Wins for Scaleups?
/gusto-vs-papaya-global-for-startups/,"Gusto vs Papaya Global for Startups: Pricing, Features & Onboarding",Gusto vs Papaya Global: Which Payroll Tool Wins for Startups?
/gusto-vs-papaya-global-for-us-latam/,"Gusto vs Papaya Global for US & LATAM: Coverage, FX & Local Payroll",Gusto vs Papaya Global: Which Payroll Tool Wins for US & LATAM?
/gusto-vs-papaya-global-for-web3-crypto/,Gusto vs Papaya Global for Web3 & Crypto (2026),Gusto vs Papaya Global: Which Payroll Tool Wins for Web3 & Crypto?
/gusto-vs-papaya-global/,"Gusto vs Papaya Global (Payroll 2026): Features, Pricing & Review",Gusto vs Papaya Global Review: Global Payroll Breakdown
/gusto-vs-payoneer-workforce-management-for-agencies/,Gusto vs Payoneer for Agencies (2026): Client Management & Billing,Gusto vs Payoneer: Which Payroll Tool Wins for Agencies?
/gusto-vs-payoneer-workforce-management-for-scaleups/,Gusto vs Payoneer for Scaleups (2026): Growth Plans & Feature Set,Gusto vs Payoneer: Which Payroll Tool Wins for Scaleups?
/gusto-vs-payoneer-workforce-management-for-startups/,"Gusto vs Payoneer for Startups (2026): Pricing, Features & Onboarding",Gusto vs Payoneer: Which Payroll Tool Wins for Startups?
/gusto-vs-payoneer-workforce-management-for-us-latam/,"Gusto vs Payoneer for US & LATAM (2026): Coverage, FX & Local Payroll",Gusto vs Payoneer: Which Payroll Tool Wins for US & LATAM?
/gusto-vs-payoneer-workforce-management-for-web3-crypto/,Gusto vs Payoneer for Web3 & Crypto: Contractor Payouts & Compliance,Gusto vs Payoneer: Which Payroll Tool Wins for Web3 & Crypto?
/gusto-vs-payoneer-workforce-management/,"Gusto vs Payoneer (Payroll 2026): Features, Pricing & Review",Gusto vs Payoneer Review: Global Payroll Breakdown
/gusto-vs-plane-for-agencies/,Gusto vs Plane for Agencies (2026): Client Management & Billing,Gusto vs Plane: Which Payroll Tool Wins for Agencies?
/gusto-vs-plane-for-scaleups/,Gusto vs Plane for Scaleups (2026): Growth Plans & Feature Set,Gusto vs Plane: Which Payroll Tool Wins for Scaleups?
/gusto-vs-plane-for-startups/,"Gusto vs Plane for Startups (2026): Pricing, Features & Onboarding",Gusto vs Plane: Which Payroll Tool Wins for Startups?
/gusto-vs-plane-for-us-latam/,"Gusto vs Plane for US & LATAM (2026): Coverage, FX & Local Payroll",Gusto vs Plane: Which Payroll Tool Wins for US & LATAM?
/gusto-vs-plane-for-web3-crypto/,Gusto vs Plane for Web3 & Crypto (2026): Contractor Payouts & Compliance,Gusto vs Plane: Which Payroll Tool Wins for Web3 & Crypto?
/gusto-vs-plane/,"Gusto vs Plane (Payroll 2026): Features, Pricing & Review",Gusto vs Plane Review: Global Payroll Breakdown
/gusto-vs-remote-for-agencies/,Redirecting to: /remote-vs-gusto-for-agencies/,
/gusto-vs-remote-for-scaleups/,Redirecting to: /remote-vs-gusto-for-scaleups/,
/gusto-vs-remote-for-startups/,Redirecting to: /remote-vs-gusto-for-startups/,
/gusto-vs-remote-for-us-latam/,Redirecting to: /remote-vs-gusto-for-us-latam/,
/gusto-vs-remote-for-web3-crypto/,Redirecting to: /remote-vs-gusto-for-web3-crypto/,
/gusto-vs-remote/,Redirecting to: /remote-vs-gusto/,
/gusto-vs-rippling-for-agencies/,Redirecting to: /rippling-vs-gusto-for-agencies/,
/gusto-vs-rippling-for-scaleups/,Redirecting to: /rippling-vs-gusto-for-scaleups/,
/gusto-vs-rippling-for-startups/,Redirecting to: /rippling-vs-gusto-for-startups/,
/gusto-vs-rippling-for-us-latam/,Redirecting to: /rippling-vs-gusto-for-us-latam/,
/gusto-vs-rippling-for-web3-crypto/,Redirecting to: /rippling-vs-gusto-for-web3-crypto/,
/gusto-vs-rippling/,Redirecting to: /rippling-vs-gusto/,
/how-to-build-an-hr-tech-stack/,How to Build an HR Tech Stack (2026 Guide) | The HR Stack Guide,How to Build an HR Tech Stack (2026 Guide)
/jazzhr-vs-ashby-for-agencies/,Redirecting to: /ashby-vs-jazzhr-for-agencies/,
/jazzhr-vs-ashby-for-enterprise/,Redirecting to: /ashby-vs-jazzhr-for-enterprise/,
/jazzhr-vs-ashby-for-remote-teams/,Redirecting to: /ashby-vs-jazzhr-for-remote-teams/,
/jazzhr-vs-ashby-for-scaleups/,Redirecting to: /ashby-vs-jazzhr-for-scaleups/,
/jazzhr-vs-ashby-for-startups/,Redirecting to: /ashby-vs-jazzhr-for-startups/,
/jazzhr-vs-ashby/,Redirecting to: /ashby-vs-jazzhr/,
/jazzhr-vs-bamboohr-ats-for-agencies/,JazzHR vs BambooHR for Agencies (2026): Client Management & Billing,JazzHR vs BambooHR: Which ATS Tool Wins for Agencies?
/jazzhr-vs-bamboohr-ats-for-enterprise/,"JazzHR vs BambooHR for Enterprise (2026): Security, Scale & Pricing",JazzHR vs BambooHR: Which ATS Tool Wins for Enterprise?
/jazzhr-vs-bamboohr-ats-for-remote-teams/,JazzHR vs BambooHR for Remote Teams (2026): Async Workflows & Compliance,JazzHR vs BambooHR: Which ATS Tool Wins for Remote Teams?
/jazzhr-vs-bamboohr-ats-for-scaleups/,JazzHR vs BambooHR for Scaleups (2026): Growth Plans & Feature Set,JazzHR vs BambooHR: Which ATS Tool Wins for Scaleups?
/jazzhr-vs-bamboohr-ats-for-startups/,"JazzHR vs BambooHR for Startups (2026): Pricing, Features & Onboarding",JazzHR vs BambooHR: Which ATS Tool Wins for Startups?
/jazzhr-vs-bamboohr-ats/,JazzHR vs BambooHR (ATS 2026): Hiring Features & Pricing,JazzHR vs BambooHR Review: Global ATS Breakdown
/jazzhr-vs-breezy-hr-for-agencies/,Redirecting to: /breezy-hr-vs-jazzhr-for-agencies/,
/jazzhr-vs-breezy-hr-for-enterprise/,Redirecting to: /breezy-hr-vs-jazzhr-for-enterprise/,
/jazzhr-vs-breezy-hr-for-remote-teams/,Redirecting to: /breezy-hr-vs-jazzhr-for-remote-teams/,
/jazzhr-vs-breezy-hr-for-scaleups/,Redirecting to: /breezy-hr-vs-jazzhr-for-scaleups/,
/jazzhr-vs-breezy-hr-for-startups/,Redirecting to: /breezy-hr-vs-jazzhr-for-startups/,
/jazzhr-vs-breezy-hr/,Redirecting to: /breezy-hr-vs-jazzhr/,
/jazzhr-vs-greenhouse-for-agencies/,Redirecting to: /greenhouse-vs-jazzhr-for-agencies/,
/jazzhr-vs-greenhouse-for-enterprise/,Redirecting to: /greenhouse-vs-jazzhr-for-enterprise/,
/jazzhr-vs-greenhouse-for-remote-teams/,Redirecting to: /greenhouse-vs-jazzhr-for-remote-teams/,
/jazzhr-vs-greenhouse-for-scaleups/,Redirecting to: /greenhouse-vs-jazzhr-for-scaleups/,
/jazzhr-vs-greenhouse-for-startups/,Redirecting to: /greenhouse-vs-jazzhr-for-startups/,
/jazzhr-vs-greenhouse/,Redirecting to: /greenhouse-vs-jazzhr/,
/jazzhr-vs-lever-for-agencies/,Redirecting to: /lever-vs-jazzhr-for-agencies/,
/jazzhr-vs-lever-for-enterprise/,Redirecting to: /lever-vs-jazzhr-for-enterprise/,
/jazzhr-vs-lever-for-remote-teams/,Redirecting to: /lever-vs-jazzhr-for-remote-teams/,
/jazzhr-vs-lever-for-scaleups/,Redirecting to: /lever-vs-jazzhr-for-scaleups/,
/jazzhr-vs-lever-for-startups/,Redirecting to: /lever-vs-jazzhr-for-startups/,
/jazzhr-vs-lever/,Redirecting to: /lever-vs-jazzhr/,
/jazzhr-vs-recruitee-for-agencies/,JazzHR vs Recruitee for Agencies (2026): Client Management & Billing,JazzHR vs Recruitee: Which ATS Tool Wins for Agencies?
/jazzhr-vs-recruitee-for-enterprise/,"JazzHR vs Recruitee for Enterprise (2026): Security, Scale & Pricing",JazzHR vs Recruitee: Which ATS Tool Wins for Enterprise?
/jazzhr-vs-recruitee-for-remote-teams/,JazzHR vs Recruitee for Remote Teams: Async Workflows & Compliance,JazzHR vs Recruitee: Which ATS Tool Wins for Remote Teams?
/jazzhr-vs-recruitee-for-scaleups/,JazzHR vs Recruitee for Scaleups (2026): Growth Plans & Feature Set,JazzHR vs Recruitee: Which ATS Tool Wins for Scaleups?
/jazzhr-vs-recruitee-for-startups/,"JazzHR vs Recruitee for Startups (2026): Pricing, Features & Onboarding",JazzHR vs Recruitee: Which ATS Tool Wins for Startups?
/jazzhr-vs-recruitee/,JazzHR vs Recruitee (ATS 2026): Hiring Features & Pricing,JazzHR vs Recruitee Review: Global ATS Breakdown
/jazzhr-vs-workable-for-agencies/,Redirecting to: /workable-vs-jazzhr-for-agencies/,
/jazzhr-vs-workable-for-enterprise/,Redirecting to: /workable-vs-jazzhr-for-enterprise/,
/jazzhr-vs-workable-for-remote-teams/,Redirecting to: /workable-vs-jazzhr-for-remote-teams/,
/jazzhr-vs-workable-for-scaleups/,Redirecting to: /workable-vs-jazzhr-for-scaleups/,
/jazzhr-vs-workable-for-startups/,Redirecting to: /workable-vs-jazzhr-for-startups/,
/jazzhr-vs-workable/,Redirecting to: /workable-vs-jazzhr/,
/lattice-vs-15five-for-enterprise/,Redirecting to: /15five-vs-lattice-for-enterprise/,
/lattice-vs-15five-for-people-ops/,Redirecting to: /15five-vs-lattice-for-people-ops/,
/lattice-vs-15five-for-remote-teams/,Redirecting to: /15five-vs-lattice-for-remote-teams/,
/lattice-vs-15five-for-scaleups/,Redirecting to: /15five-vs-lattice-for-scaleups/,
/lattice-vs-15five-for-startups/,Redirecting to: /15five-vs-lattice-for-startups/,
/lattice-vs-15five/,Redirecting to: /15five-vs-lattice/,
/lattice-vs-clearcompany-for-enterprise/,"Lattice vs ClearCo for Enterprise (2026): Security, Scale & Pricing",Lattice vs ClearCo: Which Performance Tool Wins for Enterprise?
/lattice-vs-clearcompany-for-people-ops/,Lattice vs ClearCo for People Ops (2026): HRIS Integration & UX,Lattice vs ClearCo: Which Performance Tool Wins for People Ops?
/lattice-vs-clearcompany-for-remote-teams/,Lattice vs ClearCo for Remote Teams (2026): Async Workflows & Compliance,Lattice vs ClearCo: Which Performance Tool Wins for Remote Teams?
/lattice-vs-clearcompany-for-scaleups/,Lattice vs ClearCo for Scaleups (2026): Growth Plans & Feature Set,Lattice vs ClearCo: Which Performance Tool Wins for Scaleups?
/lattice-vs-clearcompany-for-startups/,"Lattice vs ClearCo for Startups (2026): Pricing, Features & Onboarding",Lattice vs ClearCo: Which Performance Tool Wins for Startups?
/lattice-vs-clearcompany/,"Lattice vs ClearCo (Performance 2026): Reviews, OKRs & Pricing",Lattice vs ClearCo Review: Global Performance Breakdown
/lattice-vs-culture-amp-for-enterprise/,"Lattice vs Culture Amp for Enterprise (2026): Security, Scale & Pricing",Lattice vs Culture Amp: Which Performance Tool Wins for Enterprise?
/lattice-vs-culture-amp-for-people-ops/,Lattice vs Culture Amp for People Ops (2026): HRIS Integration & UX,Lattice vs Culture Amp: Which Performance Tool Wins for People Ops?
/lattice-vs-culture-amp-for-remote-teams/,Lattice vs Culture Amp for Remote Teams: Async Workflows & Compliance,Lattice vs Culture Amp: Which Performance Tool Wins for Remote Teams?
/lattice-vs-culture-amp-for-scaleups/,Lattice vs Culture Amp for Scaleups (2026): Growth Plans & Feature Set,Lattice vs Culture Amp: Which Performance Tool Wins for Scaleups?
/lattice-vs-culture-amp-for-startups/,"Lattice vs Culture Amp for Startups: Pricing, Features & Onboarding",Lattice vs Culture Amp: Which Performance Tool Wins for Startups?
/lattice-vs-culture-amp/,"Lattice vs Culture Amp (Performance 2026): Reviews, OKRs & Pricing",Lattice vs Culture Amp Review: Global Performance Breakdown
/lattice-vs-leapsome-for-enterprise/,Redirecting to: /leapsome-vs-lattice-for-enterprise/,
/lattice-vs-leapsome-for-people-ops/,Redirecting to: /leapsome-vs-lattice-for-people-ops/,
/lattice-vs-leapsome-for-remote-teams/,Redirecting to: /leapsome-vs-lattice-for-remote-teams/,
/lattice-vs-leapsome-for-scaleups/,Redirecting to: /leapsome-vs-lattice-for-scaleups/,
/lattice-vs-leapsome-for-startups/,Redirecting to: /leapsome-vs-lattice-for-startups/,
/lattice-vs-leapsome/,Redirecting to: /leapsome-vs-lattice/,
/lattice-vs-peoplefluent-for-enterprise/,"Lattice vs PeopleFluent for Enterprise (2026): Security, Scale & Pricing",Lattice vs PeopleFluent: Which Performance Tool Wins for Enterprise?
/lattice-vs-peoplefluent-for-people-ops/,Lattice vs PeopleFluent for People Ops (2026): HRIS Integration & UX,Lattice vs PeopleFluent: Which Performance Tool Wins for People Ops?
/lattice-vs-peoplefluent-for-remote-teams/,Lattice vs PeopleFluent for Remote Teams: Async Workflows & Compliance,Lattice vs PeopleFluent: Which Performance Tool Wins for Remote Teams?
/lattice-vs-peoplefluent-for-scaleups/,Lattice vs PeopleFluent for Scaleups (2026): Growth Plans & Feature Set,Lattice vs PeopleFluent: Which Performance Tool Wins for Scaleups?
/lattice-vs-peoplefluent-for-startups/,"Lattice vs PeopleFluent for Startups: Pricing, Features & Onboarding",Lattice vs PeopleFluent: Which Performance Tool Wins for Startups?
/lattice-vs-peoplefluent/,"Lattice vs PeopleFluent (Performance 2026): Reviews, OKRs & Pricing",Lattice vs PeopleFluent Review: Global Performance Breakdown
/lattice-vs-performyard-for-enterprise/,Redirecting to: /performyard-vs-lattice-for-enterprise/,
/lattice-vs-performyard-for-people-ops/,Redirecting to: /performyard-vs-lattice-for-people-ops/,
/lattice-vs-performyard-for-remote-teams/,Redirecting to: /performyard-vs-lattice-for-remote-teams/,
/lattice-vs-performyard-for-scaleups/,Redirecting to: /performyard-vs-lattice-for-scaleups/,
/lattice-vs-performyard-for-startups/,Redirecting to: /performyard-vs-lattice-for-startups/,
/lattice-vs-performyard/,Redirecting to: /performyard-vs-lattice/,
/leapsome-vs-15five-for-enterprise/,Redirecting to: /15five-vs-leapsome-for-enterprise/,
/leapsome-vs-15five-for-people-ops/,Redirecting to: /15five-vs-leapsome-for-people-ops/,
/leapsome-vs-15five-for-remote-teams/,Redirecting to: /15five-vs-leapsome-for-remote-teams/,
/leapsome-vs-15five-for-scaleups/,Redirecting to: /15five-vs-leapsome-for-scaleups/,
/leapsome-vs-15five-for-startups/,Redirecting to: /15five-vs-leapsome-for-startups/,
/leapsome-vs-15five/,Redirecting to: /15five-vs-leapsome/,
/leapsome-vs-clearcompany-for-enterprise/,"Leapsome vs ClearCo for Enterprise (2026): Security, Scale & Pricing",Leapsome vs ClearCo: Which Performance Tool Wins for Enterprise?
/leapsome-vs-clearcompany-for-people-ops/,Leapsome vs ClearCo for People Ops (2026): HRIS Integration & UX,Leapsome vs ClearCo: Which Performance Tool Wins for People Ops?
/leapsome-vs-clearcompany-for-remote-teams/,Leapsome vs ClearCo for Remote Teams: Async Workflows & Compliance,Leapsome vs ClearCo: Which Performance Tool Wins for Remote Teams?
/leapsome-vs-clearcompany-for-scaleups/,Leapsome vs ClearCo for Scaleups (2026): Growth Plans & Feature Set,Leapsome vs ClearCo: Which Performance Tool Wins for Scaleups?
/leapsome-vs-clearcompany-for-startups/,"Leapsome vs ClearCo for Startups (2026): Pricing, Features & Onboarding",Leapsome vs ClearCo: Which Performance Tool Wins for Startups?
/leapsome-vs-clearcompany/,"Leapsome vs ClearCo (Performance 2026): Reviews, OKRs & Pricing",Leapsome vs ClearCo Review: Global Performance Breakdown
/leapsome-vs-culture-amp-for-enterprise/,"Leapsome vs Culture Amp for Enterprise (2026): Security, Scale & Pricing",Leapsome vs Culture Amp: Which Performance Tool Wins for Enterprise?
/leapsome-vs-culture-amp-for-people-ops/,Leapsome vs Culture Amp for People Ops (2026): HRIS Integration & UX,Leapsome vs Culture Amp: Which Performance Tool Wins for People Ops?
/leapsome-vs-culture-amp-for-remote-teams/,Leapsome vs Culture Amp for Remote Teams: Async Workflows & Compliance,Leapsome vs Culture Amp: Which Performance Tool Wins for Remote Teams?
/leapsome-vs-culture-amp-for-scaleups/,Leapsome vs Culture Amp for Scaleups (2026): Growth Plans & Feature Set,Leapsome vs Culture Amp: Which Performance Tool Wins for Scaleups?
/leapsome-vs-culture-amp-for-startups/,"Leapsome vs Culture Amp for Startups: Pricing, Features & Onboarding",Leapsome vs Culture Amp: Which Performance Tool Wins for Startups?
/leapsome-vs-culture-amp/,"Leapsome vs Culture Amp (Performance 2026): Reviews, OKRs & Pricing",Leapsome vs Culture Amp Review: Global Performance Breakdown
/leapsome-vs-lattice-for-enterprise/,"Leapsome vs Lattice for Enterprise (2026): Security, Scale & Pricing",Leapsome vs Lattice: Which Performance Tool Wins for Enterprise?
/leapsome-vs-lattice-for-people-ops/,Leapsome vs Lattice for People Ops (2026): HRIS Integration & UX,Leapsome vs Lattice: Which Performance Tool Wins for People Ops?
/leapsome-vs-lattice-for-remote-teams/,Leapsome vs Lattice for Remote Teams: Async Workflows & Compliance,Leapsome vs Lattice: Which Performance Tool Wins for Remote Teams?
/leapsome-vs-lattice-for-scaleups/,Leapsome vs Lattice for Scaleups (2026): Growth Plans & Feature Set,Leapsome vs Lattice: Which Performance Tool Wins for Scaleups?
/leapsome-vs-lattice-for-startups/,"Leapsome vs Lattice for Startups (2026): Pricing, Features & Onboarding",Leapsome vs Lattice: Which Performance Tool Wins for Startups?
/leapsome-vs-lattice/,"Leapsome vs Lattice (Performance 2026): Reviews, OKRs & Pricing",Leapsome vs Lattice Review: Global Performance Breakdown
/leapsome-vs-peoplefluent-for-enterprise/,"Leapsome vs PeopleFluent for Enterprise: Security, Scale & Pricing",Leapsome vs PeopleFluent: Which Performance Tool Wins for Enterprise?
/leapsome-vs-peoplefluent-for-people-ops/,Leapsome vs PeopleFluent for People Ops (2026): HRIS Integration & UX,Leapsome vs PeopleFluent: Which Performance Tool Wins for People Ops?
/leapsome-vs-peoplefluent-for-remote-teams/,Leapsome vs PeopleFluent for Remote Teams: Async Workflows & Compliance,Leapsome vs PeopleFluent: Which Performance Tool Wins for Remote Teams?
/leapsome-vs-peoplefluent-for-scaleups/,Leapsome vs PeopleFluent for Scaleups (2026): Growth Plans & Feature Set,Leapsome vs PeopleFluent: Which Performance Tool Wins for Scaleups?
/leapsome-vs-peoplefluent-for-startups/,"Leapsome vs PeopleFluent for Startups: Pricing, Features & Onboarding",Leapsome vs PeopleFluent: Which Performance Tool Wins for Startups?
/leapsome-vs-peoplefluent/,"Leapsome vs PeopleFluent (Performance 2026): Reviews, OKRs & Pricing",Leapsome vs PeopleFluent Review: Global Performance Breakdown
/leapsome-vs-performyard-for-enterprise/,Redirecting to: /performyard-vs-leapsome-for-enterprise/,
/leapsome-vs-performyard-for-people-ops/,Redirecting to: /performyard-vs-leapsome-for-people-ops/,
/leapsome-vs-performyard-for-remote-teams/,Redirecting to: /performyard-vs-leapsome-for-remote-teams/,
/leapsome-vs-performyard-for-scaleups/,Redirecting to: /performyard-vs-leapsome-for-scaleups/,
/leapsome-vs-performyard-for-startups/,Redirecting to: /performyard-vs-leapsome-for-startups/,
/leapsome-vs-performyard/,Redirecting to: /performyard-vs-leapsome/,
/lever-vs-ashby-for-agencies/,Redirecting to: /ashby-vs-lever-for-agencies/,
/lever-vs-ashby-for-enterprise/,Redirecting to: /ashby-vs-lever-for-enterprise/,
/lever-vs-ashby-for-remote-teams/,Redirecting to: /ashby-vs-lever-for-remote-teams/,
/lever-vs-ashby-for-scaleups/,Redirecting to: /ashby-vs-lever-for-scaleups/,
/lever-vs-ashby-for-startups/,Redirecting to: /ashby-vs-lever-for-startups/,
/lever-vs-ashby/,Redirecting to: /ashby-vs-lever/,
/lever-vs-bamboohr-ats-for-agencies/,Lever vs BambooHR for Agencies (2026): Client Management & Billing,Lever vs BambooHR: Which ATS Tool Wins for Agencies?
/lever-vs-bamboohr-ats-for-enterprise/,"Lever vs BambooHR for Enterprise (2026): Security, Scale & Pricing",Lever vs BambooHR: Which ATS Tool Wins for Enterprise?
/lever-vs-bamboohr-ats-for-remote-teams/,Lever vs BambooHR for Remote Teams (2026): Async Workflows & Compliance,Lever vs BambooHR: Which ATS Tool Wins for Remote Teams?
/lever-vs-bamboohr-ats-for-scaleups/,Lever vs BambooHR for Scaleups (2026): Growth Plans & Feature Set,Lever vs BambooHR: Which ATS Tool Wins for Scaleups?
/lever-vs-bamboohr-ats-for-startups/,"Lever vs BambooHR for Startups (2026): Pricing, Features & Onboarding",Lever vs BambooHR: Which ATS Tool Wins for Startups?
/lever-vs-bamboohr-ats/,Lever vs BambooHR (ATS 2026): Hiring Features & Pricing,Lever vs BambooHR Review: Global ATS Breakdown
/lever-vs-breezy-hr-for-agencies/,Lever vs Breezy for Agencies (2026): Client Management & Billing,Lever vs Breezy: Which ATS Tool Wins for Agencies?
/lever-vs-breezy-hr-for-enterprise/,"Lever vs Breezy for Enterprise (2026): Security, Scale & Pricing",Lever vs Breezy: Which ATS Tool Wins for Enterprise?
/lever-vs-breezy-hr-for-remote-teams/,Lever vs Breezy for Remote Teams (2026): Async Workflows & Compliance,Lever vs Breezy: Which ATS Tool Wins for Remote Teams?
/lever-vs-breezy-hr-for-scaleups/,Lever vs Breezy for Scaleups (2026): Growth Plans & Feature Set,Lever vs Breezy: Which ATS Tool Wins for Scaleups?
/lever-vs-breezy-hr-for-startups/,"Lever vs Breezy for Startups (2026): Pricing, Features & Onboarding",Lever vs Breezy: Which ATS Tool Wins for Startups?
/lever-vs-breezy-hr/,Lever vs Breezy (ATS 2026): Hiring Features & Pricing,Lever vs Breezy Review: Global ATS Breakdown
/lever-vs-greenhouse-for-agencies/,Redirecting to: /greenhouse-vs-lever-for-agencies/,
/lever-vs-greenhouse-for-enterprise/,Redirecting to: /greenhouse-vs-lever-for-enterprise/,
/lever-vs-greenhouse-for-remote-teams/,Redirecting to: /greenhouse-vs-lever-for-remote-teams/,
/lever-vs-greenhouse-for-scaleups/,Redirecting to: /greenhouse-vs-lever-for-scaleups/,
/lever-vs-greenhouse-for-startups/,Redirecting to: /greenhouse-vs-lever-for-startups/,
/lever-vs-greenhouse/,Redirecting to: /greenhouse-vs-lever/,
/lever-vs-jazzhr-for-agencies/,Lever vs JazzHR for Agencies (2026): Client Management & Billing,Lever vs JazzHR: Which ATS Tool Wins for Agencies?
/lever-vs-jazzhr-for-enterprise/,"Lever vs JazzHR for Enterprise (2026): Security, Scale & Pricing",Lever vs JazzHR: Which ATS Tool Wins for Enterprise?
/lever-vs-jazzhr-for-remote-teams/,Lever vs JazzHR for Remote Teams (2026): Async Workflows & Compliance,Lever vs JazzHR: Which ATS Tool Wins for Remote Teams?
/lever-vs-jazzhr-for-scaleups/,Lever vs JazzHR for Scaleups (2026): Growth Plans & Feature Set,Lever vs JazzHR: Which ATS Tool Wins for Scaleups?
/lever-vs-jazzhr-for-startups/,"Lever vs JazzHR for Startups (2026): Pricing, Features & Onboarding",Lever vs JazzHR: Which ATS Tool Wins for Startups?
/lever-vs-jazzhr/,Lever vs JazzHR (ATS 2026): Hiring Features & Pricing,Lever vs JazzHR Review: Global ATS Breakdown
/lever-vs-recruitee-for-agencies/,Lever vs Recruitee for Agencies (2026): Client Management & Billing,Lever vs Recruitee: Which ATS Tool Wins for Agencies?
/lever-vs-recruitee-for-enterprise/,"Lever vs Recruitee for Enterprise (2026): Security, Scale & Pricing",Lever vs Recruitee: Which ATS Tool Wins for Enterprise?
/lever-vs-recruitee-for-remote-teams/,Lever vs Recruitee for Remote Teams (2026): Async Workflows & Compliance,Lever vs Recruitee: Which ATS Tool Wins for Remote Teams?
/lever-vs-recruitee-for-scaleups/,Lever vs Recruitee for Scaleups (2026): Growth Plans & Feature Set,Lever vs Recruitee: Which ATS Tool Wins for Scaleups?
/lever-vs-recruitee-for-startups/,"Lever vs Recruitee for Startups (2026): Pricing, Features & Onboarding",Lever vs Recruitee: Which ATS Tool Wins for Startups?
/lever-vs-recruitee/,Lever vs Recruitee (ATS 2026): Hiring Features & Pricing,Lever vs Recruitee Review: Global ATS Breakdown
/lever-vs-workable-for-agencies/,Lever vs Workable for Agencies (2026): Client Management & Billing,Lever vs Workable: Which ATS Tool Wins for Agencies?
/lever-vs-workable-for-enterprise/,"Lever vs Workable for Enterprise (2026): Security, Scale & Pricing",Lever vs Workable: Which ATS Tool Wins for Enterprise?
/lever-vs-workable-for-remote-teams/,Lever vs Workable for Remote Teams (2026): Async Workflows & Compliance,Lever vs Workable: Which ATS Tool Wins for Remote Teams?
/lever-vs-workable-for-scaleups/,Lever vs Workable for Scaleups (2026): Growth Plans & Feature Set,Lever vs Workable: Which ATS Tool Wins for Scaleups?
/lever-vs-workable-for-startups/,"Lever vs Workable for Startups (2026): Pricing, Features & Onboarding",Lever vs Workable: Which ATS Tool Wins for Startups?
/lever-vs-workable/,Lever vs Workable (ATS 2026): Hiring Features & Pricing,Lever vs Workable Review: Global ATS Breakdown
/methodology/,Evaluation Framework & Editorial Methodology — The HR Stack Guide,Evaluation Framework & Editorial Methodology
/multiplier-vs-deel-for-agencies/,Redirecting to: /deel-vs-multiplier-for-agencies/,
/multiplier-vs-deel-for-scaleups/,Redirecting to: /deel-vs-multiplier-for-scaleups/,
/multiplier-vs-deel-for-startups/,Redirecting to: /deel-vs-multiplier-for-startups/,
/multiplier-vs-deel-for-us-latam/,Redirecting to: /deel-vs-multiplier-for-us-latam/,
/multiplier-vs-deel-for-web3-crypto/,Redirecting to: /deel-vs-multiplier-for-web3-crypto/,
/multiplier-vs-deel/,Redirecting to: /deel-vs-multiplier/,
/multiplier-vs-gusto-for-agencies/,Redirecting to: /gusto-vs-multiplier-for-agencies/,
/multiplier-vs-gusto-for-scaleups/,Redirecting to: /gusto-vs-multiplier-for-scaleups/,
/multiplier-vs-gusto-for-startups/,Redirecting to: /gusto-vs-multiplier-for-startups/,
/multiplier-vs-gusto-for-us-latam/,Redirecting to: /gusto-vs-multiplier-for-us-latam/,
/multiplier-vs-gusto-for-web3-crypto/,Redirecting to: /gusto-vs-multiplier-for-web3-crypto/,
/multiplier-vs-gusto/,Redirecting to: /gusto-vs-multiplier/,
/multiplier-vs-oyster-hr-for-agencies/,Redirecting to: /oyster-hr-vs-multiplier-for-agencies/,
/multiplier-vs-oyster-hr-for-scaleups/,Redirecting to: /oyster-hr-vs-multiplier-for-scaleups/,
/multiplier-vs-oyster-hr-for-startups/,Redirecting to: /oyster-hr-vs-multiplier-for-startups/,
/multiplier-vs-oyster-hr-for-us-latam/,Redirecting to: /oyster-hr-vs-multiplier-for-us-latam/,
/multiplier-vs-oyster-hr-for-web3-crypto/,Redirecting to: /oyster-hr-vs-multiplier-for-web3-crypto/,
/multiplier-vs-oyster-hr/,Redirecting to: /oyster-hr-vs-multiplier/,
/multiplier-vs-papaya-global-for-agencies/,Redirecting to: /papaya-global-vs-multiplier-for-agencies/,
/multiplier-vs-papaya-global-for-scaleups/,Redirecting to: /papaya-global-vs-multiplier-for-scaleups/,
/multiplier-vs-papaya-global-for-startups/,Redirecting to: /papaya-global-vs-multiplier-for-startups/,
/multiplier-vs-papaya-global-for-us-latam/,Redirecting to: /papaya-global-vs-multiplier-for-us-latam/,
/multiplier-vs-papaya-global-for-web3-crypto/,Redirecting to: /papaya-global-vs-multiplier-for-web3-crypto/,
/multiplier-vs-papaya-global/,Redirecting to: /papaya-global-vs-multiplier/,
/multiplier-vs-payoneer-workforce-management-for-agencies/,Multiplier vs Payoneer for Agencies (2026): Client Management & Billing,Multiplier vs Payoneer: Which Payroll Tool Wins for Agencies?
/multiplier-vs-payoneer-workforce-management-for-scaleups/,Multiplier vs Payoneer for Scaleups (2026): Growth Plans & Feature Set,Multiplier vs Payoneer: Which Payroll Tool Wins for Scaleups?
/multiplier-vs-payoneer-workforce-management-for-startups/,"Multiplier vs Payoneer for Startups: Pricing, Features & Onboarding",Multiplier vs Payoneer: Which Payroll Tool Wins for Startups?
/multiplier-vs-payoneer-workforce-management-for-us-latam/,"Multiplier vs Payoneer for US & LATAM: Coverage, FX & Local Payroll",Multiplier vs Payoneer: Which Payroll Tool Wins for US & LATAM?
/multiplier-vs-payoneer-workforce-management-for-web3-crypto/,Multiplier vs Payoneer for Web3 & Crypto (2026),Multiplier vs Payoneer: Which Payroll Tool Wins for Web3 & Crypto?
/multiplier-vs-payoneer-workforce-management/,"Multiplier vs Payoneer (Payroll 2026): Features, Pricing & Review",Multiplier vs Payoneer Review: Global Payroll Breakdown
/multiplier-vs-plane-for-agencies/,Multiplier vs Plane for Agencies (2026): Client Management & Billing,Multiplier vs Plane: Which Payroll Tool Wins for Agencies?
/multiplier-vs-plane-for-scaleups/,Multiplier vs Plane for Scaleups (2026): Growth Plans & Feature Set,Multiplier vs Plane: Which Payroll Tool Wins for Scaleups?
/multiplier-vs-plane-for-startups/,"Multiplier vs Plane for Startups (2026): Pricing, Features & Onboarding",Multiplier vs Plane: Which Payroll Tool Wins for Startups?
/multiplier-vs-plane-for-us-latam/,"Multiplier vs Plane for US & LATAM (2026): Coverage, FX & Local Payroll",Multiplier vs Plane: Which Payroll Tool Wins for US & LATAM?
/multiplier-vs-plane-for-web3-crypto/,Multiplier vs Plane for Web3 & Crypto: Contractor Payouts & Compliance,Multiplier vs Plane: Which Payroll Tool Wins for Web3 & Crypto?
/multiplier-vs-plane/,"Multiplier vs Plane (Payroll 2026): Features, Pricing & Review",Multiplier vs Plane Review: Global Payroll Breakdown
/multiplier-vs-remote-for-agencies/,Redirecting to: /remote-vs-multiplier-for-agencies/,
/multiplier-vs-remote-for-scaleups/,Redirecting to: /remote-vs-multiplier-for-scaleups/,
/multiplier-vs-remote-for-startups/,Redirecting to: /remote-vs-multiplier-for-startups/,
/multiplier-vs-remote-for-us-latam/,Redirecting to: /remote-vs-multiplier-for-us-latam/,
/multiplier-vs-remote-for-web3-crypto/,Redirecting to: /remote-vs-multiplier-for-web3-crypto/,
/multiplier-vs-remote/,Redirecting to: /remote-vs-multiplier/,
/multiplier-vs-rippling-for-agencies/,Redirecting to: /rippling-vs-multiplier-for-agencies/,
/multiplier-vs-rippling-for-scaleups/,Redirecting to: /rippling-vs-multiplier-for-scaleups/,
/multiplier-vs-rippling-for-startups/,Redirecting to: /rippling-vs-multiplier-for-startups/,
/multiplier-vs-rippling-for-us-latam/,Redirecting to: /rippling-vs-multiplier-for-us-latam/,
/multiplier-vs-rippling-for-web3-crypto/,Redirecting to: /rippling-vs-multiplier-for-web3-crypto/,
/multiplier-vs-rippling/,Redirecting to: /rippling-vs-multiplier/,
/oyster-hr-vs-deel-for-agencies/,Redirecting to: /deel-vs-oyster-hr-for-agencies/,
/oyster-hr-vs-deel-for-scaleups/,Redirecting to: /deel-vs-oyster-hr-for-scaleups/,
/oyster-hr-vs-deel-for-startups/,Redirecting to: /deel-vs-oyster-hr-for-startups/,
/oyster-hr-vs-deel-for-us-latam/,Redirecting to: /deel-vs-oyster-hr-for-us-latam/,
/oyster-hr-vs-deel-for-web3-crypto/,Redirecting to: /deel-vs-oyster-hr-for-web3-crypto/,
/oyster-hr-vs-deel/,Redirecting to: /deel-vs-oyster-hr/,
/oyster-hr-vs-gusto-for-agencies/,Oyster HR vs Gusto for Agencies (2026): Client Management & Billing,Oyster HR vs Gusto: Which Payroll Tool Wins for Agencies?
/oyster-hr-vs-gusto-for-scaleups/,Oyster HR vs Gusto for Scaleups (2026): Growth Plans & Feature Set,Oyster HR vs Gusto: Which Payroll Tool Wins for Scaleups?
/oyster-hr-vs-gusto-for-startups/,"Oyster HR vs Gusto for Startups (2026): Pricing, Features & Onboarding",Oyster HR vs Gusto: Which Payroll Tool Wins for Startups?
/oyster-hr-vs-gusto-for-us-latam/,"Oyster HR vs Gusto for US & LATAM (2026): Coverage, FX & Local Payroll",Oyster HR vs Gusto: Which Payroll Tool Wins for US & LATAM?
/oyster-hr-vs-gusto-for-web3-crypto/,Oyster HR vs Gusto for Web3 & Crypto: Contractor Payouts & Compliance,Oyster HR vs Gusto: Which Payroll Tool Wins for Web3 & Crypto?
/oyster-hr-vs-gusto/,"Oyster HR vs Gusto (Payroll 2026): Features, Pricing & Review",Oyster HR vs Gusto Review: Global Payroll Breakdown
/oyster-hr-vs-multiplier-for-agencies/,Oyster HR vs Multiplier for Agencies (2026): Client Management & Billing,Oyster HR vs Multiplier: Which Payroll Tool Wins for Agencies?
/oyster-hr-vs-multiplier-for-scaleups/,Oyster HR vs Multiplier for Scaleups (2026): Growth Plans & Feature Set,Oyster HR vs Multiplier: Which Payroll Tool Wins for Scaleups?
/oyster-hr-vs-multiplier-for-startups/,"Oyster HR vs Multiplier for Startups: Pricing, Features & Onboarding",Oyster HR vs Multiplier: Which Payroll Tool Wins for Startups?
/oyster-hr-vs-multiplier-for-us-latam/,"Oyster HR vs Multiplier for US & LATAM: Coverage, FX & Local Payroll",Oyster HR vs Multiplier: Which Payroll Tool Wins for US & LATAM?
/oyster-hr-vs-multiplier-for-web3-crypto/,Oyster HR vs Multiplier for Web3 & Crypto (2026),Oyster HR vs Multiplier: Which Payroll Tool Wins for Web3 & Crypto?
/oyster-hr-vs-multiplier/,"Oyster HR vs Multiplier (Payroll 2026): Features, Pricing & Review",Oyster HR vs Multiplier Review: Global Payroll Breakdown
/oyster-hr-vs-papaya-global-for-agencies/,Oyster HR vs Papaya Global for Agencies: Client Management & Billing,Oyster HR vs Papaya Global: Which Payroll Tool Wins for Agencies?
/oyster-hr-vs-papaya-global-for-scaleups/,Oyster HR vs Papaya Global for Scaleups: Growth Plans & Feature Set,Oyster HR vs Papaya Global: Which Payroll Tool Wins for Scaleups?
/oyster-hr-vs-papaya-global-for-startups/,"Oyster HR vs Papaya Global for Startups: Pricing, Features & Onboarding",Oyster HR vs Papaya Global: Which Payroll Tool Wins for Startups?
/oyster-hr-vs-papaya-global-for-us-latam/,"Oyster HR vs Papaya Global for US & LATAM: Coverage, FX & Local Payroll",Oyster HR vs Papaya Global: Which Payroll Tool Wins for US & LATAM?
/oyster-hr-vs-papaya-global-for-web3-crypto/,Oyster HR vs Papaya Global for Web3 & Crypto (2026),Oyster HR vs Papaya Global: Which Payroll Tool Wins for Web3 & Crypto?
/oyster-hr-vs-papaya-global/,"Oyster HR vs Papaya Global (Payroll 2026): Features, Pricing & Review",Oyster HR vs Papaya Global Review: Global Payroll Breakdown
/oyster-hr-vs-payoneer-workforce-management-for-agencies/,Oyster HR vs Payoneer for Agencies (2026): Client Management & Billing,Oyster HR vs Payoneer: Which Payroll Tool Wins for Agencies?
/oyster-hr-vs-payoneer-workforce-management-for-scaleups/,Oyster HR vs Payoneer for Scaleups (2026): Growth Plans & Feature Set,Oyster HR vs Payoneer: Which Payroll Tool Wins for Scaleups?
/oyster-hr-vs-payoneer-workforce-management-for-startups/,"Oyster HR vs Payoneer for Startups: Pricing, Features & Onboarding",Oyster HR vs Payoneer: Which Payroll Tool Wins for Startups?
/oyster-hr-vs-payoneer-workforce-management-for-us-latam/,"Oyster HR vs Payoneer for US & LATAM: Coverage, FX & Local Payroll",Oyster HR vs Payoneer: Which Payroll Tool Wins for US & LATAM?
/oyster-hr-vs-payoneer-workforce-management-for-web3-crypto/,Oyster HR vs Payoneer for Web3 & Crypto: Contractor Payouts & Compliance,Oyster HR vs Payoneer: Which Payroll Tool Wins for Web3 & Crypto?
/oyster-hr-vs-payoneer-workforce-management/,"Oyster HR vs Payoneer (Payroll 2026): Features, Pricing & Review",Oyster HR vs Payoneer Review: Global Payroll Breakdown
/oyster-hr-vs-plane-for-agencies/,Oyster HR vs Plane for Agencies (2026): Client Management & Billing,Oyster HR vs Plane: Which Payroll Tool Wins for Agencies?
/oyster-hr-vs-plane-for-scaleups/,Oyster HR vs Plane for Scaleups (2026): Growth Plans & Feature Set,Oyster HR vs Plane: Which Payroll Tool Wins for Scaleups?
/oyster-hr-vs-plane-for-startups/,"Oyster HR vs Plane for Startups (2026): Pricing, Features & Onboarding",Oyster HR vs Plane: Which Payroll Tool Wins for Startups?
/oyster-hr-vs-plane-for-us-latam/,"Oyster HR vs Plane for US & LATAM (2026): Coverage, FX & Local Payroll",Oyster HR vs Plane: Which Payroll Tool Wins for US & LATAM?
/oyster-hr-vs-plane-for-web3-crypto/,Oyster HR vs Plane for Web3 & Crypto: Contractor Payouts & Compliance,Oyster HR vs Plane: Which Payroll Tool Wins for Web3 & Crypto?
/oyster-hr-vs-plane/,"Oyster HR vs Plane (Payroll 2026): Features, Pricing & Review",Oyster HR vs Plane Review: Global Payroll Breakdown
/oyster-hr-vs-remote-for-agencies/,Redirecting to: /remote-vs-oyster-hr-for-agencies/,
/oyster-hr-vs-remote-for-scaleups/,Redirecting to: /remote-vs-oyster-hr-for-scaleups/,
/oyster-hr-vs-remote-for-startups/,Redirecting to: /remote-vs-oyster-hr-for-startups/,
/oyster-hr-vs-remote-for-us-latam/,Redirecting to: /remote-vs-oyster-hr-for-us-latam/,
/oyster-hr-vs-remote-for-web3-crypto/,Redirecting to: /remote-vs-oyster-hr-for-web3-crypto/,
/oyster-hr-vs-remote/,Redirecting to: /remote-vs-oyster-hr/,
/oyster-hr-vs-rippling-for-agencies/,Redirecting to: /rippling-vs-oyster-hr-for-agencies/,
/oyster-hr-vs-rippling-for-scaleups/,Redirecting to: /rippling-vs-oyster-hr-for-scaleups/,
/oyster-hr-vs-rippling-for-startups/,Redirecting to: /rippling-vs-oyster-hr-for-startups/,
/oyster-hr-vs-rippling-for-us-latam/,Redirecting to: /rippling-vs-oyster-hr-for-us-latam/,
/oyster-hr-vs-rippling-for-web3-crypto/,Redirecting to: /rippling-vs-oyster-hr-for-web3-crypto/,
/oyster-hr-vs-rippling/,Redirecting to: /rippling-vs-oyster-hr/,
/papaya-global-vs-deel-for-agencies/,Redirecting to: /deel-vs-papaya-global-for-agencies/,
/papaya-global-vs-deel-for-scaleups/,Redirecting to: /deel-vs-papaya-global-for-scaleups/,
/papaya-global-vs-deel-for-startups/,Redirecting to: /deel-vs-papaya-global-for-startups/,
/papaya-global-vs-deel-for-us-latam/,Redirecting to: /deel-vs-papaya-global-for-us-latam/,
/papaya-global-vs-deel-for-web3-crypto/,Redirecting to: /deel-vs-papaya-global-for-web3-crypto/,
/papaya-global-vs-deel/,Redirecting to: /deel-vs-papaya-global/,
/papaya-global-vs-gusto-for-agencies/,Redirecting to: /gusto-vs-papaya-global-for-agencies/,
/papaya-global-vs-gusto-for-scaleups/,Redirecting to: /gusto-vs-papaya-global-for-scaleups/,
/papaya-global-vs-gusto-for-startups/,Redirecting to: /gusto-vs-papaya-global-for-startups/,
/papaya-global-vs-gusto-for-us-latam/,Redirecting to: /gusto-vs-papaya-global-for-us-latam/,
/papaya-global-vs-gusto-for-web3-crypto/,Redirecting to: /gusto-vs-papaya-global-for-web3-crypto/,
/papaya-global-vs-gusto/,Redirecting to: /gusto-vs-papaya-global/,
/papaya-global-vs-multiplier-for-agencies/,Papaya Global vs Multiplier for Agencies: Client Management & Billing,Papaya Global vs Multiplier: Which Payroll Tool Wins for Agencies?
/papaya-global-vs-multiplier-for-scaleups/,Papaya Global vs Multiplier for Scaleups: Growth Plans & Feature Set,Papaya Global vs Multiplier: Which Payroll Tool Wins for Scaleups?
/papaya-global-vs-multiplier-for-startups/,"Papaya Global vs Multiplier for Startups: Pricing, Features & Onboarding",Papaya Global vs Multiplier: Which Payroll Tool Wins for Startups?
/papaya-global-vs-multiplier-for-us-latam/,"Papaya Global vs Multiplier for US & LATAM: Coverage, FX & Local Payroll",Papaya Global vs Multiplier: Which Payroll Tool Wins for US & LATAM?
/papaya-global-vs-multiplier-for-web3-crypto/,Papaya Global vs Multiplier for Web3 & Crypto (2026),Papaya Global vs Multiplier: Which Payroll Tool Wins for Web3 & Crypto?
/papaya-global-vs-multiplier/,"Papaya Global vs Multiplier (Payroll 2026): Features, Pricing & Review",Papaya Global vs Multiplier Review: Global Payroll Breakdown
/papaya-global-vs-oyster-hr-for-agencies/,Redirecting to: /oyster-hr-vs-papaya-global-for-agencies/,
/papaya-global-vs-oyster-hr-for-scaleups/,Redirecting to: /oyster-hr-vs-papaya-global-for-scaleups/,
/papaya-global-vs-oyster-hr-for-startups/,Redirecting to: /oyster-hr-vs-papaya-global-for-startups/,
/papaya-global-vs-oyster-hr-for-us-latam/,Redirecting to: /oyster-hr-vs-papaya-global-for-us-latam/,
/papaya-global-vs-oyster-hr-for-web3-crypto/,Redirecting to: /oyster-hr-vs-papaya-global-for-web3-crypto/,
/papaya-global-vs-oyster-hr/,Redirecting to: /oyster-hr-vs-papaya-global/,
/papaya-global-vs-payoneer-workforce-management-for-agencies/,Papaya Global vs Payoneer for Agencies: Client Management & Billing,Papaya Global vs Payoneer: Which Payroll Tool Wins for Agencies?
/papaya-global-vs-payoneer-workforce-management-for-scaleups/,Papaya Global vs Payoneer for Scaleups: Growth Plans & Feature Set,Papaya Global vs Payoneer: Which Payroll Tool Wins for Scaleups?
/papaya-global-vs-payoneer-workforce-management-for-startups/,"Papaya Global vs Payoneer for Startups: Pricing, Features & Onboarding",Papaya Global vs Payoneer: Which Payroll Tool Wins for Startups?
/papaya-global-vs-payoneer-workforce-management-for-us-latam/,"Papaya Global vs Payoneer for US & LATAM: Coverage, FX & Local Payroll",Papaya Global vs Payoneer: Which Payroll Tool Wins for US & LATAM?
/papaya-global-vs-payoneer-workforce-management-for-web3-crypto/,Papaya Global vs Payoneer for Web3 & Crypto (2026),Papaya Global vs Payoneer: Which Payroll Tool Wins for Web3 & Crypto?
/papaya-global-vs-payoneer-workforce-management/,"Papaya Global vs Payoneer (Payroll 2026): Features, Pricing & Review",Papaya Global vs Payoneer Review: Global Payroll Breakdown
/papaya-global-vs-plane-for-agencies/,Papaya Global vs Plane for Agencies (2026): Client Management & Billing,Papaya Global vs Plane: Which Payroll Tool Wins for Agencies?
/papaya-global-vs-plane-for-scaleups/,Papaya Global vs Plane for Scaleups (2026): Growth Plans & Feature Set,Papaya Global vs Plane: Which Payroll Tool Wins for Scaleups?
/papaya-global-vs-plane-for-startups/,"Papaya Global vs Plane for Startups: Pricing, Features & Onboarding",Papaya Global vs Plane: Which Payroll Tool Wins for Startups?
/papaya-global-vs-plane-for-us-latam/,"Papaya Global vs Plane for US & LATAM: Coverage, FX & Local Payroll",Papaya Global vs Plane: Which Payroll Tool Wins for US & LATAM?
/papaya-global-vs-plane-for-web3-crypto/,Papaya Global vs Plane for Web3 & Crypto (2026),Papaya Global vs Plane: Which Payroll Tool Wins for Web3 & Crypto?
/papaya-global-vs-plane/,"Papaya Global vs Plane (Payroll 2026): Features, Pricing & Review",Papaya Global vs Plane Review: Global Payroll Breakdown
/papaya-global-vs-remote-for-agencies/,Redirecting to: /remote-vs-papaya-global-for-agencies/,
/papaya-global-vs-remote-for-scaleups/,Redirecting to: /remote-vs-papaya-global-for-scaleups/,
/papaya-global-vs-remote-for-startups/,Redirecting to: /remote-vs-papaya-global-for-startups/,
/papaya-global-vs-remote-for-us-latam/,Redirecting to: /remote-vs-papaya-global-for-us-latam/,
/papaya-global-vs-remote-for-web3-crypto/,Redirecting to: /remote-vs-papaya-global-for-web3-crypto/,
/papaya-global-vs-remote/,Redirecting to: /remote-vs-papaya-global/,
/papaya-global-vs-rippling-for-agencies/,Redirecting to: /rippling-vs-papaya-global-for-agencies/,
/papaya-global-vs-rippling-for-scaleups/,Redirecting to: /rippling-vs-papaya-global-for-scaleups/,
/papaya-global-vs-rippling-for-startups/,Redirecting to: /rippling-vs-papaya-global-for-startups/,
/papaya-global-vs-rippling-for-us-latam/,Redirecting to: /rippling-vs-papaya-global-for-us-latam/,
/papaya-global-vs-rippling-for-web3-crypto/,Redirecting to: /rippling-vs-papaya-global-for-web3-crypto/,
/papaya-global-vs-rippling/,Redirecting to: /rippling-vs-papaya-global/,
/payoneer-workforce-management-vs-deel-for-agencies/,Redirecting to: /deel-vs-payoneer-workforce-management-for-agencies/,
/payoneer-workforce-management-vs-deel-for-scaleups/,Redirecting to: /deel-vs-payoneer-workforce-management-for-scaleups/,
/payoneer-workforce-management-vs-deel-for-startups/,Redirecting to: /deel-vs-payoneer-workforce-management-for-startups/,
/payoneer-workforce-management-vs-deel-for-us-latam/,Redirecting to: /deel-vs-payoneer-workforce-management-for-us-latam/,
/payoneer-workforce-management-vs-deel-for-web3-crypto/,Redirecting to: /deel-vs-payoneer-workforce-management-for-web3-crypto/,
/payoneer-workforce-management-vs-deel/,Redirecting to: /deel-vs-payoneer-workforce-management/,
/payoneer-workforce-management-vs-gusto-for-agencies/,Redirecting to: /gusto-vs-payoneer-workforce-management-for-agencies/,
/payoneer-workforce-management-vs-gusto-for-scaleups/,Redirecting to: /gusto-vs-payoneer-workforce-management-for-scaleups/,
/payoneer-workforce-management-vs-gusto-for-startups/,Redirecting to: /gusto-vs-payoneer-workforce-management-for-startups/,
/payoneer-workforce-management-vs-gusto-for-us-latam/,Redirecting to: /gusto-vs-payoneer-workforce-management-for-us-latam/,
/payoneer-workforce-management-vs-gusto-for-web3-crypto/,Redirecting to: /gusto-vs-payoneer-workforce-management-for-web3-crypto/,
/payoneer-workforce-management-vs-gusto/,Redirecting to: /gusto-vs-payoneer-workforce-management/,
/payoneer-workforce-management-vs-multiplier-for-agencies/,Redirecting to: /multiplier-vs-payoneer-workforce-management-for-agencies/,
/payoneer-workforce-management-vs-multiplier-for-scaleups/,Redirecting to: /multiplier-vs-payoneer-workforce-management-for-scaleups/,
/payoneer-workforce-management-vs-multiplier-for-startups/,Redirecting to: /multiplier-vs-payoneer-workforce-management-for-startups/,
/payoneer-workforce-management-vs-multiplier-for-us-latam/,Redirecting to: /multiplier-vs-payoneer-workforce-management-for-us-latam/,
/payoneer-workforce-management-vs-multiplier-for-web3-crypto/,Redirecting to: /multiplier-vs-payoneer-workforce-management-for-web3-crypto/,
/payoneer-workforce-management-vs-multiplier/,Redirecting to: /multiplier-vs-payoneer-workforce-management/,
/payoneer-workforce-management-vs-oyster-hr-for-agencies/,Redirecting to: /oyster-hr-vs-payoneer-workforce-management-for-agencies/,
/payoneer-workforce-management-vs-oyster-hr-for-scaleups/,Redirecting to: /oyster-hr-vs-payoneer-workforce-management-for-scaleups/,
/payoneer-workforce-management-vs-oyster-hr-for-startups/,Redirecting to: /oyster-hr-vs-payoneer-workforce-management-for-startups/,
/payoneer-workforce-management-vs-oyster-hr-for-us-latam/,Redirecting to: /oyster-hr-vs-payoneer-workforce-management-for-us-latam/,
/payoneer-workforce-management-vs-oyster-hr-for-web3-crypto/,Redirecting to: /oyster-hr-vs-payoneer-workforce-management-for-web3-crypto/,
/payoneer-workforce-management-vs-oyster-hr/,Redirecting to: /oyster-hr-vs-payoneer-workforce-management/,
/payoneer-workforce-management-vs-papaya-global-for-agencies/,Redirecting to: /papaya-global-vs-payoneer-workforce-management-for-agencies/,
/payoneer-workforce-management-vs-papaya-global-for-scaleups/,Redirecting to: /papaya-global-vs-payoneer-workforce-management-for-scaleups/,
/payoneer-workforce-management-vs-papaya-global-for-startups/,Redirecting to: /papaya-global-vs-payoneer-workforce-management-for-startups/,
/payoneer-workforce-management-vs-papaya-global-for-us-latam/,Redirecting to: /papaya-global-vs-payoneer-workforce-management-for-us-latam/,
/payoneer-workforce-management-vs-papaya-global-for-web3-crypto/,Redirecting to: /papaya-global-vs-payoneer-workforce-management-for-web3-crypto/,
/payoneer-workforce-management-vs-papaya-global/,Redirecting to: /papaya-global-vs-payoneer-workforce-management/,
/payoneer-workforce-management-vs-plane-for-agencies/,Redirecting to: /plane-vs-payoneer-workforce-management-for-agencies/,
/payoneer-workforce-management-vs-plane-for-scaleups/,Redirecting to: /plane-vs-payoneer-workforce-management-for-scaleups/,
/payoneer-workforce-management-vs-plane-for-startups/,Redirecting to: /plane-vs-payoneer-workforce-management-for-startups/,
/payoneer-workforce-management-vs-plane-for-us-latam/,Redirecting to: /plane-vs-payoneer-workforce-management-for-us-latam/,
/payoneer-workforce-management-vs-plane-for-web3-crypto/,Redirecting to: /plane-vs-payoneer-workforce-management-for-web3-crypto/,
/payoneer-workforce-management-vs-plane/,Redirecting to: /plane-vs-payoneer-workforce-management/,
/payoneer-workforce-management-vs-remote-for-agencies/,Redirecting to: /remote-vs-payoneer-workforce-management-for-agencies/,
/payoneer-workforce-management-vs-remote-for-scaleups/,Redirecting to: /remote-vs-payoneer-workforce-management-for-scaleups/,
/payoneer-workforce-management-vs-remote-for-startups/,Redirecting to: /remote-vs-payoneer-workforce-management-for-startups/,
/payoneer-workforce-management-vs-remote-for-us-latam/,Redirecting to: /remote-vs-payoneer-workforce-management-for-us-latam/,
/payoneer-workforce-management-vs-remote-for-web3-crypto/,Redirecting to: /remote-vs-payoneer-workforce-management-for-web3-crypto/,
/payoneer-workforce-management-vs-remote/,Redirecting to: /remote-vs-payoneer-workforce-management/,
/payoneer-workforce-management-vs-rippling-for-agencies/,Redirecting to: /rippling-vs-payoneer-workforce-management-for-agencies/,
/payoneer-workforce-management-vs-rippling-for-scaleups/,Redirecting to: /rippling-vs-payoneer-workforce-management-for-scaleups/,
/payoneer-workforce-management-vs-rippling-for-startups/,Redirecting to: /rippling-vs-payoneer-workforce-management-for-startups/,
/payoneer-workforce-management-vs-rippling-for-us-latam/,Redirecting to: /rippling-vs-payoneer-workforce-management-for-us-latam/,
/payoneer-workforce-management-vs-rippling-for-web3-crypto/,Redirecting to: /rippling-vs-payoneer-workforce-management-for-web3-crypto/,
/payoneer-workforce-management-vs-rippling/,Redirecting to: /rippling-vs-payoneer-workforce-management/,
/peoplefluent-vs-15five-for-enterprise/,Redirecting to: /15five-vs-peoplefluent-for-enterprise/,
/peoplefluent-vs-15five-for-people-ops/,Redirecting to: /15five-vs-peoplefluent-for-people-ops/,
/peoplefluent-vs-15five-for-remote-teams/,Redirecting to: /15five-vs-peoplefluent-for-remote-teams/,
/peoplefluent-vs-15five-for-scaleups/,Redirecting to: /15five-vs-peoplefluent-for-scaleups/,
/peoplefluent-vs-15five-for-startups/,Redirecting to: /15five-vs-peoplefluent-for-startups/,
/peoplefluent-vs-15five/,Redirecting to: /15five-vs-peoplefluent/,
/peoplefluent-vs-clearcompany-for-enterprise/,"PeopleFluent vs ClearCo for Enterprise (2026): Security, Scale & Pricing",PeopleFluent vs ClearCo: Which Performance Tool Wins for Enterprise?
/peoplefluent-vs-clearcompany-for-people-ops/,PeopleFluent vs ClearCo for People Ops (2026): HRIS Integration & UX,PeopleFluent vs ClearCo: Which Performance Tool Wins for People Ops?
/peoplefluent-vs-clearcompany-for-remote-teams/,PeopleFluent vs ClearCo for Remote Teams: Async Workflows & Compliance,PeopleFluent vs ClearCo: Which Performance Tool Wins for Remote Teams?
/peoplefluent-vs-clearcompany-for-scaleups/,PeopleFluent vs ClearCo for Scaleups (2026): Growth Plans & Feature Set,PeopleFluent vs ClearCo: Which Performance Tool Wins for Scaleups?
/peoplefluent-vs-clearcompany-for-startups/,"PeopleFluent vs ClearCo for Startups: Pricing, Features & Onboarding",PeopleFluent vs ClearCo: Which Performance Tool Wins for Startups?
/peoplefluent-vs-clearcompany/,"PeopleFluent vs ClearCo (Performance 2026): Reviews, OKRs & Pricing",PeopleFluent vs ClearCo Review: Global Performance Breakdown
/peoplefluent-vs-culture-amp-for-enterprise/,Redirecting to: /culture-amp-vs-peoplefluent-for-enterprise/,
/peoplefluent-vs-culture-amp-for-people-ops/,Redirecting to: /culture-amp-vs-peoplefluent-for-people-ops/,
/peoplefluent-vs-culture-amp-for-remote-teams/,Redirecting to: /culture-amp-vs-peoplefluent-for-remote-teams/,
/peoplefluent-vs-culture-amp-for-scaleups/,Redirecting to: /culture-amp-vs-peoplefluent-for-scaleups/,
/peoplefluent-vs-culture-amp-for-startups/,Redirecting to: /culture-amp-vs-peoplefluent-for-startups/,
/peoplefluent-vs-culture-amp/,Redirecting to: /culture-amp-vs-peoplefluent/,
/peoplefluent-vs-lattice-for-enterprise/,Redirecting to: /lattice-vs-peoplefluent-for-enterprise/,
/peoplefluent-vs-lattice-for-people-ops/,Redirecting to: /lattice-vs-peoplefluent-for-people-ops/,
/peoplefluent-vs-lattice-for-remote-teams/,Redirecting to: /lattice-vs-peoplefluent-for-remote-teams/,
/peoplefluent-vs-lattice-for-scaleups/,Redirecting to: /lattice-vs-peoplefluent-for-scaleups/,
/peoplefluent-vs-lattice-for-startups/,Redirecting to: /lattice-vs-peoplefluent-for-startups/,
/peoplefluent-vs-lattice/,Redirecting to: /lattice-vs-peoplefluent/,
/peoplefluent-vs-leapsome-for-enterprise/,Redirecting to: /leapsome-vs-peoplefluent-for-enterprise/,
/peoplefluent-vs-leapsome-for-people-ops/,Redirecting to: /leapsome-vs-peoplefluent-for-people-ops/,
/peoplefluent-vs-leapsome-for-remote-teams/,Redirecting to: /leapsome-vs-peoplefluent-for-remote-teams/,
/peoplefluent-vs-leapsome-for-scaleups/,Redirecting to: /leapsome-vs-peoplefluent-for-scaleups/,
/peoplefluent-vs-leapsome-for-startups/,Redirecting to: /leapsome-vs-peoplefluent-for-startups/,
/peoplefluent-vs-leapsome/,Redirecting to: /leapsome-vs-peoplefluent/,
/peoplefluent-vs-performyard-for-enterprise/,Redirecting to: /performyard-vs-peoplefluent-for-enterprise/,
/peoplefluent-vs-performyard-for-people-ops/,Redirecting to: /performyard-vs-peoplefluent-for-people-ops/,
/peoplefluent-vs-performyard-for-remote-teams/,Redirecting to: /performyard-vs-peoplefluent-for-remote-teams/,
/peoplefluent-vs-performyard-for-scaleups/,Redirecting to: /performyard-vs-peoplefluent-for-scaleups/,
/peoplefluent-vs-performyard-for-startups/,Redirecting to: /performyard-vs-peoplefluent-for-startups/,
/peoplefluent-vs-performyard/,Redirecting to: /performyard-vs-peoplefluent/,
/performance-management/,Performance Management Software — The HR Stack Guide,Compare Performance Management Software
/performyard-vs-15five-for-enterprise/,Redirecting to: /15five-vs-performyard-for-enterprise/,
/performyard-vs-15five-for-people-ops/,Redirecting to: /15five-vs-performyard-for-people-ops/,
/performyard-vs-15five-for-remote-teams/,Redirecting to: /15five-vs-performyard-for-remote-teams/,
/performyard-vs-15five-for-scaleups/,Redirecting to: /15five-vs-performyard-for-scaleups/,
/performyard-vs-15five-for-startups/,Redirecting to: /15five-vs-performyard-for-startups/,
/performyard-vs-15five/,Redirecting to: /15five-vs-performyard/,
/performyard-vs-clearcompany-for-enterprise/,"PerformYard vs ClearCo for Enterprise (2026): Security, Scale & Pricing",PerformYard vs ClearCo: Which Performance Tool Wins for Enterprise?
/performyard-vs-clearcompany-for-people-ops/,PerformYard vs ClearCo for People Ops (2026): HRIS Integration & UX,PerformYard vs ClearCo: Which Performance Tool Wins for People Ops?
/performyard-vs-clearcompany-for-remote-teams/,PerformYard vs ClearCo for Remote Teams: Async Workflows & Compliance,PerformYard vs ClearCo: Which Performance Tool Wins for Remote Teams?
/performyard-vs-clearcompany-for-scaleups/,PerformYard vs ClearCo for Scaleups (2026): Growth Plans & Feature Set,PerformYard vs ClearCo: Which Performance Tool Wins for Scaleups?
/performyard-vs-clearcompany-for-startups/,"PerformYard vs ClearCo for Startups: Pricing, Features & Onboarding",PerformYard vs ClearCo: Which Performance Tool Wins for Startups?
/performyard-vs-clearcompany/,"PerformYard vs ClearCo (Performance 2026): Reviews, OKRs & Pricing",PerformYard vs ClearCo Review: Global Performance Breakdown
/performyard-vs-culture-amp-for-enterprise/,"PerformYard vs Culture Amp for Enterprise: Security, Scale & Pricing",PerformYard vs Culture Amp: Which Performance Tool Wins for Enterprise?
/performyard-vs-culture-amp-for-people-ops/,PerformYard vs Culture Amp for People Ops (2026): HRIS Integration & UX,PerformYard vs Culture Amp: Which Performance Tool Wins for People Ops?
/performyard-vs-culture-amp-for-remote-teams/,PerformYard vs Culture Amp for Remote Teams (2026),PerformYard vs Culture Amp: Which Performance Tool Wins for Remote Teams?
/performyard-vs-culture-amp-for-scaleups/,PerformYard vs Culture Amp for Scaleups: Growth Plans & Feature Set,PerformYard vs Culture Amp: Which Performance Tool Wins for Scaleups?
/performyard-vs-culture-amp-for-startups/,"PerformYard vs Culture Amp for Startups: Pricing, Features & Onboarding",PerformYard vs Culture Amp: Which Performance Tool Wins for Startups?
/performyard-vs-culture-amp/,"PerformYard vs Culture Amp (Performance 2026): Reviews, OKRs & Pricing",PerformYard vs Culture Amp Review: Global Performance Breakdown
/performyard-vs-lattice-for-enterprise/,"PerformYard vs Lattice for Enterprise (2026): Security, Scale & Pricing",PerformYard vs Lattice: Which Performance Tool Wins for Enterprise?
/performyard-vs-lattice-for-people-ops/,PerformYard vs Lattice for People Ops (2026): HRIS Integration & UX,PerformYard vs Lattice: Which Performance Tool Wins for People Ops?
/performyard-vs-lattice-for-remote-teams/,PerformYard vs Lattice for Remote Teams: Async Workflows & Compliance,PerformYard vs Lattice: Which Performance Tool Wins for Remote Teams?
/performyard-vs-lattice-for-scaleups/,PerformYard vs Lattice for Scaleups (2026): Growth Plans & Feature Set,PerformYard vs Lattice: Which Performance Tool Wins for Scaleups?
/performyard-vs-lattice-for-startups/,"PerformYard vs Lattice for Startups: Pricing, Features & Onboarding",PerformYard vs Lattice: Which Performance Tool Wins for Startups?
/performyard-vs-lattice/,"PerformYard vs Lattice (Performance 2026): Reviews, OKRs & Pricing",PerformYard vs Lattice Review: Global Performance Breakdown
/performyard-vs-leapsome-for-enterprise/,"PerformYard vs Leapsome for Enterprise (2026): Security, Scale & Pricing",PerformYard vs Leapsome: Which Performance Tool Wins for Enterprise?
/performyard-vs-leapsome-for-people-ops/,PerformYard vs Leapsome for People Ops (2026): HRIS Integration & UX,PerformYard vs Leapsome: Which Performance Tool Wins for People Ops?
/performyard-vs-leapsome-for-remote-teams/,PerformYard vs Leapsome for Remote Teams: Async Workflows & Compliance,PerformYard vs Leapsome: Which Performance Tool Wins for Remote Teams?
/performyard-vs-leapsome-for-scaleups/,PerformYard vs Leapsome for Scaleups (2026): Growth Plans & Feature Set,PerformYard vs Leapsome: Which Performance Tool Wins for Scaleups?
/performyard-vs-leapsome-for-startups/,"PerformYard vs Leapsome for Startups: Pricing, Features & Onboarding",PerformYard vs Leapsome: Which Performance Tool Wins for Startups?
/performyard-vs-leapsome/,"PerformYard vs Leapsome (Performance 2026): Reviews, OKRs & Pricing",PerformYard vs Leapsome Review: Global Performance Breakdown
/performyard-vs-peoplefluent-for-enterprise/,"PerformYard vs PeopleFluent for Enterprise: Security, Scale & Pricing",PerformYard vs PeopleFluent: Which Performance Tool Wins for Enterprise?
/performyard-vs-peoplefluent-for-people-ops/,PerformYard vs PeopleFluent for People Ops (2026): HRIS Integration & UX,PerformYard vs PeopleFluent: Which Performance Tool Wins for People Ops?
/performyard-vs-peoplefluent-for-remote-teams/,PerformYard vs PeopleFluent for Remote Teams (2026),PerformYard vs PeopleFluent: Which Performance Tool Wins for Remote Teams?
/performyard-vs-peoplefluent-for-scaleups/,PerformYard vs PeopleFluent for Scaleups: Growth Plans & Feature Set,PerformYard vs PeopleFluent: Which Performance Tool Wins for Scaleups?
/performyard-vs-peoplefluent-for-startups/,"PerformYard vs PeopleFluent for Startups: Pricing, Features & Onboarding",PerformYard vs PeopleFluent: Which Performance Tool Wins for Startups?
/performyard-vs-peoplefluent/,"PerformYard vs PeopleFluent (Performance 2026): Reviews, OKRs & Pricing",PerformYard vs PeopleFluent Review: Global Performance Breakdown
/plane-vs-deel-for-agencies/,Redirecting to: /deel-vs-plane-for-agencies/,
/plane-vs-deel-for-scaleups/,Redirecting to: /deel-vs-plane-for-scaleups/,
/plane-vs-deel-for-startups/,Redirecting to: /deel-vs-plane-for-startups/,
/plane-vs-deel-for-us-latam/,Redirecting to: /deel-vs-plane-for-us-latam/,
/plane-vs-deel-for-web3-crypto/,Redirecting to: /deel-vs-plane-for-web3-crypto/,
/plane-vs-deel/,Redirecting to: /deel-vs-plane/,
/plane-vs-gusto-for-agencies/,Redirecting to: /gusto-vs-plane-for-agencies/,
/plane-vs-gusto-for-scaleups/,Redirecting to: /gusto-vs-plane-for-scaleups/,
/plane-vs-gusto-for-startups/,Redirecting to: /gusto-vs-plane-for-startups/,
/plane-vs-gusto-for-us-latam/,Redirecting to: /gusto-vs-plane-for-us-latam/,
/plane-vs-gusto-for-web3-crypto/,Redirecting to: /gusto-vs-plane-for-web3-crypto/,
/plane-vs-gusto/,Redirecting to: /gusto-vs-plane/,
/plane-vs-multiplier-for-agencies/,Redirecting to: /multiplier-vs-plane-for-agencies/,
/plane-vs-multiplier-for-scaleups/,Redirecting to: /multiplier-vs-plane-for-scaleups/,
/plane-vs-multiplier-for-startups/,Redirecting to: /multiplier-vs-plane-for-startups/,
/plane-vs-multiplier-for-us-latam/,Redirecting to: /multiplier-vs-plane-for-us-latam/,
/plane-vs-multiplier-for-web3-crypto/,Redirecting to: /multiplier-vs-plane-for-web3-crypto/,
/plane-vs-multiplier/,Redirecting to: /multiplier-vs-plane/,
/plane-vs-oyster-hr-for-agencies/,Redirecting to: /oyster-hr-vs-plane-for-agencies/,
/plane-vs-oyster-hr-for-scaleups/,Redirecting to: /oyster-hr-vs-plane-for-scaleups/,
/plane-vs-oyster-hr-for-startups/,Redirecting to: /oyster-hr-vs-plane-for-startups/,
/plane-vs-oyster-hr-for-us-latam/,Redirecting to: /oyster-hr-vs-plane-for-us-latam/,
/plane-vs-oyster-hr-for-web3-crypto/,Redirecting to: /oyster-hr-vs-plane-for-web3-crypto/,
/plane-vs-oyster-hr/,Redirecting to: /oyster-hr-vs-plane/,
/plane-vs-papaya-global-for-agencies/,Redirecting to: /papaya-global-vs-plane-for-agencies/,
/plane-vs-papaya-global-for-scaleups/,Redirecting to: /papaya-global-vs-plane-for-scaleups/,
/plane-vs-papaya-global-for-startups/,Redirecting to: /papaya-global-vs-plane-for-startups/,
/plane-vs-papaya-global-for-us-latam/,Redirecting to: /papaya-global-vs-plane-for-us-latam/,
/plane-vs-papaya-global-for-web3-crypto/,Redirecting to: /papaya-global-vs-plane-for-web3-crypto/,
/plane-vs-papaya-global/,Redirecting to: /papaya-global-vs-plane/,
/plane-vs-payoneer-workforce-management-for-agencies/,Plane vs Payoneer for Agencies (2026): Client Management & Billing,Plane vs Payoneer: Which Payroll Tool Wins for Agencies?
/plane-vs-payoneer-workforce-management-for-scaleups/,Plane vs Payoneer for Scaleups (2026): Growth Plans & Feature Set,Plane vs Payoneer: Which Payroll Tool Wins for Scaleups?
/plane-vs-payoneer-workforce-management-for-startups/,"Plane vs Payoneer for Startups (2026): Pricing, Features & Onboarding",Plane vs Payoneer: Which Payroll Tool Wins for Startups?
/plane-vs-payoneer-workforce-management-for-us-latam/,"Plane vs Payoneer for US & LATAM (2026): Coverage, FX & Local Payroll",Plane vs Payoneer: Which Payroll Tool Wins for US & LATAM?
/plane-vs-payoneer-workforce-management-for-web3-crypto/,Plane vs Payoneer for Web3 & Crypto: Contractor Payouts & Compliance,Plane vs Payoneer: Which Payroll Tool Wins for Web3 & Crypto?
/plane-vs-payoneer-workforce-management/,"Plane vs Payoneer (Payroll 2026): Features, Pricing & Review",Plane vs Payoneer Review: Global Payroll Breakdown
/plane-vs-remote-for-agencies/,Redirecting to: /remote-vs-plane-for-agencies/,
/plane-vs-remote-for-scaleups/,Redirecting to: /remote-vs-plane-for-scaleups/,
/plane-vs-remote-for-startups/,Redirecting to: /remote-vs-plane-for-startups/,
/plane-vs-remote-for-us-latam/,Redirecting to: /remote-vs-plane-for-us-latam/,
/plane-vs-remote-for-web3-crypto/,Redirecting to: /remote-vs-plane-for-web3-crypto/,
/plane-vs-remote/,Redirecting to: /remote-vs-plane/,
/plane-vs-rippling-for-agencies/,Redirecting to: /rippling-vs-plane-for-agencies/,
/plane-vs-rippling-for-scaleups/,Redirecting to: /rippling-vs-plane-for-scaleups/,
/plane-vs-rippling-for-startups/,Redirecting to: /rippling-vs-plane-for-startups/,
/plane-vs-rippling-for-us-latam/,Redirecting to: /rippling-vs-plane-for-us-latam/,
/plane-vs-rippling-for-web3-crypto/,Redirecting to: /rippling-vs-plane-for-web3-crypto/,
/plane-vs-rippling/,Redirecting to: /rippling-vs-plane/,
/privacy-policy/,Privacy Policy — The HR Stack Guide,Privacy Policy
/recommendation/,Get an HR Tech Recommendation (2026) | The HR Stack Guide,Get an HR Tech Recommendation (2026)
/recruitee-vs-ashby-for-agencies/,Redirecting to: /ashby-vs-recruitee-for-agencies/,
/recruitee-vs-ashby-for-enterprise/,Redirecting to: /ashby-vs-recruitee-for-enterprise/,
/recruitee-vs-ashby-for-remote-teams/,Redirecting to: /ashby-vs-recruitee-for-remote-teams/,
/recruitee-vs-ashby-for-scaleups/,Redirecting to: /ashby-vs-recruitee-for-scaleups/,
/recruitee-vs-ashby-for-startups/,Redirecting to: /ashby-vs-recruitee-for-startups/,
/recruitee-vs-ashby/,Redirecting to: /ashby-vs-recruitee/,
/recruitee-vs-bamboohr-ats-for-agencies/,Recruitee vs BambooHR for Agencies (2026): Client Management & Billing,Recruitee vs BambooHR: Which ATS Tool Wins for Agencies?
/recruitee-vs-bamboohr-ats-for-enterprise/,"Recruitee vs BambooHR for Enterprise (2026): Security, Scale & Pricing",Recruitee vs BambooHR: Which ATS Tool Wins for Enterprise?
/recruitee-vs-bamboohr-ats-for-remote-teams/,Recruitee vs BambooHR for Remote Teams: Async Workflows & Compliance,Recruitee vs BambooHR: Which ATS Tool Wins for Remote Teams?
/recruitee-vs-bamboohr-ats-for-scaleups/,Recruitee vs BambooHR for Scaleups (2026): Growth Plans & Feature Set,Recruitee vs BambooHR: Which ATS Tool Wins for Scaleups?
/recruitee-vs-bamboohr-ats-for-startups/,"Recruitee vs BambooHR for Startups: Pricing, Features & Onboarding",Recruitee vs BambooHR: Which ATS Tool Wins for Startups?
/recruitee-vs-bamboohr-ats/,Recruitee vs BambooHR (ATS 2026): Hiring Features & Pricing,Recruitee vs BambooHR Review: Global ATS Breakdown
/recruitee-vs-breezy-hr-for-agencies/,Redirecting to: /breezy-hr-vs-recruitee-for-agencies/,
/recruitee-vs-breezy-hr-for-enterprise/,Redirecting to: /breezy-hr-vs-recruitee-for-enterprise/,
/recruitee-vs-breezy-hr-for-remote-teams/,Redirecting to: /breezy-hr-vs-recruitee-for-remote-teams/,
/recruitee-vs-breezy-hr-for-scaleups/,Redirecting to: /breezy-hr-vs-recruitee-for-scaleups/,
/recruitee-vs-breezy-hr-for-startups/,Redirecting to: /breezy-hr-vs-recruitee-for-startups/,
/recruitee-vs-breezy-hr/,Redirecting to: /breezy-hr-vs-recruitee/,
/recruitee-vs-greenhouse-for-agencies/,Redirecting to: /greenhouse-vs-recruitee-for-agencies/,
/recruitee-vs-greenhouse-for-enterprise/,Redirecting to: /greenhouse-vs-recruitee-for-enterprise/,
/recruitee-vs-greenhouse-for-remote-teams/,Redirecting to: /greenhouse-vs-recruitee-for-remote-teams/,
/recruitee-vs-greenhouse-for-scaleups/,Redirecting to: /greenhouse-vs-recruitee-for-scaleups/,
/recruitee-vs-greenhouse-for-startups/,Redirecting to: /greenhouse-vs-recruitee-for-startups/,
/recruitee-vs-greenhouse/,Redirecting to: /greenhouse-vs-recruitee/,
/recruitee-vs-jazzhr-for-agencies/,Redirecting to: /jazzhr-vs-recruitee-for-agencies/,
/recruitee-vs-jazzhr-for-enterprise/,Redirecting to: /jazzhr-vs-recruitee-for-enterprise/,
/recruitee-vs-jazzhr-for-remote-teams/,Redirecting to: /jazzhr-vs-recruitee-for-remote-teams/,
/recruitee-vs-jazzhr-for-scaleups/,Redirecting to: /jazzhr-vs-recruitee-for-scaleups/,
/recruitee-vs-jazzhr-for-startups/,Redirecting to: /jazzhr-vs-recruitee-for-startups/,
/recruitee-vs-jazzhr/,Redirecting to: /jazzhr-vs-recruitee/,
/recruitee-vs-lever-for-agencies/,Redirecting to: /lever-vs-recruitee-for-agencies/,
/recruitee-vs-lever-for-enterprise/,Redirecting to: /lever-vs-recruitee-for-enterprise/,
/recruitee-vs-lever-for-remote-teams/,Redirecting to: /lever-vs-recruitee-for-remote-teams/,
/recruitee-vs-lever-for-scaleups/,Redirecting to: /lever-vs-recruitee-for-scaleups/,
/recruitee-vs-lever-for-startups/,Redirecting to: /lever-vs-recruitee-for-startups/,
/recruitee-vs-lever/,Redirecting to: /lever-vs-recruitee/,
/recruitee-vs-workable-for-agencies/,Redirecting to: /workable-vs-recruitee-for-agencies/,
/recruitee-vs-workable-for-enterprise/,Redirecting to: /workable-vs-recruitee-for-enterprise/,
/recruitee-vs-workable-for-remote-teams/,Redirecting to: /workable-vs-recruitee-for-remote-teams/,
/recruitee-vs-workable-for-scaleups/,Redirecting to: /workable-vs-recruitee-for-scaleups/,
/recruitee-vs-workable-for-startups/,Redirecting to: /workable-vs-recruitee-for-startups/,
/recruitee-vs-workable/,Redirecting to: /workable-vs-recruitee/,
/remote-vs-deel-for-agencies/,Redirecting to: /deel-vs-remote-for-agencies/,
/remote-vs-deel-for-scaleups/,Redirecting to: /deel-vs-remote-for-scaleups/,
/remote-vs-deel-for-startups/,Redirecting to: /deel-vs-remote-for-startups/,
/remote-vs-deel-for-us-latam/,Redirecting to: /deel-vs-remote-for-us-latam/,
/remote-vs-deel-for-web3-crypto/,Redirecting to: /deel-vs-remote-for-web3-crypto/,
/remote-vs-deel/,Redirecting to: /deel-vs-remote/,
/remote-vs-gusto-for-agencies/,Remote vs Gusto for Agencies (2026): Client Management & Billing,Remote vs Gusto: Which Payroll Tool Wins for Agencies?
/remote-vs-gusto-for-scaleups/,Remote vs Gusto for Scaleups (2026): Growth Plans & Feature Set,Remote vs Gusto: Which Payroll Tool Wins for Scaleups?
/remote-vs-gusto-for-startups/,"Remote vs Gusto for Startups (2026): Pricing, Features & Onboarding",Remote vs Gusto: Which Payroll Tool Wins for Startups?
/remote-vs-gusto-for-us-latam/,"Remote vs Gusto for US & LATAM (2026): Coverage, FX & Local Payroll",Remote vs Gusto: Which Payroll Tool Wins for US & LATAM?
/remote-vs-gusto-for-web3-crypto/,Remote vs Gusto for Web3 & Crypto: Contractor Payouts & Compliance,Remote vs Gusto: Which Payroll Tool Wins for Web3 & Crypto?
/remote-vs-gusto/,"Remote vs Gusto (Payroll 2026): Features, Pricing & Review",Remote vs Gusto Review: Global Payroll Breakdown
/remote-vs-multiplier-for-agencies/,Remote vs Multiplier for Agencies (2026): Client Management & Billing,Remote vs Multiplier: Which Payroll Tool Wins for Agencies?
/remote-vs-multiplier-for-scaleups/,Remote vs Multiplier for Scaleups (2026): Growth Plans & Feature Set,Remote vs Multiplier: Which Payroll Tool Wins for Scaleups?
/remote-vs-multiplier-for-startups/,"Remote vs Multiplier for Startups (2026): Pricing, Features & Onboarding",Remote vs Multiplier: Which Payroll Tool Wins for Startups?
/remote-vs-multiplier-for-us-latam/,"Remote vs Multiplier for US & LATAM (2026): Coverage, FX & Local Payroll",Remote vs Multiplier: Which Payroll Tool Wins for US & LATAM?
/remote-vs-multiplier-for-web3-crypto/,Remote vs Multiplier for Web3 & Crypto: Contractor Payouts & Compliance,Remote vs Multiplier: Which Payroll Tool Wins for Web3 & Crypto?
/remote-vs-multiplier/,"Remote vs Multiplier (Payroll 2026): Features, Pricing & Review",Remote vs Multiplier Review: Global Payroll Breakdown
/remote-vs-oyster-hr-for-agencies/,Remote vs Oyster HR for Agencies (2026): Client Management & Billing,Remote vs Oyster HR: Which Payroll Tool Wins for Agencies?
/remote-vs-oyster-hr-for-scaleups/,Remote vs Oyster HR for Scaleups (2026): Growth Plans & Feature Set,Remote vs Oyster HR: Which Payroll Tool Wins for Scaleups?
/remote-vs-oyster-hr-for-startups/,"Remote vs Oyster HR for Startups (2026): Pricing, Features & Onboarding",Remote vs Oyster HR: Which Payroll Tool Wins for Startups?
/remote-vs-oyster-hr-for-us-latam/,"Remote vs Oyster HR for US & LATAM (2026): Coverage, FX & Local Payroll",Remote vs Oyster HR: Which Payroll Tool Wins for US & LATAM?
/remote-vs-oyster-hr-for-web3-crypto/,Remote vs Oyster HR for Web3 & Crypto: Contractor Payouts & Compliance,Remote vs Oyster HR: Which Payroll Tool Wins for Web3 & Crypto?
/remote-vs-oyster-hr/,"Remote vs Oyster HR (Payroll 2026): Features, Pricing & Review",Remote vs Oyster HR Review: Global Payroll Breakdown
/remote-vs-papaya-global-for-agencies/,Remote vs Papaya Global for Agencies (2026): Client Management & Billing,Remote vs Papaya Global: Which Payroll Tool Wins for Agencies?
/remote-vs-papaya-global-for-scaleups/,Remote vs Papaya Global for Scaleups (2026): Growth Plans & Feature Set,Remote vs Papaya Global: Which Payroll Tool Wins for Scaleups?
/remote-vs-papaya-global-for-startups/,"Remote vs Papaya Global for Startups: Pricing, Features & Onboarding",Remote vs Papaya Global: Which Payroll Tool Wins for Startups?
/remote-vs-papaya-global-for-us-latam/,"Remote vs Papaya Global for US & LATAM: Coverage, FX & Local Payroll",Remote vs Papaya Global: Which Payroll Tool Wins for US & LATAM?
/remote-vs-papaya-global-for-web3-crypto/,Remote vs Papaya Global for Web3 & Crypto (2026),Remote vs Papaya Global: Which Payroll Tool Wins for Web3 & Crypto?
/remote-vs-papaya-global/,"Remote vs Papaya Global (Payroll 2026): Features, Pricing & Review",Remote vs Papaya Global Review: Global Payroll Breakdown
/remote-vs-payoneer-workforce-management-for-agencies/,Remote vs Payoneer for Agencies (2026): Client Management & Billing,Remote vs Payoneer: Which Payroll Tool Wins for Agencies?
/remote-vs-payoneer-workforce-management-for-scaleups/,Remote vs Payoneer for Scaleups (2026): Growth Plans & Feature Set,Remote vs Payoneer: Which Payroll Tool Wins for Scaleups?
/remote-vs-payoneer-workforce-management-for-startups/,"Remote vs Payoneer for Startups (2026): Pricing, Features & Onboarding",Remote vs Payoneer: Which Payroll Tool Wins for Startups?
/remote-vs-payoneer-workforce-management-for-us-latam/,"Remote vs Payoneer for US & LATAM (2026): Coverage, FX & Local Payroll",Remote vs Payoneer: Which Payroll Tool Wins for US & LATAM?
/remote-vs-payoneer-workforce-management-for-web3-crypto/,Remote vs Payoneer for Web3 & Crypto: Contractor Payouts & Compliance,Remote vs Payoneer: Which Payroll Tool Wins for Web3 & Crypto?
/remote-vs-payoneer-workforce-management/,"Remote vs Payoneer (Payroll 2026): Features, Pricing & Review",Remote vs Payoneer Review: Global Payroll Breakdown
/remote-vs-plane-for-agencies/,Remote vs Plane for Agencies (2026): Client Management & Billing,Remote vs Plane: Which Payroll Tool Wins for Agencies?
/remote-vs-plane-for-scaleups/,Remote vs Plane for Scaleups (2026): Growth Plans & Feature Set,Remote vs Plane: Which Payroll Tool Wins for Scaleups?
/remote-vs-plane-for-startups/,"Remote vs Plane for Startups (2026): Pricing, Features & Onboarding",Remote vs Plane: Which Payroll Tool Wins for Startups?
/remote-vs-plane-for-us-latam/,"Remote vs Plane for US & LATAM (2026): Coverage, FX & Local Payroll",Remote vs Plane: Which Payroll Tool Wins for US & LATAM?
/remote-vs-plane-for-web3-crypto/,Remote vs Plane for Web3 & Crypto: Contractor Payouts & Compliance,Remote vs Plane: Which Payroll Tool Wins for Web3 & Crypto?
/remote-vs-plane/,"Remote vs Plane (Payroll 2026): Features, Pricing & Review",Remote vs Plane Review: Global Payroll Breakdown
/remote-vs-rippling-for-agencies/,Redirecting to: /rippling-vs-remote-for-agencies/,
/remote-vs-rippling-for-scaleups/,Redirecting to: /rippling-vs-remote-for-scaleups/,
/remote-vs-rippling-for-startups/,Redirecting to: /rippling-vs-remote-for-startups/,
/remote-vs-rippling-for-us-latam/,Redirecting to: /rippling-vs-remote-for-us-latam/,
/remote-vs-rippling-for-web3-crypto/,Redirecting to: /rippling-vs-remote-for-web3-crypto/,
/remote-vs-rippling/,Redirecting to: /rippling-vs-remote/,
/rippling-vs-deel-for-agencies/,Redirecting to: /deel-vs-rippling-for-agencies/,
/rippling-vs-deel-for-scaleups/,Redirecting to: /deel-vs-rippling-for-scaleups/,
/rippling-vs-deel-for-startups/,Redirecting to: /deel-vs-rippling-for-startups/,
/rippling-vs-deel-for-us-latam/,Redirecting to: /deel-vs-rippling-for-us-latam/,
/rippling-vs-deel-for-web3-crypto/,Redirecting to: /deel-vs-rippling-for-web3-crypto/,
/rippling-vs-deel/,Redirecting to: /deel-vs-rippling/,
/rippling-vs-gusto-for-agencies/,Rippling vs Gusto for Agencies (2026): Client Management & Billing,Rippling vs Gusto: Which Payroll Tool Wins for Agencies?
/rippling-vs-gusto-for-scaleups/,Rippling vs Gusto for Scaleups (2026): Growth Plans & Feature Set,Rippling vs Gusto: Which Payroll Tool Wins for Scaleups?
/rippling-vs-gusto-for-startups/,"Rippling vs Gusto for Startups (2026): Pricing, Features & Onboarding",Rippling vs Gusto: Which Payroll Tool Wins for Startups?
/rippling-vs-gusto-for-us-latam/,"Rippling vs Gusto for US & LATAM (2026): Coverage, FX & Local Payroll",Rippling vs Gusto: Which Payroll Tool Wins for US & LATAM?
/rippling-vs-gusto-for-web3-crypto/,Rippling vs Gusto for Web3 & Crypto: Contractor Payouts & Compliance,Rippling vs Gusto: Which Payroll Tool Wins for Web3 & Crypto?
/rippling-vs-gusto/,"Rippling vs Gusto (Payroll 2026): Features, Pricing & Review",Rippling vs Gusto Review: Global Payroll Breakdown
/rippling-vs-multiplier-for-agencies/,Rippling vs Multiplier for Agencies (2026): Client Management & Billing,Rippling vs Multiplier: Which Payroll Tool Wins for Agencies?
/rippling-vs-multiplier-for-scaleups/,Rippling vs Multiplier for Scaleups (2026): Growth Plans & Feature Set,Rippling vs Multiplier: Which Payroll Tool Wins for Scaleups?
/rippling-vs-multiplier-for-startups/,"Rippling vs Multiplier for Startups: Pricing, Features & Onboarding",Rippling vs Multiplier: Which Payroll Tool Wins for Startups?
/rippling-vs-multiplier-for-us-latam/,"Rippling vs Multiplier for US & LATAM: Coverage, FX & Local Payroll",Rippling vs Multiplier: Which Payroll Tool Wins for US & LATAM?
/rippling-vs-multiplier-for-web3-crypto/,Rippling vs Multiplier for Web3 & Crypto (2026),Rippling vs Multiplier: Which Payroll Tool Wins for Web3 & Crypto?
/rippling-vs-multiplier/,"Rippling vs Multiplier (Payroll 2026): Features, Pricing & Review",Rippling vs Multiplier Review: Global Payroll Breakdown
/rippling-vs-oyster-hr-for-agencies/,Rippling vs Oyster HR for Agencies (2026): Client Management & Billing,Rippling vs Oyster HR: Which Payroll Tool Wins for Agencies?
/rippling-vs-oyster-hr-for-scaleups/,Rippling vs Oyster HR for Scaleups (2026): Growth Plans & Feature Set,Rippling vs Oyster HR: Which Payroll Tool Wins for Scaleups?
/rippling-vs-oyster-hr-for-startups/,"Rippling vs Oyster HR for Startups: Pricing, Features & Onboarding",Rippling vs Oyster HR: Which Payroll Tool Wins for Startups?
/rippling-vs-oyster-hr-for-us-latam/,"Rippling vs Oyster HR for US & LATAM: Coverage, FX & Local Payroll",Rippling vs Oyster HR: Which Payroll Tool Wins for US & LATAM?
/rippling-vs-oyster-hr-for-web3-crypto/,Rippling vs Oyster HR for Web3 & Crypto: Contractor Payouts & Compliance,Rippling vs Oyster HR: Which Payroll Tool Wins for Web3 & Crypto?
/rippling-vs-oyster-hr/,"Rippling vs Oyster HR (Payroll 2026): Features, Pricing & Review",Rippling vs Oyster HR Review: Global Payroll Breakdown
/rippling-vs-papaya-global-for-agencies/,Rippling vs Papaya Global for Agencies: Client Management & Billing,Rippling vs Papaya Global: Which Payroll Tool Wins for Agencies?
/rippling-vs-papaya-global-for-scaleups/,Rippling vs Papaya Global for Scaleups: Growth Plans & Feature Set,Rippling vs Papaya Global: Which Payroll Tool Wins for Scaleups?
/rippling-vs-papaya-global-for-startups/,"Rippling vs Papaya Global for Startups: Pricing, Features & Onboarding",Rippling vs Papaya Global: Which Payroll Tool Wins for Startups?
/rippling-vs-papaya-global-for-us-latam/,"Rippling vs Papaya Global for US & LATAM: Coverage, FX & Local Payroll",Rippling vs Papaya Global: Which Payroll Tool Wins for US & LATAM?
/rippling-vs-papaya-global-for-web3-crypto/,Rippling vs Papaya Global for Web3 & Crypto (2026),Rippling vs Papaya Global: Which Payroll Tool Wins for Web3 & Crypto?
/rippling-vs-papaya-global/,"Rippling vs Papaya Global (Payroll 2026): Features, Pricing & Review",Rippling vs Papaya Global Review: Global Payroll Breakdown
/rippling-vs-payoneer-workforce-management-for-agencies/,Rippling vs Payoneer for Agencies (2026): Client Management & Billing,Rippling vs Payoneer: Which Payroll Tool Wins for Agencies?
/rippling-vs-payoneer-workforce-management-for-scaleups/,Rippling vs Payoneer for Scaleups (2026): Growth Plans & Feature Set,Rippling vs Payoneer: Which Payroll Tool Wins for Scaleups?
/rippling-vs-payoneer-workforce-management-for-startups/,"Rippling vs Payoneer for Startups (2026): Pricing, Features & Onboarding",Rippling vs Payoneer: Which Payroll Tool Wins for Startups?
/rippling-vs-payoneer-workforce-management-for-us-latam/,"Rippling vs Payoneer for US & LATAM (2026): Coverage, FX & Local Payroll",Rippling vs Payoneer: Which Payroll Tool Wins for US & LATAM?
/rippling-vs-payoneer-workforce-management-for-web3-crypto/,Rippling vs Payoneer for Web3 & Crypto: Contractor Payouts & Compliance,Rippling vs Payoneer: Which Payroll Tool Wins for Web3 & Crypto?
/rippling-vs-payoneer-workforce-management/,"Rippling vs Payoneer (Payroll 2026): Features, Pricing & Review",Rippling vs Payoneer Review: Global Payroll Breakdown
/rippling-vs-plane-for-agencies/,Rippling vs Plane for Agencies (2026): Client Management & Billing,Rippling vs Plane: Which Payroll Tool Wins for Agencies?
/rippling-vs-plane-for-scaleups/,Rippling vs Plane for Scaleups (2026): Growth Plans & Feature Set,Rippling vs Plane: Which Payroll Tool Wins for Scaleups?
/rippling-vs-plane-for-startups/,"Rippling vs Plane for Startups (2026): Pricing, Features & Onboarding",Rippling vs Plane: Which Payroll Tool Wins for Startups?
/rippling-vs-plane-for-us-latam/,"Rippling vs Plane for US & LATAM (2026): Coverage, FX & Local Payroll",Rippling vs Plane: Which Payroll Tool Wins for US & LATAM?
/rippling-vs-plane-for-web3-crypto/,Rippling vs Plane for Web3 & Crypto: Contractor Payouts & Compliance,Rippling vs Plane: Which Payroll Tool Wins for Web3 & Crypto?
/rippling-vs-plane/,"Rippling vs Plane (Payroll 2026): Features, Pricing & Review",Rippling vs Plane Review: Global Payroll Breakdown
/rippling-vs-remote-for-agencies/,Rippling vs Remote for Agencies (2026): Client Management & Billing,Rippling vs Remote: Which Payroll Tool Wins for Agencies?
/rippling-vs-remote-for-scaleups/,Rippling vs Remote for Scaleups (2026): Growth Plans & Feature Set,Rippling vs Remote: Which Payroll Tool Wins for Scaleups?
/rippling-vs-remote-for-startups/,"Rippling vs Remote for Startups (2026): Pricing, Features & Onboarding",Rippling vs Remote: Which Payroll Tool Wins for Startups?
/rippling-vs-remote-for-us-latam/,"Rippling vs Remote for US & LATAM (2026): Coverage, FX & Local Payroll",Rippling vs Remote: Which Payroll Tool Wins for US & LATAM?
/rippling-vs-remote-for-web3-crypto/,Rippling vs Remote for Web3 & Crypto: Contractor Payouts & Compliance,Rippling vs Remote: Which Payroll Tool Wins for Web3 & Crypto?
/rippling-vs-remote/,"Rippling vs Remote (Payroll 2026): Features, Pricing & Review",Rippling vs Remote Review: Global Payroll Breakdown
/terms/,Terms of Service — The HR Stack Guide,Terms of Service
/thank-you/,Thank you — The HR Stack Guide,Thank you
/workable-vs-ashby-for-agencies/,Redirecting to: /ashby-vs-workable-for-agencies/,
/workable-vs-ashby-for-enterprise/,Redirecting to: /ashby-vs-workable-for-enterprise/,
/workable-vs-ashby-for-remote-teams/,Redirecting to: /ashby-vs-workable-for-remote-teams/,
/workable-vs-ashby-for-scaleups/,Redirecting to: /ashby-vs-workable-for-scaleups/,
/workable-vs-ashby-for-startups/,Redirecting to: /ashby-vs-workable-for-startups/,
/workable-vs-ashby/,Redirecting to: /ashby-vs-workable/,
/workable-vs-bamboohr-ats-for-agencies/,Workable vs BambooHR for Agencies (2026): Client Management & Billing,Workable vs BambooHR: Which ATS Tool Wins for Agencies?
/workable-vs-bamboohr-ats-for-enterprise/,"Workable vs BambooHR for Enterprise (2026): Security, Scale & Pricing",Workable vs BambooHR: Which ATS Tool Wins for Enterprise?
/workable-vs-bamboohr-ats-for-remote-teams/,Workable vs BambooHR for Remote Teams: Async Workflows & Compliance,Workable vs BambooHR: Which ATS Tool Wins for Remote Teams?
/workable-vs-bamboohr-ats-for-scaleups/,Workable vs BambooHR for Scaleups (2026): Growth Plans & Feature Set,Workable vs BambooHR: Which ATS Tool Wins for Scaleups?
/workable-vs-bamboohr-ats-for-startups/,"Workable vs BambooHR for Startups (2026): Pricing, Features & Onboarding",Workable vs BambooHR: Which ATS Tool Wins for Startups?
/workable-vs-bamboohr-ats/,Workable vs BambooHR (ATS 2026): Hiring Features & Pricing,Workable vs BambooHR Review: Global ATS Breakdown
/workable-vs-breezy-hr-for-agencies/,Workable vs Breezy for Agencies (2026): Client Management & Billing,Workable vs Breezy: Which ATS Tool Wins for Agencies?
/workable-vs-breezy-hr-for-enterprise/,"Workable vs Breezy for Enterprise (2026): Security, Scale & Pricing",Workable vs Breezy: Which ATS Tool Wins for Enterprise?
/workable-vs-breezy-hr-for-remote-teams/,Workable vs Breezy for Remote Teams (2026): Async Workflows & Compliance,Workable vs Breezy: Which ATS Tool Wins for Remote Teams?
/workable-vs-breezy-hr-for-scaleups/,Workable vs Breezy for Scaleups (2026): Growth Plans & Feature Set,Workable vs Breezy: Which ATS Tool Wins for Scaleups?
/workable-vs-breezy-hr-for-startups/,"Workable vs Breezy for Startups (2026): Pricing, Features & Onboarding",Workable vs Breezy: Which ATS Tool Wins for Startups?
/workable-vs-breezy-hr/,Workable vs Breezy (ATS 2026): Hiring Features & Pricing,Workable vs Breezy Review: Global ATS Breakdown
/workable-vs-greenhouse-for-agencies/,Redirecting to: /greenhouse-vs-workable-for-agencies/,
/workable-vs-greenhouse-for-enterprise/,Redirecting to: /greenhouse-vs-workable-for-enterprise/,
/workable-vs-greenhouse-for-remote-teams/,Redirecting to: /greenhouse-vs-workable-for-remote-teams/,
/workable-vs-greenhouse-for-scaleups/,Redirecting to: /greenhouse-vs-workable-for-scaleups/,
/workable-vs-greenhouse-for-startups/,Redirecting to: /greenhouse-vs-workable-for-startups/,
/workable-vs-greenhouse/,Redirecting to: /greenhouse-vs-workable/,
/workable-vs-jazzhr-for-agencies/,Workable vs JazzHR for Agencies (2026): Client Management & Billing,Workable vs JazzHR: Which ATS Tool Wins for Agencies?
/workable-vs-jazzhr-for-enterprise/,"Workable vs JazzHR for Enterprise (2026): Security, Scale & Pricing",Workable vs JazzHR: Which ATS Tool Wins for Enterprise?
/workable-vs-jazzhr-for-remote-teams/,Workable vs JazzHR for Remote Teams (2026): Async Workflows & Compliance,Workable vs JazzHR: Which ATS Tool Wins for Remote Teams?
/workable-vs-jazzhr-for-scaleups/,Workable vs JazzHR for Scaleups (2026): Growth Plans & Feature Set,Workable vs JazzHR: Which ATS Tool Wins for Scaleups?
/workable-vs-jazzhr-for-startups/,"Workable vs JazzHR for Startups (2026): Pricing, Features & Onboarding",Workable vs JazzHR: Which ATS Tool Wins for Startups?
/workable-vs-jazzhr/,Workable vs JazzHR (ATS 2026): Hiring Features & Pricing,Workable vs JazzHR Review: Global ATS Breakdown
/workable-vs-lever-for-agencies/,Redirecting to: /lever-vs-workable-for-agencies/,
/workable-vs-lever-for-enterprise/,Redirecting to: /lever-vs-workable-for-enterprise/,
/workable-vs-lever-for-remote-teams/,Redirecting to: /lever-vs-workable-for-remote-teams/,
/workable-vs-lever-for-scaleups/,Redirecting to: /lever-vs-workable-for-scaleups/,
/workable-vs-lever-for-startups/,Redirecting to: /lever-vs-workable-for-startups/,
/workable-vs-lever/,Redirecting to: /lever-vs-workable/,
/workable-vs-recruitee-for-agencies/,Workable vs Recruitee for Agencies (2026): Client Management & Billing,Workable vs Recruitee: Which ATS Tool Wins for Agencies?
/workable-vs-recruitee-for-enterprise/,"Workable vs Recruitee for Enterprise (2026): Security, Scale & Pricing",Workable vs Recruitee: Which ATS Tool Wins for Enterprise?
/workable-vs-recruitee-for-remote-teams/,Workable vs Recruitee for Remote Teams: Async Workflows & Compliance,Workable vs Recruitee: Which ATS Tool Wins for Remote Teams?
/workable-vs-recruitee-for-scaleups/,Workable vs Recruitee for Scaleups (2026): Growth Plans & Feature Set,Workable vs Recruitee: Which ATS Tool Wins for Scaleups?
/workable-vs-recruitee-for-startups/,"Workable vs Recruitee for Startups: Pricing, Features & Onboarding",Workable vs Recruitee: Which ATS Tool Wins for Startups?
/workable-vs-recruitee/,Workable vs Recruitee (ATS 2026): Hiring Features & Pricing,Workable vs Recruitee Review: Global ATS Breakdown
